{"type":"FeatureCollection","goldfinder":{"schema_version":1},"features":[{"type":"Feature","geometry":{"type":"Polygon","coordinates":[[[114.25,-29.0],[114.5,-29.0],[114.5,-28.75],[114.25,-28.75],[114.25,-29.0]]]},"properties":{"cell":"457_-116","r7":3.7,"r14":14.1,"rmax24":2.7}},{"type":"Feature","geometry":{"type":"Polygon","coordinates":[[[114.25,-28.75],[114.5,-28.75],[114.5,-28.5],[114.25,-28.5],[114.25,-28.75]]]},"properties":{"cell":"457_-115","r7":2.0,"r14":12.7,"rmax24":1.5}},{"type":"Feature","geometry":{"type":"Polygon","coordinates":[[[114.25,-28.5],[114.5,-28.5],[114.5,-28.25],[114.25,-28.25],[114.25,-28.5]]]},"properties":{"cell":"457_-114","r7":5.1,"r14":19.0,"rmax24":5.0}},{"type":"Feature","geometry":{"type":"Polygon","coordinates":[[[114.5,-29.0],[114.75,-29.0],[114.75,-28.75],[114.5,-28.75],[114.5,-29.0]]]},"properties":{"cell":"458_-116","r7":5.8,"r14":20.1,"rmax24":5.5}},{"type":"Feature","geometry":{"type":"Polygon","coordinates":[[[114.5,-28.75],[114.75,-28.75],[114.75,-28.5],[114.5,-28.5],[114.5,-28.75]]]},"properties":{"cell":"458_-115","r7":6.8,"r14":18.5,"rmax24":6.8}},{"type":"Feature","geometry":{"type":"Polygon","coordinates":[[[114.5,-28.5],[114.75,-28.5],[114.75,-28.25],[114.5,-28.25],[114.5,-28.5]]]},"properties":{"cell":"458_-114","r7":3.2,"r14":18.0,"rmax24":3.1}},{"type":"Feature","geometry":{"type":"Polygon","coordinates":[[[114.75,-29.0],[115.0,-29.0],[115.0,-28.75],[114.75,-28.75],[114.75,-29.0]]]},"properties":{"cell":"459_-116","r7":5.2,"r14":17.7,"rmax24":4.6}},{"type":"Feature","geometry":{"type":"Polygon","coordinates":[[[114.75,-28.75],[115.0,-28.75],[115.0,-28.5],[114.75,-28.5],[114.75,-28.75]]]},"properties":{"cell":"459_-115","r7":4.5,"r14":15.9,"rmax24":4.3}},{"type":"Feature","geometry":{"type":"Polygon","coordinates":[[[114.75,-28.5],[115.0,-28.5],[115.0,-28.25],[114.75,-28.25],[114.75,-28.5]]]},"properties":{"cell":"459_-114","r7":2.1,"r14":12.7,"rmax24":2.1}},{"type":"Feature","geometry":{"type":"Polygon","coordinates":[[[115.25,-24.25],[115.5,-24.25],[115.5,-24.0],[115.25,-24.0],[115.25,-24.25]]]},"properties":{"cell":"461_-97","r7":3.8,"r14":5.3,"rmax24":2.3}},{"type":"Feature","geometry":{"type":"Polygon","coordinates":[[[115.25,-24.0],[115.5,-24.0],[115.5,-23.75],[115.25,-23.75],[115.25,-24.0]]]},"properties":{"cell":"461_-96","r7":1.6,"r14":4.2,"rmax24":1.1}},{"type":"Feature","geometry":{"type":"Polygon","coordinates":[[[115.25,-23.75],[115.5,-23.75],[115.5,-23.5],[115.25,-23.5],[115.25,-23.75]]]},"properties":{"cell":"461_-95","r7":0.8,"r14":3.5,"rmax24":0.3}},{"type":"Feature","geometry":{"type":"Polygon","coordinates":[[[115.5,-28.5],[115.75,-28.5],[115.75,-28.25],[115.5,-28.25],[115.5,-28.5]]]},"properties":{"cell":"462_-114","r7":1.1,"r14":6.5,"rmax24":0.8}},{"type":"Feature","geometry":{"type":"Polygon","coordinates":[[[115.5,-28.25],[115.75,-28.25],[115.75,-28.0],[115.5,-28.0],[115.5,-28.25]]]},"properties":{"cell":"462_-113","r7":1.3,"r14":5.0,"rmax24":1.2}},{"type":"Feature","geometry":{"type":"Polygon","coordinates":[[[115.5,-28.0],[115.75,-28.0],[115.75,-27.75],[115.5,-27.75],[115.5,-28.0]]]},"properties":{"cell":"462_-112","r7":1.4,"r14":4.0,"rmax24":1.0}},{"type":"Feature","geometry":{"type":"Polygon","coordinates":[[[115.5,-27.75],[115.75,-27.75],[115.75,-27.5],[115.5,-27.5],[115.5,-27.75]]]},"properties":{"cell":"462_-111","r7":0.2,"r14":2.1,"rmax24":0.1}},{"type":"Feature","geometry":{"type":"Polygon","coordinates":[[[115.5,-24.25],[115.75,-24.25],[115.75,-24.0],[115.5,-24.0],[115.5,-24.25]]]},"properties":{"cell":"462_-97","r7":2.3,"r14":3.3,"rmax24":1.8}},{"type":"Feature","geometry":{"type":"Polygon","coordinates":[[[115.5,-24.0],[115.75,-24.0],[115.75,-23.75],[115.5,-23.75],[115.5,-24.0]]]},"properties":{"cell":"462_-96","r7":0.8,"r14":2.4,"rmax24":0.6}},{"type":"Feature","geometry":{"type":"Polygon","coordinates":[[[115.5,-23.75],[115.75,-23.75],[115.75,-23.5],[115.5,-23.5],[115.5,-23.75]]]},"properties":{"cell":"462_-95","r7":0.6,"r14":3.4,"rmax24":0.4}},{"type":"Feature","geometry":{"type":"Polygon","coordinates":[[[115.75,-32.0],[116.0,-32.0],[116.0,-31.75],[115.75,-31.75],[115.75,-32.0]]]},"properties":{"cell":"463_-128","r7":9.4,"r14":71.4,"rmax24":9.0}},{"type":"Feature","geometry":{"type":"Polygon","coordinates":[[[115.75,-31.75],[116.0,-31.75],[116.0,-31.5],[115.75,-31.5],[115.75,-31.75]]]},"properties":{"cell":"463_-127","r7":8.7,"r14":69.6,"rmax24":7.1}},{"type":"Feature","geometry":{"type":"Polygon","coordinates":[[[115.75,-31.5],[116.0,-31.5],[116.0,-31.25],[115.75,-31.25],[115.75,-31.5]]]},"properties":{"cell":"463_-126","r7":4.0,"r14":50.3,"rmax24":3.5}},{"type":"Feature","geometry":{"type":"Polygon","coordinates":[[[115.75,-28.5],[116.0,-28.5],[116.0,-28.25],[115.75,-28.25],[115.75,-28.5]]]},"properties":{"cell":"463_-114","r7":1.1,"r14":4.8,"rmax24":0.9}},{"type":"Feature","geometry":{"type":"Polygon","coordinates":[[[115.75,-28.25],[116.0,-28.25],[116.0,-28.0],[115.75,-28.0],[115.75,-28.25]]]},"properties":{"cell":"463_-113","r7":1.3,"r14":3.9,"rmax24":1.2}},{"type":"Feature","geometry":{"type":"Polygon","coordinates":[[[115.75,-28.0],[116.0,-28.0],[116.0,-27.75],[115.75,-27.75],[115.75,-28.0]]]},"properties":{"cell":"463_-112","r7":1.2,"r14":3.7,"rmax24":0.9}},{"type":"Feature","geometry":{"type":"Polygon","coordinates":[[[115.75,-27.75],[116.0,-27.75],[116.0,-27.5],[115.75,-27.5],[115.75,-27.75]]]},"properties":{"cell":"463_-111","r7":0.3,"r14":2.3,"rmax24":0.3}},{"type":"Feature","geometry":{"type":"Polygon","coordinates":[[[115.75,-25.75],[116.0,-25.75],[116.0,-25.5],[115.75,-25.5],[115.75,-25.75]]]},"properties":{"cell":"463_-103","r7":17.0,"r14":18.1,"rmax24":14.3}},{"type":"Feature","geometry":{"type":"Polygon","coordinates":[[[115.75,-25.5],[116.0,-25.5],[116.0,-25.25],[115.75,-25.25],[115.75,-25.5]]]},"properties":{"cell":"463_-102","r7":24.9,"r14":25.5,"rmax24":23.5}},{"type":"Feature","geometry":{"type":"Polygon","coordinates":[[[115.75,-25.25],[116.0,-25.25],[116.0,-25.0],[115.75,-25.0],[115.75,-25.25]]]},"properties":{"cell":"463_-101","r7":26.4,"r14":27.4,"rmax24":24.3}},{"type":"Feature","geometry":{"type":"Polygon","coordinates":[[[115.75,-24.25],[116.0,-24.25],[116.0,-24.0],[115.75,-24.0],[115.75,-24.25]]]},"properties":{"cell":"463_-97","r7":1.8,"r14":2.5,"rmax24":1.6}},{"type":"Feature","geometry":{"type":"Polygon","coordinates":[[[115.75,-24.0],[116.0,-24.0],[116.0,-23.75],[115.75,-23.75],[115.75,-24.0]]]},"properties":{"cell":"463_-96","r7":1.6,"r14":3.5,"rmax24":1.1}},{"type":"Feature","geometry":{"type":"Polygon","coordinates":[[[115.75,-23.75],[116.0,-23.75],[116.0,-23.5],[115.75,-23.5],[115.75,-23.75]]]},"properties":{"cell":"463_-95","r7":0.0,"r14":2.1,"rmax24":0.0}},{"type":"Feature","geometry":{"type":"Polygon","coordinates":[[[115.75,-23.25],[116.0,-23.25],[116.0,-23.0],[115.75,-23.0],[115.75,-23.25]]]},"properties":{"cell":"463_-93","r7":0.1,"r14":1.8,"rmax24":0.1}},{"type":"Feature","geometry":{"type":"Polygon","coordinates":[[[115.75,-23.0],[116.0,-23.0],[116.0,-22.75],[115.75,-22.75],[115.75,-23.0]]]},"properties":{"cell":"463_-92","r7":0.8,"r14":1.0,"rmax24":0.8}},{"type":"Feature","geometry":{"type":"Polygon","coordinates":[[[115.75,-22.75],[116.0,-22.75],[116.0,-22.5],[115.75,-22.5],[115.75,-22.75]]]},"properties":{"cell":"463_-91","r7":1.0,"r14":1.0,"rmax24":1.0}},{"type":"Feature","geometry":{"type":"Polygon","coordinates":[[[115.75,-22.5],[116.0,-22.5],[116.0,-22.25],[115.75,-22.25],[115.75,-22.5]]]},"properties":{"cell":"463_-90","r7":3.7,"r14":3.9,"rmax24":3.7}},{"type":"Feature","geometry":{"type":"Polygon","coordinates":[[[116.0,-33.25],[116.25,-33.25],[116.25,-33.0],[116.0,-33.0],[116.0,-33.25]]]},"properties":{"cell":"464_-133","r7":17.0,"r14":64.0,"rmax24":13.6}},{"type":"Feature","geometry":{"type":"Polygon","coordinates":[[[116.0,-33.0],[116.25,-33.0],[116.25,-32.75],[116.0,-32.75],[116.0,-33.0]]]},"properties":{"cell":"464_-132","r7":14.0,"r14":56.6,"rmax24":11.0}},{"type":"Feature","geometry":{"type":"Polygon","coordinates":[[[116.0,-32.75],[116.25,-32.75],[116.25,-32.5],[116.0,-32.5],[116.0,-32.75]]]},"properties":{"cell":"464_-131","r7":11.1,"r14":52.3,"rmax24":9.7}},{"type":"Feature","geometry":{"type":"Polygon","coordinates":[[[116.0,-32.5],[116.25,-32.5],[116.25,-32.25],[116.0,-32.25],[116.0,-32.5]]]},"properties":{"cell":"464_-130","r7":13.0,"r14":68.1,"rmax24":12.0}},{"type":"Feature","geometry":{"type":"Polygon","coordinates":[[[116.0,-32.0],[116.25,-32.0],[116.25,-31.75],[116.0,-31.75],[116.0,-32.0]]]},"properties":{"cell":"464_-128","r7":8.1,"r14":54.9,"rmax24":7.3}},{"type":"Feature","geometry":{"type":"Polygon","coordinates":[[[116.0,-31.75],[116.25,-31.75],[116.25,-31.5],[116.0,-31.5],[116.0,-31.75]]]},"properties":{"cell":"464_-127","r7":8.9,"r14":56.4,"rmax24":7.9}},{"type":"Feature","geometry":{"type":"Polygon","coordinates":[[[116.0,-31.5],[116.25,-31.5],[116.25,-31.25],[116.0,-31.25],[116.0,-31.5]]]},"properties":{"cell":"464_-126","r7":5.9,"r14":48.9,"rmax24":5.5}},{"type":"Feature","geometry":{"type":"Polygon","coordinates":[[[116.0,-29.25],[116.25,-29.25],[116.25,-29.0],[116.0,-29.0],[116.0,-29.25]]]},"properties":{"cell":"464_-117","r7":1.9,"r14":8.8,"rmax24":1.9}},{"type":"Feature","geometry":{"type":"Polygon","coordinates":[[[116.0,-29.0],[116.25,-29.0],[116.25,-28.75],[116.0,-28.75],[116.0,-29.0]]]},"properties":{"cell":"464_-116","r7":1.4,"r14":7.2,"rmax24":1.3}},{"type":"Feature","geometry":{"type":"Polygon","coordinates":[[[116.0,-28.75],[116.25,-28.75],[116.25,-28.5],[116.0,-28.5],[116.0,-28.75]]]},"properties":{"cell":"464_-115","r7":0.9,"r14":5.7,"rmax24":0.7}},{"type":"Feature","geometry":{"type":"Polygon","coordinates":[[[116.0,-28.5],[116.25,-28.5],[116.25,-28.25],[116.0,-28.25],[116.0,-28.5]]]},"properties":{"cell":"464_-114","r7":0.6,"r14":4.8,"rmax24":0.5}},{"type":"Feature","geometry":{"type":"Polygon","coordinates":[[[116.0,-28.25],[116.25,-28.25],[116.25,-28.0],[116.0,-28.0],[116.0,-28.25]]]},"properties":{"cell":"464_-113","r7":0.3,"r14":3.8,"rmax24":0.2}},{"type":"Feature","geometry":{"type":"Polygon","coordinates":[[[116.0,-28.0],[116.25,-28.0],[116.25,-27.75],[116.0,-27.75],[116.0,-28.0]]]},"properties":{"cell":"464_-112","r7":0.7,"r14":4.1,"rmax24":0.4}},{"type":"Feature","geometry":{"type":"Polygon","coordinates":[[[116.0,-27.75],[116.25,-27.75],[116.25,-27.5],[116.0,-27.5],[116.0,-27.75]]]},"properties":{"cell":"464_-111","r7":0.5,"r14":2.9,"rmax24":0.3}},{"type":"Feature","geometry":{"type":"Polygon","coordinates":[[[116.0,-25.75],[116.25,-25.75],[116.25,-25.5],[116.0,-25.5],[116.0,-25.75]]]},"properties":{"cell":"464_-103","r7":17.5,"r14":18.7,"rmax24":15.5}},{"type":"Feature","geometry":{"type":"Polygon","coordinates":[[[116.0,-25.5],[116.25,-25.5],[116.25,-25.25],[116.0,-25.25],[116.0,-25.5]]]},"properties":{"cell":"464_-102","r7":22.8,"r14":23.5,"rmax24":21.3}},{"type":"Feature","geometry":{"type":"Polygon","coordinates":[[[116.0,-25.25],[116.25,-25.25],[116.25,-25.0],[116.0,-25.0],[116.0,-25.25]]]},"properties":{"cell":"464_-101","r7":24.5,"r14":25.6,"rmax24":22.0}},{"type":"Feature","geometry":{"type":"Polygon","coordinates":[[[116.0,-23.25],[116.25,-23.25],[116.25,-23.0],[116.0,-23.0],[116.0,-23.25]]]},"properties":{"cell":"464_-93","r7":0.4,"r14":1.9,"rmax24":0.4}},{"type":"Feature","geometry":{"type":"Polygon","coordinates":[[[116.0,-23.0],[116.25,-23.0],[116.25,-22.75],[116.0,-22.75],[116.0,-23.0]]]},"properties":{"cell":"464_-92","r7":1.1,"r14":1.4,"rmax24":1.1}},{"type":"Feature","geometry":{"type":"Polygon","coordinates":[[[116.0,-22.75],[116.25,-22.75],[116.25,-22.5],[116.0,-22.5],[116.0,-22.75]]]},"properties":{"cell":"464_-91","r7":2.1,"r14":2.4,"rmax24":2.1}},{"type":"Feature","geometry":{"type":"Polygon","coordinates":[[[116.0,-22.5],[116.25,-22.5],[116.25,-22.25],[116.0,-22.25],[116.0,-22.5]]]},"properties":{"cell":"464_-90","r7":2.2,"r14":2.4,"rmax24":2.2}},{"type":"Feature","geometry":{"type":"Polygon","coordinates":[[[116.25,-33.25],[116.5,-33.25],[116.5,-33.0],[116.25,-33.0],[116.25,-33.25]]]},"properties":{"cell":"465_-133","r7":9.1,"r14":43.0,"rmax24":7.8}},{"type":"Feature","geometry":{"type":"Polygon","coordinates":[[[116.25,-33.0],[116.5,-33.0],[116.5,-32.75],[116.25,-32.75],[116.25,-33.0]]]},"properties":{"cell":"465_-132","r7":6.5,"r14":41.7,"rmax24":6.2}},{"type":"Feature","geometry":{"type":"Polygon","coordinates":[[[116.25,-32.75],[116.5,-32.75],[116.5,-32.5],[116.25,-32.5],[116.25,-32.75]]]},"properties":{"cell":"465_-131","r7":6.9,"r14":39.9,"rmax24":6.5}},{"type":"Feature","geometry":{"type":"Polygon","coordinates":[[[116.25,-32.5],[116.5,-32.5],[116.5,-32.25],[116.25,-32.25],[116.25,-32.5]]]},"properties":{"cell":"465_-130","r7":10.4,"r14":50.1,"rmax24":9.9}},{"type":"Feature","geometry":{"type":"Polygon","coordinates":[[[116.25,-32.0],[116.5,-32.0],[116.5,-31.75],[116.25,-31.75],[116.25,-32.0]]]},"properties":{"cell":"465_-128","r7":4.7,"r14":36.5,"rmax24":4.0}},{"type":"Feature","geometry":{"type":"Polygon","coordinates":[[[116.25,-31.75],[116.5,-31.75],[116.5,-31.5],[116.25,-31.5],[116.25,-31.75]]]},"properties":{"cell":"465_-127","r7":7.2,"r14":32.9,"rmax24":7.1}},{"type":"Feature","geometry":{"type":"Polygon","coordinates":[[[116.25,-31.5],[116.5,-31.5],[116.5,-31.25],[116.25,-31.25],[116.25,-31.5]]]},"properties":{"cell":"465_-126","r7":7.6,"r14":34.8,"rmax24":7.3}},{"type":"Feature","geometry":{"type":"Polygon","coordinates":[[[116.25,-31.25],[116.5,-31.25],[116.5,-31.0],[116.25,-31.0],[116.25,-31.25]]]},"properties":{"cell":"465_-125","r7":5.1,"r14":28.4,"rmax24":5.0}},{"type":"Feature","geometry":{"type":"Polygon","coordinates":[[[116.25,-31.0],[116.5,-31.0],[116.5,-30.75],[116.25,-30.75],[116.25,-31.0]]]},"properties":{"cell":"465_-124","r7":3.0,"r14":26.8,"rmax24":3.0}},{"type":"Feature","geometry":{"type":"Polygon","coordinates":[[[116.25,-30.75],[116.5,-30.75],[116.5,-30.5],[116.25,-30.5],[116.25,-30.75]]]},"properties":{"cell":"465_-123","r7":2.5,"r14":19.7,"rmax24":2.5}},{"type":"Feature","geometry":{"type":"Polygon","coordinates":[[[116.25,-29.25],[116.5,-29.25],[116.5,-29.0],[116.25,-29.0],[116.25,-29.25]]]},"properties":{"cell":"465_-117","r7":1.6,"r14":7.9,"rmax24":1.5}},{"type":"Feature","geometry":{"type":"Polygon","coordinates":[[[116.25,-29.0],[116.5,-29.0],[116.5,-28.75],[116.25,-28.75],[116.25,-29.0]]]},"properties":{"cell":"465_-116","r7":2.5,"r14":6.7,"rmax24":2.3}},{"type":"Feature","geometry":{"type":"Polygon","coordinates":[[[116.25,-28.75],[116.5,-28.75],[116.5,-28.5],[116.25,-28.5],[116.25,-28.75]]]},"properties":{"cell":"465_-115","r7":0.4,"r14":3.7,"rmax24":0.3}},{"type":"Feature","geometry":{"type":"Polygon","coordinates":[[[116.25,-28.5],[116.5,-28.5],[116.5,-28.25],[116.25,-28.25],[116.25,-28.5]]]},"properties":{"cell":"465_-114","r7":0.1,"r14":3.3,"rmax24":0.1}},{"type":"Feature","geometry":{"type":"Polygon","coordinates":[[[116.25,-28.25],[116.5,-28.25],[116.5,-28.0],[116.25,-28.0],[116.25,-28.25]]]},"properties":{"cell":"465_-113","r7":0.2,"r14":3.2,"rmax24":0.1}},{"type":"Feature","geometry":{"type":"Polygon","coordinates":[[[116.25,-28.0],[116.5,-28.0],[116.5,-27.75],[116.25,-27.75],[116.25,-28.0]]]},"properties":{"cell":"465_-112","r7":0.3,"r14":4.3,"rmax24":0.2}},{"type":"Feature","geometry":{"type":"Polygon","coordinates":[[[116.25,-27.75],[116.5,-27.75],[116.5,-27.5],[116.25,-27.5],[116.25,-27.75]]]},"properties":{"cell":"465_-111","r7":0.3,"r14":3.4,"rmax24":0.2}},{"type":"Feature","geometry":{"type":"Polygon","coordinates":[[[116.25,-25.75],[116.5,-25.75],[116.5,-25.5],[116.25,-25.5],[116.25,-25.75]]]},"properties":{"cell":"465_-103","r7":14.4,"r14":16.1,"rmax24":12.4}},{"type":"Feature","geometry":{"type":"Polygon","coordinates":[[[116.25,-25.5],[116.5,-25.5],[116.5,-25.25],[116.25,-25.25],[116.25,-25.5]]]},"properties":{"cell":"465_-102","r7":21.7,"r14":22.9,"rmax24":19.8}},{"type":"Feature","geometry":{"type":"Polygon","coordinates":[[[116.25,-25.25],[116.5,-25.25],[116.5,-25.0],[116.25,-25.0],[116.25,-25.25]]]},"properties":{"cell":"465_-101","r7":17.6,"r14":19.0,"rmax24":14.5}},{"type":"Feature","geometry":{"type":"Polygon","coordinates":[[[116.25,-23.25],[116.5,-23.25],[116.5,-23.0],[116.25,-23.0],[116.25,-23.25]]]},"properties":{"cell":"465_-93","r7":0.6,"r14":1.3,"rmax24":0.6}},{"type":"Feature","geometry":{"type":"Polygon","coordinates":[[[116.25,-22.75],[116.5,-22.75],[116.5,-22.5],[116.25,-22.5],[116.25,-22.75]]]},"properties":{"cell":"465_-91","r7":2.6,"r14":2.6,"rmax24":2.6}},{"type":"Feature","geometry":{"type":"Polygon","coordinates":[[[116.25,-22.25],[116.5,-22.25],[116.5,-22.0],[116.25,-22.0],[116.25,-22.25]]]},"properties":{"cell":"465_-89","r7":0.6,"r14":0.6,"rmax24":0.6}},{"type":"Feature","geometry":{"type":"Polygon","coordinates":[[[116.5,-33.25],[116.75,-33.25],[116.75,-33.0],[116.5,-33.0],[116.5,-33.25]]]},"properties":{"cell":"466_-133","r7":8.2,"r14":31.4,"rmax24":7.4}},{"type":"Feature","geometry":{"type":"Polygon","coordinates":[[[116.5,-33.0],[116.75,-33.0],[116.75,-32.75],[116.5,-32.75],[116.5,-33.0]]]},"properties":{"cell":"466_-132","r7":5.6,"r14":27.9,"rmax24":5.2}},{"type":"Feature","geometry":{"type":"Polygon","coordinates":[[[116.5,-32.75],[116.75,-32.75],[116.75,-32.5],[116.5,-32.5],[116.5,-32.75]]]},"properties":{"cell":"466_-131","r7":5.5,"r14":34.6,"rmax24":5.3}},{"type":"Feature","geometry":{"type":"Polygon","coordinates":[[[116.5,-32.5],[116.75,-32.5],[116.75,-32.25],[116.5,-32.25],[116.5,-32.5]]]},"properties":{"cell":"466_-130","r7":5.4,"r14":31.8,"rmax24":5.1}},{"type":"Feature","geometry":{"type":"Polygon","coordinates":[[[116.5,-31.5],[116.75,-31.5],[116.75,-31.25],[116.5,-31.25],[116.5,-31.5]]]},"properties":{"cell":"466_-126","r7":4.4,"r14":29.2,"rmax24":4.3}},{"type":"Feature","geometry":{"type":"Polygon","coordinates":[[[116.5,-31.25],[116.75,-31.25],[116.75,-31.0],[116.5,-31.0],[116.5,-31.25]]]},"properties":{"cell":"466_-125","r7":3.5,"r14":26.7,"rmax24":3.4}},{"type":"Feature","geometry":{"type":"Polygon","coordinates":[[[116.5,-31.0],[116.75,-31.0],[116.75,-30.75],[116.5,-30.75],[116.5,-31.0]]]},"properties":{"cell":"466_-124","r7":2.6,"r14":22.2,"rmax24":2.6}},{"type":"Feature","geometry":{"type":"Polygon","coordinates":[[[116.5,-30.75],[116.75,-30.75],[116.75,-30.5],[116.5,-30.5],[116.5,-30.75]]]},"properties":{"cell":"466_-123","r7":1.6,"r14":17.8,"rmax24":1.6}},{"type":"Feature","geometry":{"type":"Polygon","coordinates":[[[116.5,-29.75],[116.75,-29.75],[116.75,-29.5],[116.5,-29.5],[116.5,-29.75]]]},"properties":{"cell":"466_-119","r7":2.1,"r14":10.1,"rmax24":2.1}},{"type":"Feature","geometry":{"type":"Polygon","coordinates":[[[116.5,-29.5],[116.75,-29.5],[116.75,-29.25],[116.5,-29.25],[116.5,-29.5]]]},"properties":{"cell":"466_-118","r7":1.7,"r14":7.6,"rmax24":1.6}},{"type":"Feature","geometry":{"type":"Polygon","coordinates":[[[116.5,-29.25],[116.75,-29.25],[116.75,-29.0],[116.5,-29.0],[116.5,-29.25]]]},"properties":{"cell":"466_-117","r7":1.4,"r14":13.5,"rmax24":1.3}},{"type":"Feature","geometry":{"type":"Polygon","coordinates":[[[116.5,-29.0],[116.75,-29.0],[116.75,-28.75],[116.5,-28.75],[116.5,-29.0]]]},"properties":{"cell":"466_-116","r7":1.3,"r14":5.5,"rmax24":1.2}},{"type":"Feature","geometry":{"type":"Polygon","coordinates":[[[116.5,-28.75],[116.75,-28.75],[116.75,-28.5],[116.5,-28.5],[116.5,-28.75]]]},"properties":{"cell":"466_-115","r7":0.6,"r14":3.8,"rmax24":0.5}},{"type":"Feature","geometry":{"type":"Polygon","coordinates":[[[116.5,-28.5],[116.75,-28.5],[116.75,-28.25],[116.5,-28.25],[116.5,-28.5]]]},"properties":{"cell":"466_-114","r7":0.4,"r14":2.5,"rmax24":0.2}},{"type":"Feature","geometry":{"type":"Polygon","coordinates":[[[116.5,-28.25],[116.75,-28.25],[116.75,-28.0],[116.5,-28.0],[116.5,-28.25]]]},"properties":{"cell":"466_-113","r7":0.3,"r14":4.6,"rmax24":0.2}},{"type":"Feature","geometry":{"type":"Polygon","coordinates":[[[116.5,-28.0],[116.75,-28.0],[116.75,-27.75],[116.5,-27.75],[116.5,-28.0]]]},"properties":{"cell":"466_-112","r7":0.1,"r14":3.3,"rmax24":0.1}},{"type":"Feature","geometry":{"type":"Polygon","coordinates":[[[116.5,-23.25],[116.75,-23.25],[116.75,-23.0],[116.5,-23.0],[116.5,-23.25]]]},"properties":{"cell":"466_-93","r7":0.5,"r14":1.2,"rmax24":0.5}},{"type":"Feature","geometry":{"type":"Polygon","coordinates":[[[116.5,-23.0],[116.75,-23.0],[116.75,-22.75],[116.5,-22.75],[116.5,-23.0]]]},"properties":{"cell":"466_-92","r7":0.7,"r14":0.8,"rmax24":0.7}},{"type":"Feature","geometry":{"type":"Polygon","coordinates":[[[116.5,-22.75],[116.75,-22.75],[116.75,-22.5],[116.5,-22.5],[116.5,-22.75]]]},"properties":{"cell":"466_-91","r7":1.2,"r14":1.4,"rmax24":1.2}},{"type":"Feature","geometry":{"type":"Polygon","coordinates":[[[116.75,-31.5],[117.0,-31.5],[117.0,-31.25],[116.75,-31.25],[116.75,-31.5]]]},"properties":{"cell":"467_-126","r7":3.3,"r14":28.3,"rmax24":3.3}},{"type":"Feature","geometry":{"type":"Polygon","coordinates":[[[116.75,-31.25],[117.0,-31.25],[117.0,-31.0],[116.75,-31.0],[116.75,-31.25]]]},"properties":{"cell":"467_-125","r7":3.6,"r14":23.4,"rmax24":3.6}},{"type":"Feature","geometry":{"type":"Polygon","coordinates":[[[116.75,-31.0],[117.0,-31.0],[117.0,-30.75],[116.75,-30.75],[116.75,-31.0]]]},"properties":{"cell":"467_-124","r7":2.4,"r14":21.8,"rmax24":2.4}},{"type":"Feature","geometry":{"type":"Polygon","coordinates":[[[116.75,-30.75],[117.0,-30.75],[117.0,-30.5],[116.75,-30.5],[116.75,-30.75]]]},"properties":{"cell":"467_-123","r7":1.0,"r14":15.9,"rmax24":1.0}},{"type":"Feature","geometry":{"type":"Polygon","coordinates":[[[116.75,-30.25],[117.0,-30.25],[117.0,-30.0],[116.75,-30.0],[116.75,-30.25]]]},"properties":{"cell":"467_-121","r7":0.9,"r14":11.4,"rmax24":0.9}},{"type":"Feature","geometry":{"type":"Polygon","coordinates":[[[116.75,-30.0],[117.0,-30.0],[117.0,-29.75],[116.75,-29.75],[116.75,-30.0]]]},"properties":{"cell":"467_-120","r7":0.8,"r14":10.2,"rmax24":0.8}},{"type":"Feature","geometry":{"type":"Polygon","coordinates":[[[116.75,-29.75],[117.0,-29.75],[117.0,-29.5],[116.75,-29.5],[116.75,-29.75]]]},"properties":{"cell":"467_-119","r7":2.2,"r14":8.9,"rmax24":2.1}},{"type":"Feature","geometry":{"type":"Polygon","coordinates":[[[116.75,-29.5],[117.0,-29.5],[117.0,-29.25],[116.75,-29.25],[116.75,-29.5]]]},"properties":{"cell":"467_-118","r7":2.9,"r14":13.3,"rmax24":2.8}},{"type":"Feature","geometry":{"type":"Polygon","coordinates":[[[116.75,-29.25],[117.0,-29.25],[117.0,-29.0],[116.75,-29.0],[116.75,-29.25]]]},"properties":{"cell":"467_-117","r7":1.3,"r14":10.5,"rmax24":1.0}},{"type":"Feature","geometry":{"type":"Polygon","coordinates":[[[116.75,-29.0],[117.0,-29.0],[117.0,-28.75],[116.75,-28.75],[116.75,-29.0]]]},"properties":{"cell":"467_-116","r7":0.7,"r14":4.8,"rmax24":0.7}},{"type":"Feature","geometry":{"type":"Polygon","coordinates":[[[116.75,-28.75],[117.0,-28.75],[117.0,-28.5],[116.75,-28.5],[116.75,-28.75]]]},"properties":{"cell":"467_-115","r7":0.7,"r14":3.3,"rmax24":0.5}},{"type":"Feature","geometry":{"type":"Polygon","coordinates":[[[116.75,-28.5],[117.0,-28.5],[117.0,-28.25],[116.75,-28.25],[116.75,-28.5]]]},"properties":{"cell":"467_-114","r7":0.5,"r14":3.3,"rmax24":0.4}},{"type":"Feature","geometry":{"type":"Polygon","coordinates":[[[116.75,-28.25],[117.0,-28.25],[117.0,-28.0],[116.75,-28.0],[116.75,-28.25]]]},"properties":{"cell":"467_-113","r7":0.0,"r14":5.1,"rmax24":0.0}},{"type":"Feature","geometry":{"type":"Polygon","coordinates":[[[116.75,-28.0],[117.0,-28.0],[117.0,-27.75],[116.75,-27.75],[116.75,-28.0]]]},"properties":{"cell":"467_-112","r7":0.4,"r14":2.9,"rmax24":0.4}},{"type":"Feature","geometry":{"type":"Polygon","coordinates":[[[116.75,-27.75],[117.0,-27.75],[117.0,-27.5],[116.75,-27.5],[116.75,-27.75]]]},"properties":{"cell":"467_-111","r7":0.8,"r14":2.0,"rmax24":0.8}},{"type":"Feature","geometry":{"type":"Polygon","coordinates":[[[116.75,-27.5],[117.0,-27.5],[117.0,-27.25],[116.75,-27.25],[116.75,-27.5]]]},"properties":{"cell":"467_-110","r7":2.0,"r14":3.0,"rmax24":1.6}},{"type":"Feature","geometry":{"type":"Polygon","coordinates":[[[116.75,-23.25],[117.0,-23.25],[117.0,-23.0],[116.75,-23.0],[116.75,-23.25]]]},"properties":{"cell":"467_-93","r7":0.2,"r14":0.6,"rmax24":0.1}},{"type":"Feature","geometry":{"type":"Polygon","coordinates":[[[116.75,-23.0],[117.0,-23.0],[117.0,-22.75],[116.75,-22.75],[116.75,-23.0]]]},"properties":{"cell":"467_-92","r7":0.6,"r14":0.8,"rmax24":0.6}},{"type":"Feature","geometry":{"type":"Polygon","coordinates":[[[117.0,-30.25],[117.25,-30.25],[117.25,-30.0],[117.0,-30.0],[117.0,-30.25]]]},"properties":{"cell":"468_-121","r7":0.7,"r14":12.6,"rmax24":0.7}},{"type":"Feature","geometry":{"type":"Polygon","coordinates":[[[117.0,-30.0],[117.25,-30.0],[117.25,-29.75],[117.0,-29.75],[117.0,-30.0]]]},"properties":{"cell":"468_-120","r7":0.7,"r14":13.3,"rmax24":0.6}},{"type":"Feature","geometry":{"type":"Polygon","coordinates":[[[117.0,-29.75],[117.25,-29.75],[117.25,-29.5],[117.0,-29.5],[117.0,-29.75]]]},"properties":{"cell":"468_-119","r7":1.5,"r14":7.8,"rmax24":1.4}},{"type":"Feature","geometry":{"type":"Polygon","coordinates":[[[117.0,-29.5],[117.25,-29.5],[117.25,-29.25],[117.0,-29.25],[117.0,-29.5]]]},"properties":{"cell":"468_-118","r7":2.0,"r14":8.3,"rmax24":1.8}},{"type":"Feature","geometry":{"type":"Polygon","coordinates":[[[117.0,-29.25],[117.25,-29.25],[117.25,-29.0],[117.0,-29.0],[117.0,-29.25]]]},"properties":{"cell":"468_-117","r7":1.5,"r14":6.8,"rmax24":1.3}},{"type":"Feature","geometry":{"type":"Polygon","coordinates":[[[117.0,-29.0],[117.25,-29.0],[117.25,-28.75],[117.0,-28.75],[117.0,-29.0]]]},"properties":{"cell":"468_-116","r7":0.5,"r14":3.6,"rmax24":0.4}},{"type":"Feature","geometry":{"type":"Polygon","coordinates":[[[117.0,-28.75],[117.25,-28.75],[117.25,-28.5],[117.0,-28.5],[117.0,-28.75]]]},"properties":{"cell":"468_-115","r7":0.4,"r14":3.6,"rmax24":0.2}},{"type":"Feature","geometry":{"type":"Polygon","coordinates":[[[117.0,-28.5],[117.25,-28.5],[117.25,-28.25],[117.0,-28.25],[117.0,-28.5]]]},"properties":{"cell":"468_-114","r7":0.1,"r14":2.6,"rmax24":0.1}},{"type":"Feature","geometry":{"type":"Polygon","coordinates":[[[117.0,-28.25],[117.25,-28.25],[117.25,-28.0],[117.0,-28.0],[117.0,-28.25]]]},"properties":{"cell":"468_-113","r7":0.1,"r14":3.1,"rmax24":0.1}},{"type":"Feature","geometry":{"type":"Polygon","coordinates":[[[117.0,-28.0],[117.25,-28.0],[117.25,-27.75],[117.0,-27.75],[117.0,-28.0]]]},"properties":{"cell":"468_-112","r7":0.4,"r14":2.1,"rmax24":0.3}},{"type":"Feature","geometry":{"type":"Polygon","coordinates":[[[117.0,-27.75],[117.25,-27.75],[117.25,-27.5],[117.0,-27.5],[117.0,-27.75]]]},"properties":{"cell":"468_-111","r7":1.0,"r14":2.3,"rmax24":1.0}},{"type":"Feature","geometry":{"type":"Polygon","coordinates":[[[117.0,-27.5],[117.25,-27.5],[117.25,-27.25],[117.0,-27.25],[117.0,-27.5]]]},"properties":{"cell":"468_-110","r7":1.1,"r14":2.4,"rmax24":0.6}},{"type":"Feature","geometry":{"type":"Polygon","coordinates":[[[117.0,-27.25],[117.25,-27.25],[117.25,-27.0],[117.0,-27.0],[117.0,-27.25]]]},"properties":{"cell":"468_-109","r7":1.8,"r14":2.9,"rmax24":0.9}},{"type":"Feature","geometry":{"type":"Polygon","coordinates":[[[117.0,-27.0],[117.25,-27.0],[117.25,-26.75],[117.0,-26.75],[117.0,-27.0]]]},"properties":{"cell":"468_-108","r7":2.1,"r14":3.0,"rmax24":1.3}},{"type":"Feature","geometry":{"type":"Polygon","coordinates":[[[117.0,-23.0],[117.25,-23.0],[117.25,-22.75],[117.0,-22.75],[117.0,-23.0]]]},"properties":{"cell":"468_-92","r7":0.7,"r14":0.8,"rmax24":0.7}},{"type":"Feature","geometry":{"type":"Polygon","coordinates":[[[117.25,-30.25],[117.5,-30.25],[117.5,-30.0],[117.25,-30.0],[117.25,-30.25]]]},"properties":{"cell":"469_-121","r7":0.6,"r14":13.4,"rmax24":0.6}},{"type":"Feature","geometry":{"type":"Polygon","coordinates":[[[117.25,-30.0],[117.5,-30.0],[117.5,-29.75],[117.25,-29.75],[117.25,-30.0]]]},"properties":{"cell":"469_-120","r7":0.8,"r14":9.7,"rmax24":0.7}},{"type":"Feature","geometry":{"type":"Polygon","coordinates":[[[117.25,-29.75],[117.5,-29.75],[117.5,-29.5],[117.25,-29.5],[117.25,-29.75]]]},"properties":{"cell":"469_-119","r7":1.1,"r14":7.6,"rmax24":1.0}},{"type":"Feature","geometry":{"type":"Polygon","coordinates":[[[117.25,-29.5],[117.5,-29.5],[117.5,-29.25],[117.25,-29.25],[117.25,-29.5]]]},"properties":{"cell":"469_-118","r7":2.0,"r14":8.3,"rmax24":1.8}},{"type":"Feature","geometry":{"type":"Polygon","coordinates":[[[117.25,-29.25],[117.5,-29.25],[117.5,-29.0],[117.25,-29.0],[117.25,-29.25]]]},"properties":{"cell":"469_-117","r7":0.9,"r14":5.7,"rmax24":0.9}},{"type":"Feature","geometry":{"type":"Polygon","coordinates":[[[117.25,-29.0],[117.5,-29.0],[117.5,-28.75],[117.25,-28.75],[117.25,-29.0]]]},"properties":{"cell":"469_-116","r7":0.2,"r14":2.9,"rmax24":0.1}},{"type":"Feature","geometry":{"type":"Polygon","coordinates":[[[117.25,-28.75],[117.5,-28.75],[117.5,-28.5],[117.25,-28.5],[117.25,-28.75]]]},"properties":{"cell":"469_-115","r7":0.2,"r14":3.0,"rmax24":0.1}},{"type":"Feature","geometry":{"type":"Polygon","coordinates":[[[117.25,-28.25],[117.5,-28.25],[117.5,-28.0],[117.25,-28.0],[117.25,-28.25]]]},"properties":{"cell":"469_-113","r7":0.0,"r14":2.1,"rmax24":0.0}},{"type":"Feature","geometry":{"type":"Polygon","coordinates":[[[117.25,-28.0],[117.5,-28.0],[117.5,-27.75],[117.25,-27.75],[117.25,-28.0]]]},"properties":{"cell":"469_-112","r7":0.3,"r14":2.1,"rmax24":0.3}},{"type":"Feature","geometry":{"type":"Polygon","coordinates":[[[117.25,-27.75],[117.5,-27.75],[117.5,-27.5],[117.25,-27.5],[117.25,-27.75]]]},"properties":{"cell":"469_-111","r7":0.4,"r14":1.7,"rmax24":0.4}},{"type":"Feature","geometry":{"type":"Polygon","coordinates":[[[117.25,-27.5],[117.5,-27.5],[117.5,-27.25],[117.25,-27.25],[117.25,-27.5]]]},"properties":{"cell":"469_-110","r7":1.4,"r14":3.3,"rmax24":0.8}},{"type":"Feature","geometry":{"type":"Polygon","coordinates":[[[117.25,-27.25],[117.5,-27.25],[117.5,-27.0],[117.25,-27.0],[117.25,-27.25]]]},"properties":{"cell":"469_-109","r7":2.1,"r14":3.5,"rmax24":1.2}},{"type":"Feature","geometry":{"type":"Polygon","coordinates":[[[117.25,-27.0],[117.5,-27.0],[117.5,-26.75],[117.25,-26.75],[117.25,-27.0]]]},"properties":{"cell":"469_-108","r7":2.9,"r14":3.8,"rmax24":1.7}},{"type":"Feature","geometry":{"type":"Polygon","coordinates":[[[117.25,-26.75],[117.5,-26.75],[117.5,-26.5],[117.25,-26.5],[117.25,-26.75]]]},"properties":{"cell":"469_-107","r7":2.2,"r14":3.1,"rmax24":1.1}},{"type":"Feature","geometry":{"type":"Polygon","coordinates":[[[117.25,-25.25],[117.5,-25.25],[117.5,-25.0],[117.25,-25.0],[117.25,-25.25]]]},"properties":{"cell":"469_-101","r7":10.1,"r14":11.0,"rmax24":9.6}},{"type":"Feature","geometry":{"type":"Polygon","coordinates":[[[117.25,-25.0],[117.5,-25.0],[117.5,-24.75],[117.25,-24.75],[117.25,-25.0]]]},"properties":{"cell":"469_-100","r7":4.6,"r14":5.9,"rmax24":4.6}},{"type":"Feature","geometry":{"type":"Polygon","coordinates":[[[117.25,-24.75],[117.5,-24.75],[117.5,-24.5],[117.25,-24.5],[117.25,-24.75]]]},"properties":{"cell":"469_-99","r7":4.8,"r14":5.2,"rmax24":4.2}},{"type":"Feature","geometry":{"type":"Polygon","coordinates":[[[117.25,-23.75],[117.5,-23.75],[117.5,-23.5],[117.25,-23.5],[117.25,-23.75]]]},"properties":{"cell":"469_-95","r7":2.2,"r14":2.9,"rmax24":2.0}},{"type":"Feature","geometry":{"type":"Polygon","coordinates":[[[117.25,-23.5],[117.5,-23.5],[117.5,-23.25],[117.25,-23.25],[117.25,-23.5]]]},"properties":{"cell":"469_-94","r7":0.1,"r14":1.6,"rmax24":0.1}},{"type":"Feature","geometry":{"type":"Polygon","coordinates":[[[117.25,-23.25],[117.5,-23.25],[117.5,-23.0],[117.25,-23.0],[117.25,-23.25]]]},"properties":{"cell":"469_-93","r7":1.0,"r14":1.1,"rmax24":0.9}},{"type":"Feature","geometry":{"type":"Polygon","coordinates":[[[117.5,-34.0],[117.75,-34.0],[117.75,-33.75],[117.5,-33.75],[117.5,-34.0]]]},"properties":{"cell":"470_-136","r7":5.4,"r14":19.4,"rmax24":4.5}},{"type":"Feature","geometry":{"type":"Polygon","coordinates":[[[117.5,-33.75],[117.75,-33.75],[117.75,-33.5],[117.5,-33.5],[117.5,-33.75]]]},"properties":{"cell":"470_-135","r7":5.4,"r14":20.9,"rmax24":4.8}},{"type":"Feature","geometry":{"type":"Polygon","coordinates":[[[117.5,-33.5],[117.75,-33.5],[117.75,-33.25],[117.5,-33.25],[117.5,-33.5]]]},"properties":{"cell":"470_-134","r7":9.5,"r14":26.4,"rmax24":9.3}},{"type":"Feature","geometry":{"type":"Polygon","coordinates":[[[117.5,-29.75],[117.75,-29.75],[117.75,-29.5],[117.5,-29.5],[117.5,-29.75]]]},"properties":{"cell":"470_-119","r7":0.8,"r14":7.1,"rmax24":0.6}},{"type":"Feature","geometry":{"type":"Polygon","coordinates":[[[117.5,-29.5],[117.75,-29.5],[117.75,-29.25],[117.5,-29.25],[117.5,-29.5]]]},"properties":{"cell":"470_-118","r7":1.4,"r14":8.6,"rmax24":1.3}},{"type":"Feature","geometry":{"type":"Polygon","coordinates":[[[117.5,-29.25],[117.75,-29.25],[117.75,-29.0],[117.5,-29.0],[117.5,-29.25]]]},"properties":{"cell":"470_-117","r7":0.9,"r14":6.3,"rmax24":0.9}},{"type":"Feature","geometry":{"type":"Polygon","coordinates":[[[117.5,-29.0],[117.75,-29.0],[117.75,-28.75],[117.5,-28.75],[117.5,-29.0]]]},"properties":{"cell":"470_-116","r7":0.7,"r14":7.1,"rmax24":0.5}},{"type":"Feature","geometry":{"type":"Polygon","coordinates":[[[117.5,-28.75],[117.75,-28.75],[117.75,-28.5],[117.5,-28.5],[117.5,-28.75]]]},"properties":{"cell":"470_-115","r7":0.2,"r14":3.6,"rmax24":0.1}},{"type":"Feature","geometry":{"type":"Polygon","coordinates":[[[117.5,-28.5],[117.75,-28.5],[117.75,-28.25],[117.5,-28.25],[117.5,-28.5]]]},"properties":{"cell":"470_-114","r7":0.0,"r14":3.0,"rmax24":0.0}},{"type":"Feature","geometry":{"type":"Polygon","coordinates":[[[117.5,-28.25],[117.75,-28.25],[117.75,-28.0],[117.5,-28.0],[117.5,-28.25]]]},"properties":{"cell":"470_-113","r7":0.1,"r14":3.1,"rmax24":0.1}},{"type":"Feature","geometry":{"type":"Polygon","coordinates":[[[117.5,-28.0],[117.75,-28.0],[117.75,-27.75],[117.5,-27.75],[117.5,-28.0]]]},"properties":{"cell":"470_-112","r7":0.3,"r14":1.7,"rmax24":0.3}},{"type":"Feature","geometry":{"type":"Polygon","coordinates":[[[117.5,-27.75],[117.75,-27.75],[117.75,-27.5],[117.5,-27.5],[117.5,-27.75]]]},"properties":{"cell":"470_-111","r7":0.9,"r14":1.9,"rmax24":0.5}},{"type":"Feature","geometry":{"type":"Polygon","coordinates":[[[117.5,-27.5],[117.75,-27.5],[117.75,-27.25],[117.5,-27.25],[117.5,-27.5]]]},"properties":{"cell":"470_-110","r7":1.5,"r14":2.5,"rmax24":0.8}},{"type":"Feature","geometry":{"type":"Polygon","coordinates":[[[117.5,-27.25],[117.75,-27.25],[117.75,-27.0],[117.5,-27.0],[117.5,-27.25]]]},"properties":{"cell":"470_-109","r7":1.7,"r14":2.7,"rmax24":0.9}},{"type":"Feature","geometry":{"type":"Polygon","coordinates":[[[117.5,-27.0],[117.75,-27.0],[117.75,-26.75],[117.5,-26.75],[117.5,-27.0]]]},"properties":{"cell":"470_-108","r7":2.8,"r14":3.6,"rmax24":2.1}},{"type":"Feature","geometry":{"type":"Polygon","coordinates":[[[117.5,-26.75],[117.75,-26.75],[117.75,-26.5],[117.5,-26.5],[117.5,-26.75]]]},"properties":{"cell":"470_-107","r7":2.2,"r14":3.0,"rmax24":1.8}},{"type":"Feature","geometry":{"type":"Polygon","coordinates":[[[117.5,-26.0],[117.75,-26.0],[117.75,-25.75],[117.5,-25.75],[117.5,-26.0]]]},"properties":{"cell":"470_-104","r7":6.7,"r14":9.1,"rmax24":4.6}},{"type":"Feature","geometry":{"type":"Polygon","coordinates":[[[117.5,-25.75],[117.75,-25.75],[117.75,-25.5],[117.5,-25.5],[117.5,-25.75]]]},"properties":{"cell":"470_-103","r7":10.2,"r14":11.9,"rmax24":8.2}},{"type":"Feature","geometry":{"type":"Polygon","coordinates":[[[117.5,-25.5],[117.75,-25.5],[117.75,-25.25],[117.5,-25.25],[117.5,-25.5]]]},"properties":{"cell":"470_-102","r7":13.0,"r14":14.1,"rmax24":12.8}},{"type":"Feature","geometry":{"type":"Polygon","coordinates":[[[117.5,-25.25],[117.75,-25.25],[117.75,-25.0],[117.5,-25.0],[117.5,-25.25]]]},"properties":{"cell":"470_-101","r7":9.0,"r14":9.7,"rmax24":8.8}},{"type":"Feature","geometry":{"type":"Polygon","coordinates":[[[117.5,-25.0],[117.75,-25.0],[117.75,-24.75],[117.5,-24.75],[117.5,-25.0]]]},"properties":{"cell":"470_-100","r7":4.0,"r14":5.0,"rmax24":3.7}},{"type":"Feature","geometry":{"type":"Polygon","coordinates":[[[117.5,-24.75],[117.75,-24.75],[117.75,-24.5],[117.5,-24.5],[117.5,-24.75]]]},"properties":{"cell":"470_-99","r7":2.2,"r14":2.8,"rmax24":2.2}},{"type":"Feature","geometry":{"type":"Polygon","coordinates":[[[117.5,-23.75],[117.75,-23.75],[117.75,-23.5],[117.5,-23.5],[117.5,-23.75]]]},"properties":{"cell":"470_-95","r7":0.6,"r14":1.4,"rmax24":0.6}},{"type":"Feature","geometry":{"type":"Polygon","coordinates":[[[117.5,-23.5],[117.75,-23.5],[117.75,-23.25],[117.5,-23.25],[117.5,-23.5]]]},"properties":{"cell":"470_-94","r7":0.1,"r14":1.4,"rmax24":0.1}},{"type":"Feature","geometry":{"type":"Polygon","coordinates":[[[117.5,-23.25],[117.75,-23.25],[117.75,-23.0],[117.5,-23.0],[117.5,-23.25]]]},"properties":{"cell":"470_-93","r7":1.2,"r14":1.3,"rmax24":0.9}},{"type":"Feature","geometry":{"type":"Polygon","coordinates":[[[117.75,-34.0],[118.0,-34.0],[118.0,-33.75],[117.75,-33.75],[117.75,-34.0]]]},"properties":{"cell":"471_-136","r7":5.2,"r14":16.6,"rmax24":4.9}},{"type":"Feature","geometry":{"type":"Polygon","coordinates":[[[117.75,-33.75],[118.0,-33.75],[118.0,-33.5],[117.75,-33.5],[117.75,-33.75]]]},"properties":{"cell":"471_-135","r7":5.3,"r14":17.2,"rmax24":4.8}},{"type":"Feature","geometry":{"type":"Polygon","coordinates":[[[117.75,-33.5],[118.0,-33.5],[118.0,-33.25],[117.75,-33.25],[117.75,-33.5]]]},"properties":{"cell":"471_-134","r7":7.9,"r14":27.8,"rmax24":7.7}},{"type":"Feature","geometry":{"type":"Polygon","coordinates":[[[117.75,-29.75],[118.0,-29.75],[118.0,-29.5],[117.75,-29.5],[117.75,-29.75]]]},"properties":{"cell":"471_-119","r7":0.3,"r14":6.8,"rmax24":0.2}},{"type":"Feature","geometry":{"type":"Polygon","coordinates":[[[117.75,-29.5],[118.0,-29.5],[118.0,-29.25],[117.75,-29.25],[117.75,-29.5]]]},"properties":{"cell":"471_-118","r7":1.2,"r14":7.5,"rmax24":1.1}},{"type":"Feature","geometry":{"type":"Polygon","coordinates":[[[117.75,-29.25],[118.0,-29.25],[118.0,-29.0],[117.75,-29.0],[117.75,-29.25]]]},"properties":{"cell":"471_-117","r7":0.8,"r14":6.4,"rmax24":0.8}},{"type":"Feature","geometry":{"type":"Polygon","coordinates":[[[117.75,-29.0],[118.0,-29.0],[118.0,-28.75],[117.75,-28.75],[117.75,-29.0]]]},"properties":{"cell":"471_-116","r7":0.3,"r14":6.8,"rmax24":0.2}},{"type":"Feature","geometry":{"type":"Polygon","coordinates":[[[117.75,-28.75],[118.0,-28.75],[118.0,-28.5],[117.75,-28.5],[117.75,-28.75]]]},"properties":{"cell":"471_-115","r7":0.2,"r14":8.2,"rmax24":0.1}},{"type":"Feature","geometry":{"type":"Polygon","coordinates":[[[117.75,-28.5],[118.0,-28.5],[118.0,-28.25],[117.75,-28.25],[117.75,-28.5]]]},"properties":{"cell":"471_-114","r7":0.0,"r14":5.4,"rmax24":0.0}},{"type":"Feature","geometry":{"type":"Polygon","coordinates":[[[117.75,-28.25],[118.0,-28.25],[118.0,-28.0],[117.75,-28.0],[117.75,-28.25]]]},"properties":{"cell":"471_-113","r7":0.1,"r14":2.6,"rmax24":0.1}},{"type":"Feature","geometry":{"type":"Polygon","coordinates":[[[117.75,-28.0],[118.0,-28.0],[118.0,-27.75],[117.75,-27.75],[117.75,-28.0]]]},"properties":{"cell":"471_-112","r7":0.4,"r14":2.1,"rmax24":0.4}},{"type":"Feature","geometry":{"type":"Polygon","coordinates":[[[117.75,-27.75],[118.0,-27.75],[118.0,-27.5],[117.75,-27.5],[117.75,-27.75]]]},"properties":{"cell":"471_-111","r7":0.6,"r14":1.3,"rmax24":0.3}},{"type":"Feature","geometry":{"type":"Polygon","coordinates":[[[117.75,-27.5],[118.0,-27.5],[118.0,-27.25],[117.75,-27.25],[117.75,-27.5]]]},"properties":{"cell":"471_-110","r7":1.7,"r14":2.6,"rmax24":0.9}},{"type":"Feature","geometry":{"type":"Polygon","coordinates":[[[117.75,-27.25],[118.0,-27.25],[118.0,-27.0],[117.75,-27.0],[117.75,-27.25]]]},"properties":{"cell":"471_-109","r7":1.8,"r14":3.2,"rmax24":1.0}},{"type":"Feature","geometry":{"type":"Polygon","coordinates":[[[117.75,-27.0],[118.0,-27.0],[118.0,-26.75],[117.75,-26.75],[117.75,-27.0]]]},"properties":{"cell":"471_-108","r7":3.1,"r14":3.9,"rmax24":1.6}},{"type":"Feature","geometry":{"type":"Polygon","coordinates":[[[117.75,-26.75],[118.0,-26.75],[118.0,-26.5],[117.75,-26.5],[117.75,-26.75]]]},"properties":{"cell":"471_-107","r7":1.1,"r14":1.7,"rmax24":1.1}},{"type":"Feature","geometry":{"type":"Polygon","coordinates":[[[117.75,-26.0],[118.0,-26.0],[118.0,-25.75],[117.75,-25.75],[117.75,-26.0]]]},"properties":{"cell":"471_-104","r7":4.2,"r14":6.0,"rmax24":2.9}},{"type":"Feature","geometry":{"type":"Polygon","coordinates":[[[117.75,-25.75],[118.0,-25.75],[118.0,-25.5],[117.75,-25.5],[117.75,-25.75]]]},"properties":{"cell":"471_-103","r7":9.1,"r14":10.3,"rmax24":8.4}},{"type":"Feature","geometry":{"type":"Polygon","coordinates":[[[117.75,-25.5],[118.0,-25.5],[118.0,-25.25],[117.75,-25.25],[117.75,-25.5]]]},"properties":{"cell":"471_-102","r7":11.8,"r14":12.5,"rmax24":11.6}},{"type":"Feature","geometry":{"type":"Polygon","coordinates":[[[117.75,-25.25],[118.0,-25.25],[118.0,-25.0],[117.75,-25.0],[117.75,-25.25]]]},"properties":{"cell":"471_-101","r7":7.2,"r14":7.8,"rmax24":6.8}},{"type":"Feature","geometry":{"type":"Polygon","coordinates":[[[117.75,-25.0],[118.0,-25.0],[118.0,-24.75],[117.75,-24.75],[117.75,-25.0]]]},"properties":{"cell":"471_-100","r7":2.4,"r14":3.3,"rmax24":2.1}},{"type":"Feature","geometry":{"type":"Polygon","coordinates":[[[117.75,-24.75],[118.0,-24.75],[118.0,-24.5],[117.75,-24.5],[117.75,-24.75]]]},"properties":{"cell":"471_-99","r7":0.9,"r14":1.7,"rmax24":0.9}},{"type":"Feature","geometry":{"type":"Polygon","coordinates":[[[117.75,-23.75],[118.0,-23.75],[118.0,-23.5],[117.75,-23.5],[117.75,-23.75]]]},"properties":{"cell":"471_-95","r7":0.4,"r14":1.6,"rmax24":0.4}},{"type":"Feature","geometry":{"type":"Polygon","coordinates":[[[117.75,-23.5],[118.0,-23.5],[118.0,-23.25],[117.75,-23.25],[117.75,-23.5]]]},"properties":{"cell":"471_-94","r7":0.9,"r14":2.2,"rmax24":0.8}},{"type":"Feature","geometry":{"type":"Polygon","coordinates":[[[117.75,-23.25],[118.0,-23.25],[118.0,-23.0],[117.75,-23.0],[117.75,-23.25]]]},"properties":{"cell":"471_-93","r7":1.6,"r14":1.7,"rmax24":1.6}},{"type":"Feature","geometry":{"type":"Polygon","coordinates":[[[118.0,-34.0],[118.25,-34.0],[118.25,-33.75],[118.0,-33.75],[118.0,-34.0]]]},"properties":{"cell":"472_-136","r7":4.0,"r14":16.2,"rmax24":3.6}},{"type":"Feature","geometry":{"type":"Polygon","coordinates":[[[118.0,-33.75],[118.25,-33.75],[118.25,-33.5],[118.0,-33.5],[118.0,-33.75]]]},"properties":{"cell":"472_-135","r7":5.4,"r14":17.9,"rmax24":5.1}},{"type":"Feature","geometry":{"type":"Polygon","coordinates":[[[118.0,-33.5],[118.25,-33.5],[118.25,-33.25],[118.0,-33.25],[118.0,-33.5]]]},"properties":{"cell":"472_-134","r7":6.1,"r14":22.6,"rmax24":5.5}},{"type":"Feature","geometry":{"type":"Polygon","coordinates":[[[118.0,-33.25],[118.25,-33.25],[118.25,-33.0],[118.0,-33.0],[118.0,-33.25]]]},"properties":{"cell":"472_-133","r7":5.0,"r14":20.9,"rmax24":4.8}},{"type":"Feature","geometry":{"type":"Polygon","coordinates":[[[118.0,-33.0],[118.25,-33.0],[118.25,-32.75],[118.0,-32.75],[118.0,-33.0]]]},"properties":{"cell":"472_-132","r7":4.9,"r14":21.9,"rmax24":4.9}},{"type":"Feature","geometry":{"type":"Polygon","coordinates":[[[118.0,-32.5],[118.25,-32.5],[118.25,-32.25],[118.0,-32.25],[118.0,-32.5]]]},"properties":{"cell":"472_-130","r7":5.0,"r14":17.5,"rmax24":4.9}},{"type":"Feature","geometry":{"type":"Polygon","coordinates":[[[118.0,-32.25],[118.25,-32.25],[118.25,-32.0],[118.0,-32.0],[118.0,-32.25]]]},"properties":{"cell":"472_-129","r7":3.3,"r14":22.5,"rmax24":2.9}},{"type":"Feature","geometry":{"type":"Polygon","coordinates":[[[118.0,-32.0],[118.25,-32.0],[118.25,-31.75],[118.0,-31.75],[118.0,-32.0]]]},"properties":{"cell":"472_-128","r7":4.2,"r14":17.3,"rmax24":4.1}},{"type":"Feature","geometry":{"type":"Polygon","coordinates":[[[118.0,-29.0],[118.25,-29.0],[118.25,-28.75],[118.0,-28.75],[118.0,-29.0]]]},"properties":{"cell":"472_-116","r7":0.2,"r14":5.9,"rmax24":0.1}},{"type":"Feature","geometry":{"type":"Polygon","coordinates":[[[118.0,-28.75],[118.25,-28.75],[118.25,-28.5],[118.0,-28.5],[118.0,-28.75]]]},"properties":{"cell":"472_-115","r7":0.0,"r14":7.2,"rmax24":0.0}},{"type":"Feature","geometry":{"type":"Polygon","coordinates":[[[118.0,-28.5],[118.25,-28.5],[118.25,-28.25],[118.0,-28.25],[118.0,-28.5]]]},"properties":{"cell":"472_-114","r7":0.1,"r14":6.5,"rmax24":0.1}},{"type":"Feature","geometry":{"type":"Polygon","coordinates":[[[118.0,-28.25],[118.25,-28.25],[118.25,-28.0],[118.0,-28.0],[118.0,-28.25]]]},"properties":{"cell":"472_-113","r7":0.0,"r14":2.7,"rmax24":0.0}},{"type":"Feature","geometry":{"type":"Polygon","coordinates":[[[118.0,-28.0],[118.25,-28.0],[118.25,-27.75],[118.0,-27.75],[118.0,-28.0]]]},"properties":{"cell":"472_-112","r7":0.3,"r14":2.1,"rmax24":0.3}},{"type":"Feature","geometry":{"type":"Polygon","coordinates":[[[118.0,-27.75],[118.25,-27.75],[118.25,-27.5],[118.0,-27.5],[118.0,-27.75]]]},"properties":{"cell":"472_-111","r7":2.1,"r14":3.5,"rmax24":1.3}},{"type":"Feature","geometry":{"type":"Polygon","coordinates":[[[118.0,-27.5],[118.25,-27.5],[118.25,-27.25],[118.0,-27.25],[118.0,-27.5]]]},"properties":{"cell":"472_-110","r7":1.5,"r14":3.1,"rmax24":0.9}},{"type":"Feature","geometry":{"type":"Polygon","coordinates":[[[118.0,-27.25],[118.25,-27.25],[118.25,-27.0],[118.0,-27.0],[118.0,-27.25]]]},"properties":{"cell":"472_-109","r7":1.1,"r14":2.5,"rmax24":0.7}},{"type":"Feature","geometry":{"type":"Polygon","coordinates":[[[118.0,-27.0],[118.25,-27.0],[118.25,-26.75],[118.0,-26.75],[118.0,-27.0]]]},"properties":{"cell":"472_-108","r7":1.4,"r14":3.1,"rmax24":1.1}},{"type":"Feature","geometry":{"type":"Polygon","coordinates":[[[118.0,-26.75],[118.25,-26.75],[118.25,-26.5],[118.0,-26.5],[118.0,-26.75]]]},"properties":{"cell":"472_-107","r7":0.5,"r14":1.1,"rmax24":0.4}},{"type":"Feature","geometry":{"type":"Polygon","coordinates":[[[118.0,-26.5],[118.25,-26.5],[118.25,-26.25],[118.0,-26.25],[118.0,-26.5]]]},"properties":{"cell":"472_-106","r7":1.7,"r14":3.4,"rmax24":1.6}},{"type":"Feature","geometry":{"type":"Polygon","coordinates":[[[118.0,-26.25],[118.25,-26.25],[118.25,-26.0],[118.0,-26.0],[118.0,-26.25]]]},"properties":{"cell":"472_-105","r7":6.4,"r14":8.4,"rmax24":4.1}},{"type":"Feature","geometry":{"type":"Polygon","coordinates":[[[118.0,-26.0],[118.25,-26.0],[118.25,-25.75],[118.0,-25.75],[118.0,-26.0]]]},"properties":{"cell":"472_-104","r7":4.2,"r14":6.1,"rmax24":2.7}},{"type":"Feature","geometry":{"type":"Polygon","coordinates":[[[118.0,-25.75],[118.25,-25.75],[118.25,-25.5],[118.0,-25.5],[118.0,-25.75]]]},"properties":{"cell":"472_-103","r7":10.0,"r14":11.2,"rmax24":9.2}},{"type":"Feature","geometry":{"type":"Polygon","coordinates":[[[118.0,-25.5],[118.25,-25.5],[118.25,-25.25],[118.0,-25.25],[118.0,-25.5]]]},"properties":{"cell":"472_-102","r7":9.3,"r14":9.9,"rmax24":8.6}},{"type":"Feature","geometry":{"type":"Polygon","coordinates":[[[118.0,-25.25],[118.25,-25.25],[118.25,-25.0],[118.0,-25.0],[118.0,-25.25]]]},"properties":{"cell":"472_-101","r7":6.6,"r14":7.0,"rmax24":6.5}},{"type":"Feature","geometry":{"type":"Polygon","coordinates":[[[118.0,-23.75],[118.25,-23.75],[118.25,-23.5],[118.0,-23.5],[118.0,-23.75]]]},"properties":{"cell":"472_-95","r7":0.7,"r14":1.8,"rmax24":0.6}},{"type":"Feature","geometry":{"type":"Polygon","coordinates":[[[118.0,-23.5],[118.25,-23.5],[118.25,-23.25],[118.0,-23.25],[118.0,-23.5]]]},"properties":{"cell":"472_-94","r7":1.1,"r14":2.3,"rmax24":1.0}},{"type":"Feature","geometry":{"type":"Polygon","coordinates":[[[118.0,-23.25],[118.25,-23.25],[118.25,-23.0],[118.0,-23.0],[118.0,-23.25]]]},"properties":{"cell":"472_-93","r7":2.6,"r14":2.7,"rmax24":2.6}},{"type":"Feature","geometry":{"type":"Polygon","coordinates":[[[118.25,-33.5],[118.5,-33.5],[118.5,-33.25],[118.25,-33.25],[118.25,-33.5]]]},"properties":{"cell":"473_-134","r7":3.9,"r14":17.0,"rmax24":3.8}},{"type":"Feature","geometry":{"type":"Polygon","coordinates":[[[118.25,-33.25],[118.5,-33.25],[118.5,-33.0],[118.25,-33.0],[118.25,-33.25]]]},"properties":{"cell":"473_-133","r7":5.5,"r14":16.7,"rmax24":5.4}},{"type":"Feature","geometry":{"type":"Polygon","coordinates":[[[118.25,-33.0],[118.5,-33.0],[118.5,-32.75],[118.25,-32.75],[118.25,-33.0]]]},"properties":{"cell":"473_-132","r7":4.8,"r14":17.4,"rmax24":4.6}},{"type":"Feature","geometry":{"type":"Polygon","coordinates":[[[118.25,-32.5],[118.5,-32.5],[118.5,-32.25],[118.25,-32.25],[118.25,-32.5]]]},"properties":{"cell":"473_-130","r7":8.1,"r14":24.1,"rmax24":7.7}},{"type":"Feature","geometry":{"type":"Polygon","coordinates":[[[118.25,-32.25],[118.5,-32.25],[118.5,-32.0],[118.25,-32.0],[118.25,-32.25]]]},"properties":{"cell":"473_-129","r7":5.5,"r14":21.9,"rmax24":5.2}},{"type":"Feature","geometry":{"type":"Polygon","coordinates":[[[118.25,-32.0],[118.5,-32.0],[118.5,-31.75],[118.25,-31.75],[118.25,-32.0]]]},"properties":{"cell":"473_-128","r7":4.8,"r14":20.6,"rmax24":4.7}},{"type":"Feature","geometry":{"type":"Polygon","coordinates":[[[118.25,-31.75],[118.5,-31.75],[118.5,-31.5],[118.25,-31.5],[118.25,-31.75]]]},"properties":{"cell":"473_-127","r7":3.8,"r14":23.2,"rmax24":3.7}},{"type":"Feature","geometry":{"type":"Polygon","coordinates":[[[118.25,-31.5],[118.5,-31.5],[118.5,-31.25],[118.25,-31.25],[118.25,-31.5]]]},"properties":{"cell":"473_-126","r7":3.3,"r14":22.2,"rmax24":3.2}},{"type":"Feature","geometry":{"type":"Polygon","coordinates":[[[118.25,-31.25],[118.5,-31.25],[118.5,-31.0],[118.25,-31.0],[118.25,-31.25]]]},"properties":{"cell":"473_-125","r7":1.5,"r14":17.1,"rmax24":1.5}},{"type":"Feature","geometry":{"type":"Polygon","coordinates":[[[118.25,-29.0],[118.5,-29.0],[118.5,-28.75],[118.25,-28.75],[118.25,-29.0]]]},"properties":{"cell":"473_-116","r7":0.0,"r14":5.7,"rmax24":0.0}},{"type":"Feature","geometry":{"type":"Polygon","coordinates":[[[118.25,-28.75],[118.5,-28.75],[118.5,-28.5],[118.25,-28.5],[118.25,-28.75]]]},"properties":{"cell":"473_-115","r7":0.3,"r14":5.7,"rmax24":0.3}},{"type":"Feature","geometry":{"type":"Polygon","coordinates":[[[118.25,-28.5],[118.5,-28.5],[118.5,-28.25],[118.25,-28.25],[118.25,-28.5]]]},"properties":{"cell":"473_-114","r7":0.1,"r14":5.1,"rmax24":0.1}},{"type":"Feature","geometry":{"type":"Polygon","coordinates":[[[118.25,-28.0],[118.5,-28.0],[118.5,-27.75],[118.25,-27.75],[118.25,-28.0]]]},"properties":{"cell":"473_-112","r7":1.2,"r14":3.0,"rmax24":1.2}},{"type":"Feature","geometry":{"type":"Polygon","coordinates":[[[118.25,-27.75],[118.5,-27.75],[118.5,-27.5],[118.25,-27.5],[118.25,-27.75]]]},"properties":{"cell":"473_-111","r7":1.0,"r14":2.7,"rmax24":0.6}},{"type":"Feature","geometry":{"type":"Polygon","coordinates":[[[118.25,-27.5],[118.5,-27.5],[118.5,-27.25],[118.25,-27.25],[118.25,-27.5]]]},"properties":{"cell":"473_-110","r7":1.4,"r14":3.3,"rmax24":0.9}},{"type":"Feature","geometry":{"type":"Polygon","coordinates":[[[118.25,-27.25],[118.5,-27.25],[118.5,-27.0],[118.25,-27.0],[118.25,-27.25]]]},"properties":{"cell":"473_-109","r7":1.5,"r14":2.5,"rmax24":1.1}},{"type":"Feature","geometry":{"type":"Polygon","coordinates":[[[118.25,-27.0],[118.5,-27.0],[118.5,-26.75],[118.25,-26.75],[118.25,-27.0]]]},"properties":{"cell":"473_-108","r7":1.5,"r14":2.1,"rmax24":1.0}},{"type":"Feature","geometry":{"type":"Polygon","coordinates":[[[118.25,-26.75],[118.5,-26.75],[118.5,-26.5],[118.25,-26.5],[118.25,-26.75]]]},"properties":{"cell":"473_-107","r7":0.9,"r14":2.3,"rmax24":0.8}},{"type":"Feature","geometry":{"type":"Polygon","coordinates":[[[118.25,-26.5],[118.5,-26.5],[118.5,-26.25],[118.25,-26.25],[118.25,-26.5]]]},"properties":{"cell":"473_-106","r7":2.8,"r14":5.1,"rmax24":2.7}},{"type":"Feature","geometry":{"type":"Polygon","coordinates":[[[118.25,-26.25],[118.5,-26.25],[118.5,-26.0],[118.25,-26.0],[118.25,-26.25]]]},"properties":{"cell":"473_-105","r7":6.7,"r14":8.8,"rmax24":5.4}},{"type":"Feature","geometry":{"type":"Polygon","coordinates":[[[118.25,-26.0],[118.5,-26.0],[118.5,-25.75],[118.25,-25.75],[118.25,-26.0]]]},"properties":{"cell":"473_-104","r7":6.1,"r14":8.2,"rmax24":5.4}},{"type":"Feature","geometry":{"type":"Polygon","coordinates":[[[118.25,-25.75],[118.5,-25.75],[118.5,-25.5],[118.25,-25.5],[118.25,-25.75]]]},"properties":{"cell":"473_-103","r7":9.3,"r14":10.6,"rmax24":7.8}},{"type":"Feature","geometry":{"type":"Polygon","coordinates":[[[118.25,-25.5],[118.5,-25.5],[118.5,-25.25],[118.25,-25.25],[118.25,-25.5]]]},"properties":{"cell":"473_-102","r7":7.0,"r14":7.8,"rmax24":6.1}},{"type":"Feature","geometry":{"type":"Polygon","coordinates":[[[118.25,-25.25],[118.5,-25.25],[118.5,-25.0],[118.25,-25.0],[118.25,-25.25]]]},"properties":{"cell":"473_-101","r7":6.9,"r14":7.7,"rmax24":6.9}},{"type":"Feature","geometry":{"type":"Polygon","coordinates":[[[118.25,-25.0],[118.5,-25.0],[118.5,-24.75],[118.25,-24.75],[118.25,-25.0]]]},"properties":{"cell":"473_-100","r7":3.0,"r14":4.1,"rmax24":3.0}},{"type":"Feature","geometry":{"type":"Polygon","coordinates":[[[118.25,-24.75],[118.5,-24.75],[118.5,-24.5],[118.25,-24.5],[118.25,-24.75]]]},"properties":{"cell":"473_-99","r7":0.9,"r14":1.5,"rmax24":0.8}},{"type":"Feature","geometry":{"type":"Polygon","coordinates":[[[118.25,-24.5],[118.5,-24.5],[118.5,-24.25],[118.25,-24.25],[118.25,-24.5]]]},"properties":{"cell":"473_-98","r7":2.6,"r14":3.8,"rmax24":2.5}},{"type":"Feature","geometry":{"type":"Polygon","coordinates":[[[118.5,-33.5],[118.75,-33.5],[118.75,-33.25],[118.5,-33.25],[118.5,-33.5]]]},"properties":{"cell":"474_-134","r7":4.4,"r14":17.5,"rmax24":4.3}},{"type":"Feature","geometry":{"type":"Polygon","coordinates":[[[118.5,-33.25],[118.75,-33.25],[118.75,-33.0],[118.5,-33.0],[118.5,-33.25]]]},"properties":{"cell":"474_-133","r7":5.8,"r14":19.9,"rmax24":5.8}},{"type":"Feature","geometry":{"type":"Polygon","coordinates":[[[118.5,-33.0],[118.75,-33.0],[118.75,-32.75],[118.5,-32.75],[118.5,-33.0]]]},"properties":{"cell":"474_-132","r7":5.8,"r14":20.0,"rmax24":5.6}},{"type":"Feature","geometry":{"type":"Polygon","coordinates":[[[118.5,-32.5],[118.75,-32.5],[118.75,-32.25],[118.5,-32.25],[118.5,-32.5]]]},"properties":{"cell":"474_-130","r7":4.0,"r14":20.9,"rmax24":3.7}},{"type":"Feature","geometry":{"type":"Polygon","coordinates":[[[118.5,-32.25],[118.75,-32.25],[118.75,-32.0],[118.5,-32.0],[118.5,-32.25]]]},"properties":{"cell":"474_-129","r7":3.9,"r14":20.2,"rmax24":3.7}},{"type":"Feature","geometry":{"type":"Polygon","coordinates":[[[118.5,-32.0],[118.75,-32.0],[118.75,-31.75],[118.5,-31.75],[118.5,-32.0]]]},"properties":{"cell":"474_-128","r7":2.4,"r14":18.7,"rmax24":2.3}},{"type":"Feature","geometry":{"type":"Polygon","coordinates":[[[118.5,-31.75],[118.75,-31.75],[118.75,-31.5],[118.5,-31.5],[118.5,-31.75]]]},"properties":{"cell":"474_-127","r7":4.3,"r14":25.5,"rmax24":4.1}},{"type":"Feature","geometry":{"type":"Polygon","coordinates":[[[118.5,-31.5],[118.75,-31.5],[118.75,-31.25],[118.5,-31.25],[118.5,-31.5]]]},"properties":{"cell":"474_-126","r7":2.0,"r14":16.8,"rmax24":2.0}},{"type":"Feature","geometry":{"type":"Polygon","coordinates":[[[118.5,-31.25],[118.75,-31.25],[118.75,-31.0],[118.5,-31.0],[118.5,-31.25]]]},"properties":{"cell":"474_-125","r7":2.1,"r14":17.8,"rmax24":2.1}},{"type":"Feature","geometry":{"type":"Polygon","coordinates":[[[118.5,-29.25],[118.75,-29.25],[118.75,-29.0],[118.5,-29.0],[118.5,-29.25]]]},"properties":{"cell":"474_-117","r7":0.2,"r14":8.2,"rmax24":0.1}},{"type":"Feature","geometry":{"type":"Polygon","coordinates":[[[118.5,-29.0],[118.75,-29.0],[118.75,-28.75],[118.5,-28.75],[118.5,-29.0]]]},"properties":{"cell":"474_-116","r7":0.0,"r14":6.9,"rmax24":0.0}},{"type":"Feature","geometry":{"type":"Polygon","coordinates":[[[118.5,-28.75],[118.75,-28.75],[118.75,-28.5],[118.5,-28.5],[118.5,-28.75]]]},"properties":{"cell":"474_-115","r7":0.3,"r14":8.2,"rmax24":0.2}},{"type":"Feature","geometry":{"type":"Polygon","coordinates":[[[118.5,-28.5],[118.75,-28.5],[118.75,-28.25],[118.5,-28.25],[118.5,-28.5]]]},"properties":{"cell":"474_-114","r7":0.0,"r14":3.8,"rmax24":0.0}},{"type":"Feature","geometry":{"type":"Polygon","coordinates":[[[118.5,-27.5],[118.75,-27.5],[118.75,-27.25],[118.5,-27.25],[118.5,-27.5]]]},"properties":{"cell":"474_-110","r7":1.2,"r14":2.8,"rmax24":0.7}},{"type":"Feature","geometry":{"type":"Polygon","coordinates":[[[118.5,-27.25],[118.75,-27.25],[118.75,-27.0],[118.5,-27.0],[118.5,-27.25]]]},"properties":{"cell":"474_-109","r7":1.5,"r14":2.2,"rmax24":1.2}},{"type":"Feature","geometry":{"type":"Polygon","coordinates":[[[118.5,-27.0],[118.75,-27.0],[118.75,-26.75],[118.5,-26.75],[118.5,-27.0]]]},"properties":{"cell":"474_-108","r7":1.5,"r14":2.5,"rmax24":1.1}},{"type":"Feature","geometry":{"type":"Polygon","coordinates":[[[118.5,-26.75],[118.75,-26.75],[118.75,-26.5],[118.5,-26.5],[118.5,-26.75]]]},"properties":{"cell":"474_-107","r7":2.0,"r14":3.9,"rmax24":1.8}},{"type":"Feature","geometry":{"type":"Polygon","coordinates":[[[118.5,-26.5],[118.75,-26.5],[118.75,-26.25],[118.5,-26.25],[118.5,-26.5]]]},"properties":{"cell":"474_-106","r7":4.0,"r14":6.0,"rmax24":3.6}},{"type":"Feature","geometry":{"type":"Polygon","coordinates":[[[118.5,-26.25],[118.75,-26.25],[118.75,-26.0],[118.5,-26.0],[118.5,-26.25]]]},"properties":{"cell":"474_-105","r7":5.5,"r14":7.3,"rmax24":5.1}},{"type":"Feature","geometry":{"type":"Polygon","coordinates":[[[118.5,-26.0],[118.75,-26.0],[118.75,-25.75],[118.5,-25.75],[118.5,-26.0]]]},"properties":{"cell":"474_-104","r7":5.8,"r14":7.3,"rmax24":4.8}},{"type":"Feature","geometry":{"type":"Polygon","coordinates":[[[118.5,-25.75],[118.75,-25.75],[118.75,-25.5],[118.5,-25.5],[118.5,-25.75]]]},"properties":{"cell":"474_-103","r7":10.9,"r14":12.1,"rmax24":10.5}},{"type":"Feature","geometry":{"type":"Polygon","coordinates":[[[118.5,-25.5],[118.75,-25.5],[118.75,-25.25],[118.5,-25.25],[118.5,-25.5]]]},"properties":{"cell":"474_-102","r7":5.5,"r14":6.3,"rmax24":5.4}},{"type":"Feature","geometry":{"type":"Polygon","coordinates":[[[118.5,-25.25],[118.75,-25.25],[118.75,-25.0],[118.5,-25.0],[118.5,-25.25]]]},"properties":{"cell":"474_-101","r7":2.5,"r14":3.2,"rmax24":2.5}},{"type":"Feature","geometry":{"type":"Polygon","coordinates":[[[118.5,-25.0],[118.75,-25.0],[118.75,-24.75],[118.5,-24.75],[118.5,-25.0]]]},"properties":{"cell":"474_-100","r7":0.9,"r14":2.0,"rmax24":0.7}},{"type":"Feature","geometry":{"type":"Polygon","coordinates":[[[118.5,-24.75],[118.75,-24.75],[118.75,-24.5],[118.5,-24.5],[118.5,-24.75]]]},"properties":{"cell":"474_-99","r7":0.9,"r14":1.6,"rmax24":0.9}},{"type":"Feature","geometry":{"type":"Polygon","coordinates":[[[118.5,-24.5],[118.75,-24.5],[118.75,-24.25],[118.5,-24.25],[118.5,-24.5]]]},"properties":{"cell":"474_-98","r7":2.1,"r14":3.3,"rmax24":2.1}},{"type":"Feature","geometry":{"type":"Polygon","coordinates":[[[118.75,-34.25],[119.0,-34.25],[119.0,-34.0],[118.75,-34.0],[118.75,-34.25]]]},"properties":{"cell":"475_-137","r7":3.8,"r14":14.9,"rmax24":3.6}},{"type":"Feature","geometry":{"type":"Polygon","coordinates":[[[118.75,-34.0],[119.0,-34.0],[119.0,-33.75],[118.75,-33.75],[118.75,-34.0]]]},"properties":{"cell":"475_-136","r7":5.0,"r14":18.1,"rmax24":4.9}},{"type":"Feature","geometry":{"type":"Polygon","coordinates":[[[118.75,-33.75],[119.0,-33.75],[119.0,-33.5],[118.75,-33.5],[118.75,-33.75]]]},"properties":{"cell":"475_-135","r7":3.6,"r14":18.2,"rmax24":3.5}},{"type":"Feature","geometry":{"type":"Polygon","coordinates":[[[118.75,-32.25],[119.0,-32.25],[119.0,-32.0],[118.75,-32.0],[118.75,-32.25]]]},"properties":{"cell":"475_-129","r7":4.1,"r14":19.9,"rmax24":4.1}},{"type":"Feature","geometry":{"type":"Polygon","coordinates":[[[118.75,-32.0],[119.0,-32.0],[119.0,-31.75],[118.75,-31.75],[118.75,-32.0]]]},"properties":{"cell":"475_-128","r7":2.9,"r14":23.0,"rmax24":2.9}},{"type":"Feature","geometry":{"type":"Polygon","coordinates":[[[118.75,-31.75],[119.0,-31.75],[119.0,-31.5],[118.75,-31.5],[118.75,-31.75]]]},"properties":{"cell":"475_-127","r7":3.3,"r14":23.8,"rmax24":3.3}},{"type":"Feature","geometry":{"type":"Polygon","coordinates":[[[118.75,-31.5],[119.0,-31.5],[119.0,-31.25],[118.75,-31.25],[118.75,-31.5]]]},"properties":{"cell":"475_-126","r7":1.6,"r14":17.9,"rmax24":1.6}},{"type":"Feature","geometry":{"type":"Polygon","coordinates":[[[118.75,-31.25],[119.0,-31.25],[119.0,-31.0],[118.75,-31.0],[118.75,-31.25]]]},"properties":{"cell":"475_-125","r7":2.0,"r14":16.7,"rmax24":2.0}},{"type":"Feature","geometry":{"type":"Polygon","coordinates":[[[118.75,-31.0],[119.0,-31.0],[119.0,-30.75],[118.75,-30.75],[118.75,-31.0]]]},"properties":{"cell":"475_-124","r7":0.9,"r14":15.3,"rmax24":0.9}},{"type":"Feature","geometry":{"type":"Polygon","coordinates":[[[118.75,-30.75],[119.0,-30.75],[119.0,-30.5],[118.75,-30.5],[118.75,-30.75]]]},"properties":{"cell":"475_-123","r7":1.4,"r14":12.5,"rmax24":1.4}},{"type":"Feature","geometry":{"type":"Polygon","coordinates":[[[118.75,-30.5],[119.0,-30.5],[119.0,-30.25],[118.75,-30.25],[118.75,-30.5]]]},"properties":{"cell":"475_-122","r7":0.3,"r14":9.0,"rmax24":0.3}},{"type":"Feature","geometry":{"type":"Polygon","coordinates":[[[118.75,-30.25],[119.0,-30.25],[119.0,-30.0],[118.75,-30.0],[118.75,-30.25]]]},"properties":{"cell":"475_-121","r7":0.7,"r14":8.4,"rmax24":0.6}},{"type":"Feature","geometry":{"type":"Polygon","coordinates":[[[118.75,-30.0],[119.0,-30.0],[119.0,-29.75],[118.75,-29.75],[118.75,-30.0]]]},"properties":{"cell":"475_-120","r7":0.2,"r14":8.3,"rmax24":0.2}},{"type":"Feature","geometry":{"type":"Polygon","coordinates":[[[118.75,-29.75],[119.0,-29.75],[119.0,-29.5],[118.75,-29.5],[118.75,-29.75]]]},"properties":{"cell":"475_-119","r7":0.3,"r14":10.9,"rmax24":0.3}},{"type":"Feature","geometry":{"type":"Polygon","coordinates":[[[118.75,-29.5],[119.0,-29.5],[119.0,-29.25],[118.75,-29.25],[118.75,-29.5]]]},"properties":{"cell":"475_-118","r7":0.1,"r14":8.1,"rmax24":0.1}},{"type":"Feature","geometry":{"type":"Polygon","coordinates":[[[118.75,-29.25],[119.0,-29.25],[119.0,-29.0],[118.75,-29.0],[118.75,-29.25]]]},"properties":{"cell":"475_-117","r7":0.0,"r14":6.2,"rmax24":0.0}},{"type":"Feature","geometry":{"type":"Polygon","coordinates":[[[118.75,-29.0],[119.0,-29.0],[119.0,-28.75],[118.75,-28.75],[118.75,-29.0]]]},"properties":{"cell":"475_-116","r7":0.0,"r14":11.0,"rmax24":0.0}},{"type":"Feature","geometry":{"type":"Polygon","coordinates":[[[118.75,-28.75],[119.0,-28.75],[119.0,-28.5],[118.75,-28.5],[118.75,-28.75]]]},"properties":{"cell":"475_-115","r7":0.3,"r14":5.9,"rmax24":0.2}},{"type":"Feature","geometry":{"type":"Polygon","coordinates":[[[118.75,-28.5],[119.0,-28.5],[119.0,-28.25],[118.75,-28.25],[118.75,-28.5]]]},"properties":{"cell":"475_-114","r7":0.0,"r14":2.2,"rmax24":0.0}},{"type":"Feature","geometry":{"type":"Polygon","coordinates":[[[118.75,-28.25],[119.0,-28.25],[119.0,-28.0],[118.75,-28.0],[118.75,-28.25]]]},"properties":{"cell":"475_-113","r7":0.2,"r14":2.9,"rmax24":0.2}},{"type":"Feature","geometry":{"type":"Polygon","coordinates":[[[118.75,-28.0],[119.0,-28.0],[119.0,-27.75],[118.75,-27.75],[118.75,-28.0]]]},"properties":{"cell":"475_-112","r7":1.1,"r14":4.6,"rmax24":0.6}},{"type":"Feature","geometry":{"type":"Polygon","coordinates":[[[118.75,-27.75],[119.0,-27.75],[119.0,-27.5],[118.75,-27.5],[118.75,-27.75]]]},"properties":{"cell":"475_-111","r7":1.2,"r14":4.3,"rmax24":0.8}},{"type":"Feature","geometry":{"type":"Polygon","coordinates":[[[118.75,-27.5],[119.0,-27.5],[119.0,-27.25],[118.75,-27.25],[118.75,-27.5]]]},"properties":{"cell":"475_-110","r7":0.9,"r14":2.5,"rmax24":0.6}},{"type":"Feature","geometry":{"type":"Polygon","coordinates":[[[118.75,-27.25],[119.0,-27.25],[119.0,-27.0],[118.75,-27.0],[118.75,-27.25]]]},"properties":{"cell":"475_-109","r7":2.2,"r14":3.8,"rmax24":1.7}},{"type":"Feature","geometry":{"type":"Polygon","coordinates":[[[118.75,-27.0],[119.0,-27.0],[119.0,-26.75],[118.75,-26.75],[118.75,-27.0]]]},"properties":{"cell":"475_-108","r7":0.3,"r14":1.7,"rmax24":0.2}},{"type":"Feature","geometry":{"type":"Polygon","coordinates":[[[118.75,-26.75],[119.0,-26.75],[119.0,-26.5],[118.75,-26.5],[118.75,-26.75]]]},"properties":{"cell":"475_-107","r7":0.8,"r14":3.2,"rmax24":0.5}},{"type":"Feature","geometry":{"type":"Polygon","coordinates":[[[118.75,-26.5],[119.0,-26.5],[119.0,-26.25],[118.75,-26.25],[118.75,-26.5]]]},"properties":{"cell":"475_-106","r7":4.2,"r14":6.2,"rmax24":3.8}},{"type":"Feature","geometry":{"type":"Polygon","coordinates":[[[118.75,-26.25],[119.0,-26.25],[119.0,-26.0],[118.75,-26.0],[118.75,-26.25]]]},"properties":{"cell":"475_-105","r7":5.3,"r14":7.5,"rmax24":5.3}},{"type":"Feature","geometry":{"type":"Polygon","coordinates":[[[118.75,-26.0],[119.0,-26.0],[119.0,-25.75],[118.75,-25.75],[118.75,-26.0]]]},"properties":{"cell":"475_-104","r7":7.0,"r14":8.4,"rmax24":6.7}},{"type":"Feature","geometry":{"type":"Polygon","coordinates":[[[118.75,-25.75],[119.0,-25.75],[119.0,-25.5],[118.75,-25.5],[118.75,-25.75]]]},"properties":{"cell":"475_-103","r7":8.9,"r14":9.8,"rmax24":8.6}},{"type":"Feature","geometry":{"type":"Polygon","coordinates":[[[118.75,-25.5],[119.0,-25.5],[119.0,-25.25],[118.75,-25.25],[118.75,-25.5]]]},"properties":{"cell":"475_-102","r7":4.1,"r14":5.7,"rmax24":3.9}},{"type":"Feature","geometry":{"type":"Polygon","coordinates":[[[118.75,-25.25],[119.0,-25.25],[119.0,-25.0],[118.75,-25.0],[118.75,-25.25]]]},"properties":{"cell":"475_-101","r7":1.7,"r14":2.4,"rmax24":1.2}},{"type":"Feature","geometry":{"type":"Polygon","coordinates":[[[118.75,-25.0],[119.0,-25.0],[119.0,-24.75],[118.75,-24.75],[118.75,-25.0]]]},"properties":{"cell":"475_-100","r7":0.7,"r14":1.3,"rmax24":0.7}},{"type":"Feature","geometry":{"type":"Polygon","coordinates":[[[118.75,-24.75],[119.0,-24.75],[119.0,-24.5],[118.75,-24.5],[118.75,-24.75]]]},"properties":{"cell":"475_-99","r7":1.2,"r14":2.4,"rmax24":1.2}},{"type":"Feature","geometry":{"type":"Polygon","coordinates":[[[118.75,-24.5],[119.0,-24.5],[119.0,-24.25],[118.75,-24.25],[118.75,-24.5]]]},"properties":{"cell":"475_-98","r7":2.4,"r14":3.2,"rmax24":1.5}},{"type":"Feature","geometry":{"type":"Polygon","coordinates":[[[119.0,-34.25],[119.25,-34.25],[119.25,-34.0],[119.0,-34.0],[119.0,-34.25]]]},"properties":{"cell":"476_-137","r7":5.2,"r14":16.9,"rmax24":5.1}},{"type":"Feature","geometry":{"type":"Polygon","coordinates":[[[119.0,-34.0],[119.25,-34.0],[119.25,-33.75],[119.0,-33.75],[119.0,-34.0]]]},"properties":{"cell":"476_-136","r7":4.2,"r14":16.6,"rmax24":4.0}},{"type":"Feature","geometry":{"type":"Polygon","coordinates":[[[119.0,-33.75],[119.25,-33.75],[119.25,-33.5],[119.0,-33.5],[119.0,-33.75]]]},"properties":{"cell":"476_-135","r7":3.2,"r14":15.2,"rmax24":3.1}},{"type":"Feature","geometry":{"type":"Polygon","coordinates":[[[119.0,-32.25],[119.25,-32.25],[119.25,-32.0],[119.0,-32.0],[119.0,-32.25]]]},"properties":{"cell":"476_-129","r7":2.9,"r14":21.6,"rmax24":2.9}},{"type":"Feature","geometry":{"type":"Polygon","coordinates":[[[119.0,-32.0],[119.25,-32.0],[119.25,-31.75],[119.0,-31.75],[119.0,-32.0]]]},"properties":{"cell":"476_-128","r7":2.5,"r14":21.4,"rmax24":2.5}},{"type":"Feature","geometry":{"type":"Polygon","coordinates":[[[119.0,-31.75],[119.25,-31.75],[119.25,-31.5],[119.0,-31.5],[119.0,-31.75]]]},"properties":{"cell":"476_-127","r7":1.4,"r14":19.1,"rmax24":1.4}},{"type":"Feature","geometry":{"type":"Polygon","coordinates":[[[119.0,-31.5],[119.25,-31.5],[119.25,-31.25],[119.0,-31.25],[119.0,-31.5]]]},"properties":{"cell":"476_-126","r7":1.8,"r14":16.6,"rmax24":1.8}},{"type":"Feature","geometry":{"type":"Polygon","coordinates":[[[119.0,-31.25],[119.25,-31.25],[119.25,-31.0],[119.0,-31.0],[119.0,-31.25]]]},"properties":{"cell":"476_-125","r7":3.0,"r14":20.6,"rmax24":3.0}},{"type":"Feature","geometry":{"type":"Polygon","coordinates":[[[119.0,-31.0],[119.25,-31.0],[119.25,-30.75],[119.0,-30.75],[119.0,-31.0]]]},"properties":{"cell":"476_-124","r7":1.3,"r14":16.9,"rmax24":1.3}},{"type":"Feature","geometry":{"type":"Polygon","coordinates":[[[119.0,-30.75],[119.25,-30.75],[119.25,-30.5],[119.0,-30.5],[119.0,-30.75]]]},"properties":{"cell":"476_-123","r7":0.7,"r14":12.1,"rmax24":0.7}},{"type":"Feature","geometry":{"type":"Polygon","coordinates":[[[119.0,-30.5],[119.25,-30.5],[119.25,-30.25],[119.0,-30.25],[119.0,-30.5]]]},"properties":{"cell":"476_-122","r7":0.8,"r14":10.0,"rmax24":0.7}},{"type":"Feature","geometry":{"type":"Polygon","coordinates":[[[119.0,-30.25],[119.25,-30.25],[119.25,-30.0],[119.0,-30.0],[119.0,-30.25]]]},"properties":{"cell":"476_-121","r7":0.5,"r14":6.8,"rmax24":0.5}},{"type":"Feature","geometry":{"type":"Polygon","coordinates":[[[119.0,-30.0],[119.25,-30.0],[119.25,-29.75],[119.0,-29.75],[119.0,-30.0]]]},"properties":{"cell":"476_-120","r7":0.1,"r14":7.0,"rmax24":0.1}},{"type":"Feature","geometry":{"type":"Polygon","coordinates":[[[119.0,-29.75],[119.25,-29.75],[119.25,-29.5],[119.0,-29.5],[119.0,-29.75]]]},"properties":{"cell":"476_-119","r7":0.0,"r14":16.3,"rmax24":0.0}},{"type":"Feature","geometry":{"type":"Polygon","coordinates":[[[119.0,-29.5],[119.25,-29.5],[119.25,-29.25],[119.0,-29.25],[119.0,-29.5]]]},"properties":{"cell":"476_-118","r7":0.0,"r14":6.6,"rmax24":0.0}},{"type":"Feature","geometry":{"type":"Polygon","coordinates":[[[119.0,-29.25],[119.25,-29.25],[119.25,-29.0],[119.0,-29.0],[119.0,-29.25]]]},"properties":{"cell":"476_-117","r7":0.0,"r14":13.4,"rmax24":0.0}},{"type":"Feature","geometry":{"type":"Polygon","coordinates":[[[119.0,-29.0],[119.25,-29.0],[119.25,-28.75],[119.0,-28.75],[119.0,-29.0]]]},"properties":{"cell":"476_-116","r7":0.1,"r14":5.6,"rmax24":0.1}},{"type":"Feature","geometry":{"type":"Polygon","coordinates":[[[119.0,-28.75],[119.25,-28.75],[119.25,-28.5],[119.0,-28.5],[119.0,-28.75]]]},"properties":{"cell":"476_-115","r7":0.0,"r14":3.1,"rmax24":0.0}},{"type":"Feature","geometry":{"type":"Polygon","coordinates":[[[119.0,-28.5],[119.25,-28.5],[119.25,-28.25],[119.0,-28.25],[119.0,-28.5]]]},"properties":{"cell":"476_-114","r7":0.0,"r14":2.1,"rmax24":0.0}},{"type":"Feature","geometry":{"type":"Polygon","coordinates":[[[119.0,-28.25],[119.25,-28.25],[119.25,-28.0],[119.0,-28.0],[119.0,-28.25]]]},"properties":{"cell":"476_-113","r7":0.2,"r14":4.3,"rmax24":0.2}},{"type":"Feature","geometry":{"type":"Polygon","coordinates":[[[119.0,-28.0],[119.25,-28.0],[119.25,-27.75],[119.0,-27.75],[119.0,-28.0]]]},"properties":{"cell":"476_-112","r7":1.4,"r14":4.3,"rmax24":0.7}},{"type":"Feature","geometry":{"type":"Polygon","coordinates":[[[119.0,-27.75],[119.25,-27.75],[119.25,-27.5],[119.0,-27.5],[119.0,-27.75]]]},"properties":{"cell":"476_-111","r7":0.8,"r14":2.8,"rmax24":0.5}},{"type":"Feature","geometry":{"type":"Polygon","coordinates":[[[119.0,-27.5],[119.25,-27.5],[119.25,-27.25],[119.0,-27.25],[119.0,-27.5]]]},"properties":{"cell":"476_-110","r7":0.6,"r14":2.5,"rmax24":0.5}},{"type":"Feature","geometry":{"type":"Polygon","coordinates":[[[119.0,-27.25],[119.25,-27.25],[119.25,-27.0],[119.0,-27.0],[119.0,-27.25]]]},"properties":{"cell":"476_-109","r7":2.3,"r14":4.6,"rmax24":1.8}},{"type":"Feature","geometry":{"type":"Polygon","coordinates":[[[119.0,-27.0],[119.25,-27.0],[119.25,-26.75],[119.0,-26.75],[119.0,-27.0]]]},"properties":{"cell":"476_-108","r7":0.5,"r14":2.3,"rmax24":0.5}},{"type":"Feature","geometry":{"type":"Polygon","coordinates":[[[119.0,-26.75],[119.25,-26.75],[119.25,-26.5],[119.0,-26.5],[119.0,-26.75]]]},"properties":{"cell":"476_-107","r7":1.4,"r14":5.3,"rmax24":0.9}},{"type":"Feature","geometry":{"type":"Polygon","coordinates":[[[119.0,-26.5],[119.25,-26.5],[119.25,-26.25],[119.0,-26.25],[119.0,-26.5]]]},"properties":{"cell":"476_-106","r7":3.0,"r14":5.7,"rmax24":2.5}},{"type":"Feature","geometry":{"type":"Polygon","coordinates":[[[119.0,-26.25],[119.25,-26.25],[119.25,-26.0],[119.0,-26.0],[119.0,-26.25]]]},"properties":{"cell":"476_-105","r7":5.2,"r14":7.1,"rmax24":5.2}},{"type":"Feature","geometry":{"type":"Polygon","coordinates":[[[119.0,-26.0],[119.25,-26.0],[119.25,-25.75],[119.0,-25.75],[119.0,-26.0]]]},"properties":{"cell":"476_-104","r7":4.8,"r14":6.1,"rmax24":4.5}},{"type":"Feature","geometry":{"type":"Polygon","coordinates":[[[119.0,-25.75],[119.25,-25.75],[119.25,-25.5],[119.0,-25.5],[119.0,-25.75]]]},"properties":{"cell":"476_-103","r7":7.1,"r14":8.4,"rmax24":7.1}},{"type":"Feature","geometry":{"type":"Polygon","coordinates":[[[119.0,-25.5],[119.25,-25.5],[119.25,-25.25],[119.0,-25.25],[119.0,-25.5]]]},"properties":{"cell":"476_-102","r7":3.9,"r14":4.7,"rmax24":2.5}},{"type":"Feature","geometry":{"type":"Polygon","coordinates":[[[119.0,-25.25],[119.25,-25.25],[119.25,-25.0],[119.0,-25.0],[119.0,-25.25]]]},"properties":{"cell":"476_-101","r7":1.4,"r14":2.4,"rmax24":0.8}},{"type":"Feature","geometry":{"type":"Polygon","coordinates":[[[119.25,-34.25],[119.5,-34.25],[119.5,-34.0],[119.25,-34.0],[119.25,-34.25]]]},"properties":{"cell":"477_-137","r7":3.1,"r14":22.2,"rmax24":2.8}},{"type":"Feature","geometry":{"type":"Polygon","coordinates":[[[119.25,-34.0],[119.5,-34.0],[119.5,-33.75],[119.25,-33.75],[119.25,-34.0]]]},"properties":{"cell":"477_-136","r7":4.4,"r14":17.9,"rmax24":4.1}},{"type":"Feature","geometry":{"type":"Polygon","coordinates":[[[119.25,-33.75],[119.5,-33.75],[119.5,-33.5],[119.25,-33.5],[119.25,-33.75]]]},"properties":{"cell":"477_-135","r7":3.5,"r14":15.6,"rmax24":3.5}},{"type":"Feature","geometry":{"type":"Polygon","coordinates":[[[119.25,-32.75],[119.5,-32.75],[119.5,-32.5],[119.25,-32.5],[119.25,-32.75]]]},"properties":{"cell":"477_-131","r7":4.1,"r14":18.5,"rmax24":4.1}},{"type":"Feature","geometry":{"type":"Polygon","coordinates":[[[119.25,-32.5],[119.5,-32.5],[119.5,-32.25],[119.25,-32.25],[119.25,-32.5]]]},"properties":{"cell":"477_-130","r7":2.3,"r14":22.8,"rmax24":2.1}},{"type":"Feature","geometry":{"type":"Polygon","coordinates":[[[119.25,-32.25],[119.5,-32.25],[119.5,-32.0],[119.25,-32.0],[119.25,-32.25]]]},"properties":{"cell":"477_-129","r7":2.8,"r14":21.7,"rmax24":2.8}},{"type":"Feature","geometry":{"type":"Polygon","coordinates":[[[119.25,-32.0],[119.5,-32.0],[119.5,-31.75],[119.25,-31.75],[119.25,-32.0]]]},"properties":{"cell":"477_-128","r7":2.4,"r14":21.2,"rmax24":2.4}},{"type":"Feature","geometry":{"type":"Polygon","coordinates":[[[119.25,-31.75],[119.5,-31.75],[119.5,-31.5],[119.25,-31.5],[119.25,-31.75]]]},"properties":{"cell":"477_-127","r7":1.9,"r14":19.9,"rmax24":1.9}},{"type":"Feature","geometry":{"type":"Polygon","coordinates":[[[119.25,-31.5],[119.5,-31.5],[119.5,-31.25],[119.25,-31.25],[119.25,-31.5]]]},"properties":{"cell":"477_-126","r7":4.2,"r14":19.8,"rmax24":4.2}},{"type":"Feature","geometry":{"type":"Polygon","coordinates":[[[119.25,-31.25],[119.5,-31.25],[119.5,-31.0],[119.25,-31.0],[119.25,-31.25]]]},"properties":{"cell":"477_-125","r7":2.1,"r14":14.5,"rmax24":2.1}},{"type":"Feature","geometry":{"type":"Polygon","coordinates":[[[119.25,-31.0],[119.5,-31.0],[119.5,-30.75],[119.25,-30.75],[119.25,-31.0]]]},"properties":{"cell":"477_-124","r7":0.4,"r14":10.4,"rmax24":0.4}},{"type":"Feature","geometry":{"type":"Polygon","coordinates":[[[119.25,-30.75],[119.5,-30.75],[119.5,-30.5],[119.25,-30.5],[119.25,-30.75]]]},"properties":{"cell":"477_-123","r7":0.8,"r14":13.8,"rmax24":0.8}},{"type":"Feature","geometry":{"type":"Polygon","coordinates":[[[119.25,-30.5],[119.5,-30.5],[119.5,-30.25],[119.25,-30.25],[119.25,-30.5]]]},"properties":{"cell":"477_-122","r7":0.7,"r14":9.7,"rmax24":0.7}},{"type":"Feature","geometry":{"type":"Polygon","coordinates":[[[119.25,-30.25],[119.5,-30.25],[119.5,-30.0],[119.25,-30.0],[119.25,-30.25]]]},"properties":{"cell":"477_-121","r7":0.4,"r14":9.5,"rmax24":0.4}},{"type":"Feature","geometry":{"type":"Polygon","coordinates":[[[119.25,-30.0],[119.5,-30.0],[119.5,-29.75],[119.25,-29.75],[119.25,-30.0]]]},"properties":{"cell":"477_-120","r7":0.0,"r14":9.9,"rmax24":0.0}},{"type":"Feature","geometry":{"type":"Polygon","coordinates":[[[119.25,-29.75],[119.5,-29.75],[119.5,-29.5],[119.25,-29.5],[119.25,-29.75]]]},"properties":{"cell":"477_-119","r7":0.0,"r14":6.1,"rmax24":0.0}},{"type":"Feature","geometry":{"type":"Polygon","coordinates":[[[119.25,-29.5],[119.5,-29.5],[119.5,-29.25],[119.25,-29.25],[119.25,-29.5]]]},"properties":{"cell":"477_-118","r7":0.0,"r14":9.1,"rmax24":0.0}},{"type":"Feature","geometry":{"type":"Polygon","coordinates":[[[119.25,-29.25],[119.5,-29.25],[119.5,-29.0],[119.25,-29.0],[119.25,-29.25]]]},"properties":{"cell":"477_-117","r7":0.0,"r14":6.2,"rmax24":0.0}},{"type":"Feature","geometry":{"type":"Polygon","coordinates":[[[119.25,-29.0],[119.5,-29.0],[119.5,-28.75],[119.25,-28.75],[119.25,-29.0]]]},"properties":{"cell":"477_-116","r7":0.0,"r14":5.9,"rmax24":0.0}},{"type":"Feature","geometry":{"type":"Polygon","coordinates":[[[119.25,-28.75],[119.5,-28.75],[119.5,-28.5],[119.25,-28.5],[119.25,-28.75]]]},"properties":{"cell":"477_-115","r7":0.0,"r14":3.5,"rmax24":0.0}},{"type":"Feature","geometry":{"type":"Polygon","coordinates":[[[119.25,-28.5],[119.5,-28.5],[119.5,-28.25],[119.25,-28.25],[119.25,-28.5]]]},"properties":{"cell":"477_-114","r7":0.0,"r14":2.4,"rmax24":0.0}},{"type":"Feature","geometry":{"type":"Polygon","coordinates":[[[119.25,-28.25],[119.5,-28.25],[119.5,-28.0],[119.25,-28.0],[119.25,-28.25]]]},"properties":{"cell":"477_-113","r7":0.7,"r14":3.4,"rmax24":0.6}},{"type":"Feature","geometry":{"type":"Polygon","coordinates":[[[119.25,-28.0],[119.5,-28.0],[119.5,-27.75],[119.25,-27.75],[119.25,-28.0]]]},"properties":{"cell":"477_-112","r7":0.7,"r14":2.9,"rmax24":0.4}},{"type":"Feature","geometry":{"type":"Polygon","coordinates":[[[119.25,-27.75],[119.5,-27.75],[119.5,-27.5],[119.25,-27.5],[119.25,-27.75]]]},"properties":{"cell":"477_-111","r7":0.8,"r14":2.4,"rmax24":0.5}},{"type":"Feature","geometry":{"type":"Polygon","coordinates":[[[119.25,-27.5],[119.5,-27.5],[119.5,-27.25],[119.25,-27.25],[119.25,-27.5]]]},"properties":{"cell":"477_-110","r7":1.0,"r14":3.5,"rmax24":0.5}},{"type":"Feature","geometry":{"type":"Polygon","coordinates":[[[119.25,-27.25],[119.5,-27.25],[119.5,-27.0],[119.25,-27.0],[119.25,-27.25]]]},"properties":{"cell":"477_-109","r7":1.3,"r14":3.1,"rmax24":1.0}},{"type":"Feature","geometry":{"type":"Polygon","coordinates":[[[119.25,-27.0],[119.5,-27.0],[119.5,-26.75],[119.25,-26.75],[119.25,-27.0]]]},"properties":{"cell":"477_-108","r7":0.7,"r14":2.3,"rmax24":0.6}},{"type":"Feature","geometry":{"type":"Polygon","coordinates":[[[119.25,-26.75],[119.5,-26.75],[119.5,-26.5],[119.25,-26.5],[119.25,-26.75]]]},"properties":{"cell":"477_-107","r7":1.7,"r14":4.7,"rmax24":1.2}},{"type":"Feature","geometry":{"type":"Polygon","coordinates":[[[119.25,-26.5],[119.5,-26.5],[119.5,-26.25],[119.25,-26.25],[119.25,-26.5]]]},"properties":{"cell":"477_-106","r7":2.9,"r14":5.1,"rmax24":2.8}},{"type":"Feature","geometry":{"type":"Polygon","coordinates":[[[119.25,-26.0],[119.5,-26.0],[119.5,-25.75],[119.25,-25.75],[119.25,-26.0]]]},"properties":{"cell":"477_-104","r7":4.0,"r14":5.3,"rmax24":3.7}},{"type":"Feature","geometry":{"type":"Polygon","coordinates":[[[119.25,-25.75],[119.5,-25.75],[119.5,-25.5],[119.25,-25.5],[119.25,-25.75]]]},"properties":{"cell":"477_-103","r7":5.4,"r14":7.0,"rmax24":5.3}},{"type":"Feature","geometry":{"type":"Polygon","coordinates":[[[119.25,-25.5],[119.5,-25.5],[119.5,-25.25],[119.25,-25.25],[119.25,-25.5]]]},"properties":{"cell":"477_-102","r7":4.0,"r14":4.6,"rmax24":2.5}},{"type":"Feature","geometry":{"type":"Polygon","coordinates":[[[119.25,-25.25],[119.5,-25.25],[119.5,-25.0],[119.25,-25.0],[119.25,-25.25]]]},"properties":{"cell":"477_-101","r7":1.0,"r14":1.6,"rmax24":1.0}},{"type":"Feature","geometry":{"type":"Polygon","coordinates":[[[119.25,-25.0],[119.5,-25.0],[119.5,-24.75],[119.25,-24.75],[119.25,-25.0]]]},"properties":{"cell":"477_-100","r7":0.9,"r14":1.5,"rmax24":0.6}},{"type":"Feature","geometry":{"type":"Polygon","coordinates":[[[119.5,-32.75],[119.75,-32.75],[119.75,-32.5],[119.5,-32.5],[119.5,-32.75]]]},"properties":{"cell":"478_-131","r7":3.3,"r14":22.4,"rmax24":3.3}},{"type":"Feature","geometry":{"type":"Polygon","coordinates":[[[119.5,-32.5],[119.75,-32.5],[119.75,-32.25],[119.5,-32.25],[119.5,-32.5]]]},"properties":{"cell":"478_-130","r7":1.9,"r14":22.5,"rmax24":1.9}},{"type":"Feature","geometry":{"type":"Polygon","coordinates":[[[119.5,-32.25],[119.75,-32.25],[119.75,-32.0],[119.5,-32.0],[119.5,-32.25]]]},"properties":{"cell":"478_-129","r7":4.5,"r14":22.5,"rmax24":4.5}},{"type":"Feature","geometry":{"type":"Polygon","coordinates":[[[119.5,-32.0],[119.75,-32.0],[119.75,-31.75],[119.5,-31.75],[119.5,-32.0]]]},"properties":{"cell":"478_-128","r7":3.4,"r14":23.1,"rmax24":3.4}},{"type":"Feature","geometry":{"type":"Polygon","coordinates":[[[119.5,-31.75],[119.75,-31.75],[119.75,-31.5],[119.5,-31.5],[119.5,-31.75]]]},"properties":{"cell":"478_-127","r7":2.2,"r14":12.4,"rmax24":2.2}},{"type":"Feature","geometry":{"type":"Polygon","coordinates":[[[119.5,-31.5],[119.75,-31.5],[119.75,-31.25],[119.5,-31.25],[119.5,-31.5]]]},"properties":{"cell":"478_-126","r7":2.4,"r14":14.4,"rmax24":2.4}},{"type":"Feature","geometry":{"type":"Polygon","coordinates":[[[119.5,-31.25],[119.75,-31.25],[119.75,-31.0],[119.5,-31.0],[119.5,-31.25]]]},"properties":{"cell":"478_-125","r7":1.6,"r14":12.4,"rmax24":1.6}},{"type":"Feature","geometry":{"type":"Polygon","coordinates":[[[119.5,-31.0],[119.75,-31.0],[119.75,-30.75],[119.5,-30.75],[119.5,-31.0]]]},"properties":{"cell":"478_-124","r7":1.1,"r14":12.6,"rmax24":1.0}},{"type":"Feature","geometry":{"type":"Polygon","coordinates":[[[119.5,-30.75],[119.75,-30.75],[119.75,-30.5],[119.5,-30.5],[119.5,-30.75]]]},"properties":{"cell":"478_-123","r7":0.7,"r14":11.4,"rmax24":0.7}},{"type":"Feature","geometry":{"type":"Polygon","coordinates":[[[119.5,-30.5],[119.75,-30.5],[119.75,-30.25],[119.5,-30.25],[119.5,-30.5]]]},"properties":{"cell":"478_-122","r7":2.2,"r14":14.0,"rmax24":2.2}},{"type":"Feature","geometry":{"type":"Polygon","coordinates":[[[119.5,-30.25],[119.75,-30.25],[119.75,-30.0],[119.5,-30.0],[119.5,-30.25]]]},"properties":{"cell":"478_-121","r7":0.2,"r14":10.8,"rmax24":0.1}},{"type":"Feature","geometry":{"type":"Polygon","coordinates":[[[119.5,-30.0],[119.75,-30.0],[119.75,-29.75],[119.5,-29.75],[119.5,-30.0]]]},"properties":{"cell":"478_-120","r7":0.0,"r14":6.3,"rmax24":0.0}},{"type":"Feature","geometry":{"type":"Polygon","coordinates":[[[119.5,-29.75],[119.75,-29.75],[119.75,-29.5],[119.5,-29.5],[119.5,-29.75]]]},"properties":{"cell":"478_-119","r7":0.0,"r14":6.2,"rmax24":0.0}},{"type":"Feature","geometry":{"type":"Polygon","coordinates":[[[119.5,-29.5],[119.75,-29.5],[119.75,-29.25],[119.5,-29.25],[119.5,-29.5]]]},"properties":{"cell":"478_-118","r7":0.0,"r14":5.9,"rmax24":0.0}},{"type":"Feature","geometry":{"type":"Polygon","coordinates":[[[119.5,-29.25],[119.75,-29.25],[119.75,-29.0],[119.5,-29.0],[119.5,-29.25]]]},"properties":{"cell":"478_-117","r7":0.2,"r14":5.3,"rmax24":0.2}},{"type":"Feature","geometry":{"type":"Polygon","coordinates":[[[119.5,-29.0],[119.75,-29.0],[119.75,-28.75],[119.5,-28.75],[119.5,-29.0]]]},"properties":{"cell":"478_-116","r7":0.0,"r14":7.3,"rmax24":0.0}},{"type":"Feature","geometry":{"type":"Polygon","coordinates":[[[119.5,-28.75],[119.75,-28.75],[119.75,-28.5],[119.5,-28.5],[119.5,-28.75]]]},"properties":{"cell":"478_-115","r7":0.0,"r14":3.1,"rmax24":0.0}},{"type":"Feature","geometry":{"type":"Polygon","coordinates":[[[119.5,-28.5],[119.75,-28.5],[119.75,-28.25],[119.5,-28.25],[119.5,-28.5]]]},"properties":{"cell":"478_-114","r7":0.0,"r14":3.1,"rmax24":0.0}},{"type":"Feature","geometry":{"type":"Polygon","coordinates":[[[119.5,-28.25],[119.75,-28.25],[119.75,-28.0],[119.5,-28.0],[119.5,-28.25]]]},"properties":{"cell":"478_-113","r7":0.7,"r14":3.0,"rmax24":0.6}},{"type":"Feature","geometry":{"type":"Polygon","coordinates":[[[119.5,-28.0],[119.75,-28.0],[119.75,-27.75],[119.5,-27.75],[119.5,-28.0]]]},"properties":{"cell":"478_-112","r7":0.6,"r14":3.5,"rmax24":0.4}},{"type":"Feature","geometry":{"type":"Polygon","coordinates":[[[119.5,-27.75],[119.75,-27.75],[119.75,-27.5],[119.5,-27.5],[119.5,-27.75]]]},"properties":{"cell":"478_-111","r7":0.7,"r14":2.9,"rmax24":0.4}},{"type":"Feature","geometry":{"type":"Polygon","coordinates":[[[119.5,-27.5],[119.75,-27.5],[119.75,-27.25],[119.5,-27.25],[119.5,-27.5]]]},"properties":{"cell":"478_-110","r7":1.0,"r14":2.5,"rmax24":0.7}},{"type":"Feature","geometry":{"type":"Polygon","coordinates":[[[119.5,-27.25],[119.75,-27.25],[119.75,-27.0],[119.5,-27.0],[119.5,-27.25]]]},"properties":{"cell":"478_-109","r7":0.6,"r14":2.1,"rmax24":0.6}},{"type":"Feature","geometry":{"type":"Polygon","coordinates":[[[119.5,-27.0],[119.75,-27.0],[119.75,-26.75],[119.5,-26.75],[119.5,-27.0]]]},"properties":{"cell":"478_-108","r7":0.4,"r14":2.5,"rmax24":0.2}},{"type":"Feature","geometry":{"type":"Polygon","coordinates":[[[119.5,-26.75],[119.75,-26.75],[119.75,-26.5],[119.5,-26.5],[119.5,-26.75]]]},"properties":{"cell":"478_-107","r7":1.4,"r14":3.3,"rmax24":1.0}},{"type":"Feature","geometry":{"type":"Polygon","coordinates":[[[119.5,-26.5],[119.75,-26.5],[119.75,-26.25],[119.5,-26.25],[119.5,-26.5]]]},"properties":{"cell":"478_-106","r7":2.2,"r14":3.8,"rmax24":2.2}},{"type":"Feature","geometry":{"type":"Polygon","coordinates":[[[119.5,-26.0],[119.75,-26.0],[119.75,-25.75],[119.5,-25.75],[119.5,-26.0]]]},"properties":{"cell":"478_-104","r7":6.3,"r14":7.3,"rmax24":6.0}},{"type":"Feature","geometry":{"type":"Polygon","coordinates":[[[119.5,-25.75],[119.75,-25.75],[119.75,-25.5],[119.5,-25.5],[119.5,-25.75]]]},"properties":{"cell":"478_-103","r7":6.7,"r14":7.8,"rmax24":5.0}},{"type":"Feature","geometry":{"type":"Polygon","coordinates":[[[119.5,-25.5],[119.75,-25.5],[119.75,-25.25],[119.5,-25.25],[119.5,-25.5]]]},"properties":{"cell":"478_-102","r7":2.6,"r14":3.4,"rmax24":2.2}},{"type":"Feature","geometry":{"type":"Polygon","coordinates":[[[119.5,-25.25],[119.75,-25.25],[119.75,-25.0],[119.5,-25.0],[119.5,-25.25]]]},"properties":{"cell":"478_-101","r7":1.3,"r14":1.8,"rmax24":1.3}},{"type":"Feature","geometry":{"type":"Polygon","coordinates":[[[119.5,-25.0],[119.75,-25.0],[119.75,-24.75],[119.5,-24.75],[119.5,-25.0]]]},"properties":{"cell":"478_-100","r7":1.2,"r14":1.7,"rmax24":0.9}},{"type":"Feature","geometry":{"type":"Polygon","coordinates":[[[119.75,-34.25],[120.0,-34.25],[120.0,-34.0],[119.75,-34.0],[119.75,-34.25]]]},"properties":{"cell":"479_-137","r7":5.2,"r14":58.1,"rmax24":4.8}},{"type":"Feature","geometry":{"type":"Polygon","coordinates":[[[119.75,-34.0],[120.0,-34.0],[120.0,-33.75],[119.75,-33.75],[119.75,-34.0]]]},"properties":{"cell":"479_-136","r7":6.7,"r14":22.2,"rmax24":6.6}},{"type":"Feature","geometry":{"type":"Polygon","coordinates":[[[119.75,-33.75],[120.0,-33.75],[120.0,-33.5],[119.75,-33.5],[119.75,-33.75]]]},"properties":{"cell":"479_-135","r7":4.4,"r14":16.1,"rmax24":4.4}},{"type":"Feature","geometry":{"type":"Polygon","coordinates":[[[119.75,-33.5],[120.0,-33.5],[120.0,-33.25],[119.75,-33.25],[119.75,-33.5]]]},"properties":{"cell":"479_-134","r7":3.9,"r14":16.6,"rmax24":3.9}},{"type":"Feature","geometry":{"type":"Polygon","coordinates":[[[119.75,-32.75],[120.0,-32.75],[120.0,-32.5],[119.75,-32.5],[119.75,-32.75]]]},"properties":{"cell":"479_-131","r7":3.6,"r14":22.8,"rmax24":3.6}},{"type":"Feature","geometry":{"type":"Polygon","coordinates":[[[119.75,-32.5],[120.0,-32.5],[120.0,-32.25],[119.75,-32.25],[119.75,-32.5]]]},"properties":{"cell":"479_-130","r7":2.8,"r14":20.2,"rmax24":2.8}},{"type":"Feature","geometry":{"type":"Polygon","coordinates":[[[119.75,-32.25],[120.0,-32.25],[120.0,-32.0],[119.75,-32.0],[119.75,-32.25]]]},"properties":{"cell":"479_-129","r7":3.7,"r14":22.1,"rmax24":3.7}},{"type":"Feature","geometry":{"type":"Polygon","coordinates":[[[119.75,-32.0],[120.0,-32.0],[120.0,-31.75],[119.75,-31.75],[119.75,-32.0]]]},"properties":{"cell":"479_-128","r7":3.5,"r14":19.1,"rmax24":3.4}},{"type":"Feature","geometry":{"type":"Polygon","coordinates":[[[119.75,-31.75],[120.0,-31.75],[120.0,-31.5],[119.75,-31.5],[119.75,-31.75]]]},"properties":{"cell":"479_-127","r7":2.2,"r14":13.6,"rmax24":2.2}},{"type":"Feature","geometry":{"type":"Polygon","coordinates":[[[119.75,-31.5],[120.0,-31.5],[120.0,-31.25],[119.75,-31.25],[119.75,-31.5]]]},"properties":{"cell":"479_-126","r7":1.8,"r14":15.7,"rmax24":1.8}},{"type":"Feature","geometry":{"type":"Polygon","coordinates":[[[119.75,-31.25],[120.0,-31.25],[120.0,-31.0],[119.75,-31.0],[119.75,-31.25]]]},"properties":{"cell":"479_-125","r7":0.9,"r14":12.5,"rmax24":0.9}},{"type":"Feature","geometry":{"type":"Polygon","coordinates":[[[119.75,-31.0],[120.0,-31.0],[120.0,-30.75],[119.75,-30.75],[119.75,-31.0]]]},"properties":{"cell":"479_-124","r7":0.6,"r14":14.4,"rmax24":0.6}},{"type":"Feature","geometry":{"type":"Polygon","coordinates":[[[119.75,-30.75],[120.0,-30.75],[120.0,-30.5],[119.75,-30.5],[119.75,-30.75]]]},"properties":{"cell":"479_-123","r7":1.0,"r14":12.5,"rmax24":1.0}},{"type":"Feature","geometry":{"type":"Polygon","coordinates":[[[119.75,-30.5],[120.0,-30.5],[120.0,-30.25],[119.75,-30.25],[119.75,-30.5]]]},"properties":{"cell":"479_-122","r7":0.6,"r14":13.8,"rmax24":0.5}},{"type":"Feature","geometry":{"type":"Polygon","coordinates":[[[119.75,-30.25],[120.0,-30.25],[120.0,-30.0],[119.75,-30.0],[119.75,-30.25]]]},"properties":{"cell":"479_-121","r7":0.1,"r14":10.0,"rmax24":0.1}},{"type":"Feature","geometry":{"type":"Polygon","coordinates":[[[119.75,-29.75],[120.0,-29.75],[120.0,-29.5],[119.75,-29.5],[119.75,-29.75]]]},"properties":{"cell":"479_-119","r7":0.0,"r14":5.9,"rmax24":0.0}},{"type":"Feature","geometry":{"type":"Polygon","coordinates":[[[119.75,-29.5],[120.0,-29.5],[120.0,-29.25],[119.75,-29.25],[119.75,-29.5]]]},"properties":{"cell":"479_-118","r7":0.0,"r14":16.4,"rmax24":0.0}},{"type":"Feature","geometry":{"type":"Polygon","coordinates":[[[119.75,-29.25],[120.0,-29.25],[120.0,-29.0],[119.75,-29.0],[119.75,-29.25]]]},"properties":{"cell":"479_-117","r7":0.0,"r14":5.4,"rmax24":0.0}},{"type":"Feature","geometry":{"type":"Polygon","coordinates":[[[119.75,-29.0],[120.0,-29.0],[120.0,-28.75],[119.75,-28.75],[119.75,-29.0]]]},"properties":{"cell":"479_-116","r7":0.0,"r14":4.9,"rmax24":0.0}},{"type":"Feature","geometry":{"type":"Polygon","coordinates":[[[119.75,-28.75],[120.0,-28.75],[120.0,-28.5],[119.75,-28.5],[119.75,-28.75]]]},"properties":{"cell":"479_-115","r7":0.3,"r14":3.4,"rmax24":0.3}},{"type":"Feature","geometry":{"type":"Polygon","coordinates":[[[119.75,-28.5],[120.0,-28.5],[120.0,-28.25],[119.75,-28.25],[119.75,-28.5]]]},"properties":{"cell":"479_-114","r7":0.2,"r14":2.5,"rmax24":0.2}},{"type":"Feature","geometry":{"type":"Polygon","coordinates":[[[119.75,-28.25],[120.0,-28.25],[120.0,-28.0],[119.75,-28.0],[119.75,-28.25]]]},"properties":{"cell":"479_-113","r7":0.5,"r14":2.8,"rmax24":0.4}},{"type":"Feature","geometry":{"type":"Polygon","coordinates":[[[119.75,-28.0],[120.0,-28.0],[120.0,-27.75],[119.75,-27.75],[119.75,-28.0]]]},"properties":{"cell":"479_-112","r7":0.3,"r14":2.9,"rmax24":0.2}},{"type":"Feature","geometry":{"type":"Polygon","coordinates":[[[119.75,-27.75],[120.0,-27.75],[120.0,-27.5],[119.75,-27.5],[119.75,-27.75]]]},"properties":{"cell":"479_-111","r7":0.3,"r14":1.4,"rmax24":0.2}},{"type":"Feature","geometry":{"type":"Polygon","coordinates":[[[119.75,-27.5],[120.0,-27.5],[120.0,-27.25],[119.75,-27.25],[119.75,-27.5]]]},"properties":{"cell":"479_-110","r7":0.6,"r14":2.3,"rmax24":0.3}},{"type":"Feature","geometry":{"type":"Polygon","coordinates":[[[119.75,-27.25],[120.0,-27.25],[120.0,-27.0],[119.75,-27.0],[119.75,-27.25]]]},"properties":{"cell":"479_-109","r7":0.1,"r14":1.4,"rmax24":0.1}},{"type":"Feature","geometry":{"type":"Polygon","coordinates":[[[119.75,-27.0],[120.0,-27.0],[120.0,-26.75],[119.75,-26.75],[119.75,-27.0]]]},"properties":{"cell":"479_-108","r7":0.4,"r14":2.6,"rmax24":0.3}},{"type":"Feature","geometry":{"type":"Polygon","coordinates":[[[119.75,-26.75],[120.0,-26.75],[120.0,-26.5],[119.75,-26.5],[119.75,-26.75]]]},"properties":{"cell":"479_-107","r7":1.0,"r14":2.4,"rmax24":0.9}},{"type":"Feature","geometry":{"type":"Polygon","coordinates":[[[119.75,-26.5],[120.0,-26.5],[120.0,-26.25],[119.75,-26.25],[119.75,-26.5]]]},"properties":{"cell":"479_-106","r7":2.9,"r14":4.8,"rmax24":2.9}},{"type":"Feature","geometry":{"type":"Polygon","coordinates":[[[119.75,-25.75],[120.0,-25.75],[120.0,-25.5],[119.75,-25.5],[119.75,-25.75]]]},"properties":{"cell":"479_-103","r7":5.5,"r14":6.5,"rmax24":3.9}},{"type":"Feature","geometry":{"type":"Polygon","coordinates":[[[119.75,-25.5],[120.0,-25.5],[120.0,-25.25],[119.75,-25.25],[119.75,-25.5]]]},"properties":{"cell":"479_-102","r7":1.7,"r14":2.2,"rmax24":1.7}},{"type":"Feature","geometry":{"type":"Polygon","coordinates":[[[119.75,-25.25],[120.0,-25.25],[120.0,-25.0],[119.75,-25.0],[119.75,-25.25]]]},"properties":{"cell":"479_-101","r7":2.1,"r14":2.8,"rmax24":1.5}},{"type":"Feature","geometry":{"type":"Polygon","coordinates":[[[119.75,-25.0],[120.0,-25.0],[120.0,-24.75],[119.75,-24.75],[119.75,-25.0]]]},"properties":{"cell":"479_-100","r7":1.0,"r14":1.8,"rmax24":0.7}},{"type":"Feature","geometry":{"type":"Polygon","coordinates":[[[119.75,-24.25],[120.0,-24.25],[120.0,-24.0],[119.75,-24.0],[119.75,-24.25]]]},"properties":{"cell":"479_-97","r7":0.4,"r14":1.1,"rmax24":0.4}},{"type":"Feature","geometry":{"type":"Polygon","coordinates":[[[119.75,-24.0],[120.0,-24.0],[120.0,-23.75],[119.75,-23.75],[119.75,-24.0]]]},"properties":{"cell":"479_-96","r7":0.4,"r14":1.9,"rmax24":0.4}},{"type":"Feature","geometry":{"type":"Polygon","coordinates":[[[120.0,-34.25],[120.25,-34.25],[120.25,-34.0],[120.0,-34.0],[120.0,-34.25]]]},"properties":{"cell":"480_-137","r7":5.9,"r14":55.0,"rmax24":5.1}},{"type":"Feature","geometry":{"type":"Polygon","coordinates":[[[120.0,-34.0],[120.25,-34.0],[120.25,-33.75],[120.0,-33.75],[120.0,-34.0]]]},"properties":{"cell":"480_-136","r7":2.1,"r14":36.8,"rmax24":1.9}},{"type":"Feature","geometry":{"type":"Polygon","coordinates":[[[120.0,-33.75],[120.25,-33.75],[120.25,-33.5],[120.0,-33.5],[120.0,-33.75]]]},"properties":{"cell":"480_-135","r7":3.5,"r14":20.7,"rmax24":3.5}},{"type":"Feature","geometry":{"type":"Polygon","coordinates":[[[120.0,-33.5],[120.25,-33.5],[120.25,-33.25],[120.0,-33.25],[120.0,-33.5]]]},"properties":{"cell":"480_-134","r7":2.2,"r14":16.2,"rmax24":2.2}},{"type":"Feature","geometry":{"type":"Polygon","coordinates":[[[120.0,-32.75],[120.25,-32.75],[120.25,-32.5],[120.0,-32.5],[120.0,-32.75]]]},"properties":{"cell":"480_-131","r7":2.3,"r14":18.2,"rmax24":2.3}},{"type":"Feature","geometry":{"type":"Polygon","coordinates":[[[120.0,-32.5],[120.25,-32.5],[120.25,-32.25],[120.0,-32.25],[120.0,-32.5]]]},"properties":{"cell":"480_-130","r7":3.6,"r14":20.2,"rmax24":3.6}},{"type":"Feature","geometry":{"type":"Polygon","coordinates":[[[120.0,-32.25],[120.25,-32.25],[120.25,-32.0],[120.0,-32.0],[120.0,-32.25]]]},"properties":{"cell":"480_-129","r7":2.9,"r14":20.0,"rmax24":2.9}},{"type":"Feature","geometry":{"type":"Polygon","coordinates":[[[120.0,-32.0],[120.25,-32.0],[120.25,-31.75],[120.0,-31.75],[120.0,-32.0]]]},"properties":{"cell":"480_-128","r7":3.3,"r14":17.3,"rmax24":3.3}},{"type":"Feature","geometry":{"type":"Polygon","coordinates":[[[120.0,-31.25],[120.25,-31.25],[120.25,-31.0],[120.0,-31.0],[120.0,-31.25]]]},"properties":{"cell":"480_-125","r7":1.2,"r14":11.1,"rmax24":1.2}},{"type":"Feature","geometry":{"type":"Polygon","coordinates":[[[120.0,-31.0],[120.25,-31.0],[120.25,-30.75],[120.0,-30.75],[120.0,-31.0]]]},"properties":{"cell":"480_-124","r7":1.2,"r14":12.1,"rmax24":1.2}},{"type":"Feature","geometry":{"type":"Polygon","coordinates":[[[120.0,-30.75],[120.25,-30.75],[120.25,-30.5],[120.0,-30.5],[120.0,-30.75]]]},"properties":{"cell":"480_-123","r7":0.9,"r14":11.5,"rmax24":0.8}},{"type":"Feature","geometry":{"type":"Polygon","coordinates":[[[120.0,-30.5],[120.25,-30.5],[120.25,-30.25],[120.0,-30.25],[120.0,-30.5]]]},"properties":{"cell":"480_-122","r7":0.5,"r14":10.2,"rmax24":0.4}},{"type":"Feature","geometry":{"type":"Polygon","coordinates":[[[120.0,-30.25],[120.25,-30.25],[120.25,-30.0],[120.0,-30.0],[120.0,-30.25]]]},"properties":{"cell":"480_-121","r7":0.1,"r14":8.0,"rmax24":0.1}},{"type":"Feature","geometry":{"type":"Polygon","coordinates":[[[120.0,-29.75],[120.25,-29.75],[120.25,-29.5],[120.0,-29.5],[120.0,-29.75]]]},"properties":{"cell":"480_-119","r7":0.0,"r14":11.7,"rmax24":0.0}},{"type":"Feature","geometry":{"type":"Polygon","coordinates":[[[120.0,-29.5],[120.25,-29.5],[120.25,-29.25],[120.0,-29.25],[120.0,-29.5]]]},"properties":{"cell":"480_-118","r7":0.1,"r14":6.7,"rmax24":0.1}},{"type":"Feature","geometry":{"type":"Polygon","coordinates":[[[120.0,-29.25],[120.25,-29.25],[120.25,-29.0],[120.0,-29.0],[120.0,-29.25]]]},"properties":{"cell":"480_-117","r7":0.0,"r14":5.6,"rmax24":0.0}},{"type":"Feature","geometry":{"type":"Polygon","coordinates":[[[120.0,-29.0],[120.25,-29.0],[120.25,-28.75],[120.0,-28.75],[120.0,-29.0]]]},"properties":{"cell":"480_-116","r7":0.0,"r14":5.5,"rmax24":0.0}},{"type":"Feature","geometry":{"type":"Polygon","coordinates":[[[120.0,-28.75],[120.25,-28.75],[120.25,-28.5],[120.0,-28.5],[120.0,-28.75]]]},"properties":{"cell":"480_-115","r7":0.0,"r14":3.2,"rmax24":0.0}},{"type":"Feature","geometry":{"type":"Polygon","coordinates":[[[120.0,-28.5],[120.25,-28.5],[120.25,-28.25],[120.0,-28.25],[120.0,-28.5]]]},"properties":{"cell":"480_-114","r7":0.9,"r14":2.9,"rmax24":0.9}},{"type":"Feature","geometry":{"type":"Polygon","coordinates":[[[120.0,-28.25],[120.25,-28.25],[120.25,-28.0],[120.0,-28.0],[120.0,-28.25]]]},"properties":{"cell":"480_-113","r7":0.8,"r14":4.0,"rmax24":0.7}},{"type":"Feature","geometry":{"type":"Polygon","coordinates":[[[120.0,-28.0],[120.25,-28.0],[120.25,-27.75],[120.0,-27.75],[120.0,-28.0]]]},"properties":{"cell":"480_-112","r7":0.4,"r14":2.5,"rmax24":0.3}},{"type":"Feature","geometry":{"type":"Polygon","coordinates":[[[120.0,-27.75],[120.25,-27.75],[120.25,-27.5],[120.0,-27.5],[120.0,-27.75]]]},"properties":{"cell":"480_-111","r7":0.2,"r14":2.4,"rmax24":0.1}},{"type":"Feature","geometry":{"type":"Polygon","coordinates":[[[120.0,-27.25],[120.25,-27.25],[120.25,-27.0],[120.0,-27.0],[120.0,-27.25]]]},"properties":{"cell":"480_-109","r7":2.0,"r14":3.1,"rmax24":1.7}},{"type":"Feature","geometry":{"type":"Polygon","coordinates":[[[120.0,-27.0],[120.25,-27.0],[120.25,-26.75],[120.0,-26.75],[120.0,-27.0]]]},"properties":{"cell":"480_-108","r7":0.8,"r14":2.1,"rmax24":0.7}},{"type":"Feature","geometry":{"type":"Polygon","coordinates":[[[120.0,-26.75],[120.25,-26.75],[120.25,-26.5],[120.0,-26.5],[120.0,-26.75]]]},"properties":{"cell":"480_-107","r7":0.7,"r14":1.8,"rmax24":0.7}},{"type":"Feature","geometry":{"type":"Polygon","coordinates":[[[120.0,-26.5],[120.25,-26.5],[120.25,-26.25],[120.0,-26.25],[120.0,-26.5]]]},"properties":{"cell":"480_-106","r7":3.7,"r14":5.3,"rmax24":3.6}},{"type":"Feature","geometry":{"type":"Polygon","coordinates":[[[120.0,-25.5],[120.25,-25.5],[120.25,-25.25],[120.0,-25.25],[120.0,-25.5]]]},"properties":{"cell":"480_-102","r7":1.1,"r14":1.6,"rmax24":0.8}},{"type":"Feature","geometry":{"type":"Polygon","coordinates":[[[120.0,-25.25],[120.25,-25.25],[120.25,-25.0],[120.0,-25.0],[120.0,-25.25]]]},"properties":{"cell":"480_-101","r7":2.1,"r14":2.9,"rmax24":1.3}},{"type":"Feature","geometry":{"type":"Polygon","coordinates":[[[120.0,-25.0],[120.25,-25.0],[120.25,-24.75],[120.0,-24.75],[120.0,-25.0]]]},"properties":{"cell":"480_-100","r7":1.8,"r14":2.7,"rmax24":1.1}},{"type":"Feature","geometry":{"type":"Polygon","coordinates":[[[120.0,-24.25],[120.25,-24.25],[120.25,-24.0],[120.0,-24.0],[120.0,-24.25]]]},"properties":{"cell":"480_-97","r7":0.8,"r14":1.7,"rmax24":0.8}},{"type":"Feature","geometry":{"type":"Polygon","coordinates":[[[120.0,-24.0],[120.25,-24.0],[120.25,-23.75],[120.0,-23.75],[120.0,-24.0]]]},"properties":{"cell":"480_-96","r7":0.7,"r14":2.1,"rmax24":0.5}},{"type":"Feature","geometry":{"type":"Polygon","coordinates":[[[120.25,-34.25],[120.5,-34.25],[120.5,-34.0],[120.25,-34.0],[120.25,-34.25]]]},"properties":{"cell":"481_-137","r7":9.2,"r14":59.1,"rmax24":6.1}},{"type":"Feature","geometry":{"type":"Polygon","coordinates":[[[120.25,-34.0],[120.5,-34.0],[120.5,-33.75],[120.25,-33.75],[120.25,-34.0]]]},"properties":{"cell":"481_-136","r7":4.7,"r14":44.1,"rmax24":4.3}},{"type":"Feature","geometry":{"type":"Polygon","coordinates":[[[120.25,-33.75],[120.5,-33.75],[120.5,-33.5],[120.25,-33.5],[120.25,-33.75]]]},"properties":{"cell":"481_-135","r7":4.3,"r14":32.6,"rmax24":4.3}},{"type":"Feature","geometry":{"type":"Polygon","coordinates":[[[120.25,-33.5],[120.5,-33.5],[120.5,-33.25],[120.25,-33.25],[120.25,-33.5]]]},"properties":{"cell":"481_-134","r7":2.5,"r14":15.3,"rmax24":2.5}},{"type":"Feature","geometry":{"type":"Polygon","coordinates":[[[120.25,-31.5],[120.5,-31.5],[120.5,-31.25],[120.25,-31.25],[120.25,-31.5]]]},"properties":{"cell":"481_-126","r7":1.3,"r14":11.7,"rmax24":1.3}},{"type":"Feature","geometry":{"type":"Polygon","coordinates":[[[120.25,-31.25],[120.5,-31.25],[120.5,-31.0],[120.25,-31.0],[120.25,-31.25]]]},"properties":{"cell":"481_-125","r7":0.7,"r14":11.1,"rmax24":0.7}},{"type":"Feature","geometry":{"type":"Polygon","coordinates":[[[120.25,-31.0],[120.5,-31.0],[120.5,-30.75],[120.25,-30.75],[120.25,-31.0]]]},"properties":{"cell":"481_-124","r7":1.8,"r14":19.2,"rmax24":1.8}},{"type":"Feature","geometry":{"type":"Polygon","coordinates":[[[120.25,-30.75],[120.5,-30.75],[120.5,-30.5],[120.25,-30.5],[120.25,-30.75]]]},"properties":{"cell":"481_-123","r7":0.5,"r14":9.8,"rmax24":0.5}},{"type":"Feature","geometry":{"type":"Polygon","coordinates":[[[120.25,-30.5],[120.5,-30.5],[120.5,-30.25],[120.25,-30.25],[120.25,-30.5]]]},"properties":{"cell":"481_-122","r7":0.3,"r14":11.1,"rmax24":0.2}},{"type":"Feature","geometry":{"type":"Polygon","coordinates":[[[120.25,-30.25],[120.5,-30.25],[120.5,-30.0],[120.25,-30.0],[120.25,-30.25]]]},"properties":{"cell":"481_-121","r7":0.0,"r14":11.1,"rmax24":0.0}},{"type":"Feature","geometry":{"type":"Polygon","coordinates":[[[120.25,-30.0],[120.5,-30.0],[120.5,-29.75],[120.25,-29.75],[120.25,-30.0]]]},"properties":{"cell":"481_-120","r7":0.1,"r14":11.3,"rmax24":0.1}},{"type":"Feature","geometry":{"type":"Polygon","coordinates":[[[120.25,-29.75],[120.5,-29.75],[120.5,-29.5],[120.25,-29.5],[120.25,-29.75]]]},"properties":{"cell":"481_-119","r7":0.0,"r14":12.8,"rmax24":0.0}},{"type":"Feature","geometry":{"type":"Polygon","coordinates":[[[120.25,-29.5],[120.5,-29.5],[120.5,-29.25],[120.25,-29.25],[120.25,-29.5]]]},"properties":{"cell":"481_-118","r7":0.1,"r14":4.0,"rmax24":0.1}},{"type":"Feature","geometry":{"type":"Polygon","coordinates":[[[120.25,-29.25],[120.5,-29.25],[120.5,-29.0],[120.25,-29.0],[120.25,-29.25]]]},"properties":{"cell":"481_-117","r7":0.0,"r14":3.4,"rmax24":0.0}},{"type":"Feature","geometry":{"type":"Polygon","coordinates":[[[120.25,-29.0],[120.5,-29.0],[120.5,-28.75],[120.25,-28.75],[120.25,-29.0]]]},"properties":{"cell":"481_-116","r7":0.0,"r14":3.8,"rmax24":0.0}},{"type":"Feature","geometry":{"type":"Polygon","coordinates":[[[120.25,-28.5],[120.5,-28.5],[120.5,-28.25],[120.25,-28.25],[120.25,-28.5]]]},"properties":{"cell":"481_-114","r7":1.1,"r14":2.9,"rmax24":1.0}},{"type":"Feature","geometry":{"type":"Polygon","coordinates":[[[120.25,-28.25],[120.5,-28.25],[120.5,-28.0],[120.25,-28.0],[120.25,-28.25]]]},"properties":{"cell":"481_-113","r7":0.6,"r14":3.4,"rmax24":0.5}},{"type":"Feature","geometry":{"type":"Polygon","coordinates":[[[120.25,-28.0],[120.5,-28.0],[120.5,-27.75],[120.25,-27.75],[120.25,-28.0]]]},"properties":{"cell":"481_-112","r7":0.3,"r14":2.8,"rmax24":0.2}},{"type":"Feature","geometry":{"type":"Polygon","coordinates":[[[120.25,-27.75],[120.5,-27.75],[120.5,-27.5],[120.25,-27.5],[120.25,-27.75]]]},"properties":{"cell":"481_-111","r7":0.4,"r14":2.5,"rmax24":0.2}},{"type":"Feature","geometry":{"type":"Polygon","coordinates":[[[120.25,-27.5],[120.5,-27.5],[120.5,-27.25],[120.25,-27.25],[120.25,-27.5]]]},"properties":{"cell":"481_-110","r7":0.1,"r14":1.7,"rmax24":0.1}},{"type":"Feature","geometry":{"type":"Polygon","coordinates":[[[120.25,-27.25],[120.5,-27.25],[120.5,-27.0],[120.25,-27.0],[120.25,-27.25]]]},"properties":{"cell":"481_-109","r7":0.5,"r14":1.8,"rmax24":0.3}},{"type":"Feature","geometry":{"type":"Polygon","coordinates":[[[120.25,-27.0],[120.5,-27.0],[120.5,-26.75],[120.25,-26.75],[120.25,-27.0]]]},"properties":{"cell":"481_-108","r7":1.0,"r14":2.1,"rmax24":0.8}},{"type":"Feature","geometry":{"type":"Polygon","coordinates":[[[120.25,-26.75],[120.5,-26.75],[120.5,-26.5],[120.25,-26.5],[120.25,-26.75]]]},"properties":{"cell":"481_-107","r7":0.9,"r14":2.5,"rmax24":0.7}},{"type":"Feature","geometry":{"type":"Polygon","coordinates":[[[120.25,-26.5],[120.5,-26.5],[120.5,-26.25],[120.25,-26.25],[120.25,-26.5]]]},"properties":{"cell":"481_-106","r7":1.0,"r14":2.9,"rmax24":1.0}},{"type":"Feature","geometry":{"type":"Polygon","coordinates":[[[120.25,-26.25],[120.5,-26.25],[120.5,-26.0],[120.25,-26.0],[120.25,-26.25]]]},"properties":{"cell":"481_-105","r7":2.9,"r14":4.5,"rmax24":2.8}},{"type":"Feature","geometry":{"type":"Polygon","coordinates":[[[120.25,-26.0],[120.5,-26.0],[120.5,-25.75],[120.25,-25.75],[120.25,-26.0]]]},"properties":{"cell":"481_-104","r7":5.5,"r14":7.0,"rmax24":4.8}},{"type":"Feature","geometry":{"type":"Polygon","coordinates":[[[120.25,-25.75],[120.5,-25.75],[120.5,-25.5],[120.25,-25.5],[120.25,-25.75]]]},"properties":{"cell":"481_-103","r7":1.5,"r14":2.2,"rmax24":1.0}},{"type":"Feature","geometry":{"type":"Polygon","coordinates":[[[120.25,-24.25],[120.5,-24.25],[120.5,-24.0],[120.25,-24.0],[120.25,-24.25]]]},"properties":{"cell":"481_-97","r7":0.5,"r14":1.3,"rmax24":0.3}},{"type":"Feature","geometry":{"type":"Polygon","coordinates":[[[120.25,-24.0],[120.5,-24.0],[120.5,-23.75],[120.25,-23.75],[120.25,-24.0]]]},"properties":{"cell":"481_-96","r7":0.0,"r14":1.1,"rmax24":0.0}},{"type":"Feature","geometry":{"type":"Polygon","coordinates":[[[120.5,-34.0],[120.75,-34.0],[120.75,-33.75],[120.5,-33.75],[120.5,-34.0]]]},"properties":{"cell":"482_-136","r7":5.7,"r14":49.3,"rmax24":5.1}},{"type":"Feature","geometry":{"type":"Polygon","coordinates":[[[120.5,-33.75],[120.75,-33.75],[120.75,-33.5],[120.5,-33.5],[120.5,-33.75]]]},"properties":{"cell":"482_-135","r7":3.4,"r14":40.1,"rmax24":3.4}},{"type":"Feature","geometry":{"type":"Polygon","coordinates":[[[120.5,-33.5],[120.75,-33.5],[120.75,-33.25],[120.5,-33.25],[120.5,-33.5]]]},"properties":{"cell":"482_-134","r7":3.2,"r14":25.0,"rmax24":3.2}},{"type":"Feature","geometry":{"type":"Polygon","coordinates":[[[120.5,-31.5],[120.75,-31.5],[120.75,-31.25],[120.5,-31.25],[120.5,-31.5]]]},"properties":{"cell":"482_-126","r7":1.3,"r14":11.0,"rmax24":1.2}},{"type":"Feature","geometry":{"type":"Polygon","coordinates":[[[120.5,-31.25],[120.75,-31.25],[120.75,-31.0],[120.5,-31.0],[120.5,-31.25]]]},"properties":{"cell":"482_-125","r7":1.0,"r14":12.8,"rmax24":1.0}},{"type":"Feature","geometry":{"type":"Polygon","coordinates":[[[120.5,-31.0],[120.75,-31.0],[120.75,-30.75],[120.5,-30.75],[120.5,-31.0]]]},"properties":{"cell":"482_-124","r7":0.4,"r14":12.0,"rmax24":0.4}},{"type":"Feature","geometry":{"type":"Polygon","coordinates":[[[120.5,-30.75],[120.75,-30.75],[120.75,-30.5],[120.5,-30.5],[120.5,-30.75]]]},"properties":{"cell":"482_-123","r7":0.5,"r14":10.8,"rmax24":0.4}},{"type":"Feature","geometry":{"type":"Polygon","coordinates":[[[120.5,-30.5],[120.75,-30.5],[120.75,-30.25],[120.5,-30.25],[120.5,-30.5]]]},"properties":{"cell":"482_-122","r7":0.0,"r14":10.5,"rmax24":0.0}},{"type":"Feature","geometry":{"type":"Polygon","coordinates":[[[120.5,-30.25],[120.75,-30.25],[120.75,-30.0],[120.5,-30.0],[120.5,-30.25]]]},"properties":{"cell":"482_-121","r7":0.0,"r14":15.4,"rmax24":0.0}},{"type":"Feature","geometry":{"type":"Polygon","coordinates":[[[120.5,-30.0],[120.75,-30.0],[120.75,-29.75],[120.5,-29.75],[120.5,-30.0]]]},"properties":{"cell":"482_-120","r7":0.2,"r14":8.4,"rmax24":0.2}},{"type":"Feature","geometry":{"type":"Polygon","coordinates":[[[120.5,-29.75],[120.75,-29.75],[120.75,-29.5],[120.5,-29.5],[120.5,-29.75]]]},"properties":{"cell":"482_-119","r7":0.0,"r14":7.2,"rmax24":0.0}},{"type":"Feature","geometry":{"type":"Polygon","coordinates":[[[120.5,-29.5],[120.75,-29.5],[120.75,-29.25],[120.5,-29.25],[120.5,-29.5]]]},"properties":{"cell":"482_-118","r7":0.0,"r14":6.7,"rmax24":0.0}},{"type":"Feature","geometry":{"type":"Polygon","coordinates":[[[120.5,-29.25],[120.75,-29.25],[120.75,-29.0],[120.5,-29.0],[120.5,-29.25]]]},"properties":{"cell":"482_-117","r7":0.0,"r14":3.1,"rmax24":0.0}},{"type":"Feature","geometry":{"type":"Polygon","coordinates":[[[120.5,-29.0],[120.75,-29.0],[120.75,-28.75],[120.5,-28.75],[120.5,-29.0]]]},"properties":{"cell":"482_-116","r7":0.0,"r14":3.6,"rmax24":0.0}},{"type":"Feature","geometry":{"type":"Polygon","coordinates":[[[120.5,-28.75],[120.75,-28.75],[120.75,-28.5],[120.5,-28.5],[120.5,-28.75]]]},"properties":{"cell":"482_-115","r7":0.8,"r14":4.5,"rmax24":0.5}},{"type":"Feature","geometry":{"type":"Polygon","coordinates":[[[120.5,-28.5],[120.75,-28.5],[120.75,-28.25],[120.5,-28.25],[120.5,-28.5]]]},"properties":{"cell":"482_-114","r7":0.6,"r14":3.8,"rmax24":0.3}},{"type":"Feature","geometry":{"type":"Polygon","coordinates":[[[120.5,-28.25],[120.75,-28.25],[120.75,-28.0],[120.5,-28.0],[120.5,-28.25]]]},"properties":{"cell":"482_-113","r7":0.4,"r14":4.1,"rmax24":0.2}},{"type":"Feature","geometry":{"type":"Polygon","coordinates":[[[120.5,-28.0],[120.75,-28.0],[120.75,-27.75],[120.5,-27.75],[120.5,-28.0]]]},"properties":{"cell":"482_-112","r7":0.1,"r14":2.4,"rmax24":0.1}},{"type":"Feature","geometry":{"type":"Polygon","coordinates":[[[120.5,-27.75],[120.75,-27.75],[120.75,-27.5],[120.5,-27.5],[120.5,-27.75]]]},"properties":{"cell":"482_-111","r7":0.2,"r14":2.3,"rmax24":0.2}},{"type":"Feature","geometry":{"type":"Polygon","coordinates":[[[120.5,-27.5],[120.75,-27.5],[120.75,-27.25],[120.5,-27.25],[120.5,-27.5]]]},"properties":{"cell":"482_-110","r7":0.0,"r14":2.4,"rmax24":0.0}},{"type":"Feature","geometry":{"type":"Polygon","coordinates":[[[120.5,-27.25],[120.75,-27.25],[120.75,-27.0],[120.5,-27.0],[120.5,-27.25]]]},"properties":{"cell":"482_-109","r7":0.8,"r14":1.9,"rmax24":0.5}},{"type":"Feature","geometry":{"type":"Polygon","coordinates":[[[120.5,-27.0],[120.75,-27.0],[120.75,-26.75],[120.5,-26.75],[120.5,-27.0]]]},"properties":{"cell":"482_-108","r7":1.0,"r14":2.0,"rmax24":0.5}},{"type":"Feature","geometry":{"type":"Polygon","coordinates":[[[120.5,-26.75],[120.75,-26.75],[120.75,-26.5],[120.5,-26.5],[120.5,-26.75]]]},"properties":{"cell":"482_-107","r7":0.8,"r14":2.4,"rmax24":0.8}},{"type":"Feature","geometry":{"type":"Polygon","coordinates":[[[120.5,-26.5],[120.75,-26.5],[120.75,-26.25],[120.5,-26.25],[120.5,-26.5]]]},"properties":{"cell":"482_-106","r7":1.0,"r14":2.7,"rmax24":0.9}},{"type":"Feature","geometry":{"type":"Polygon","coordinates":[[[120.5,-26.25],[120.75,-26.25],[120.75,-26.0],[120.5,-26.0],[120.5,-26.25]]]},"properties":{"cell":"482_-105","r7":2.1,"r14":3.6,"rmax24":1.7}},{"type":"Feature","geometry":{"type":"Polygon","coordinates":[[[120.5,-26.0],[120.75,-26.0],[120.75,-25.75],[120.5,-25.75],[120.5,-26.0]]]},"properties":{"cell":"482_-104","r7":3.0,"r14":4.0,"rmax24":2.4}},{"type":"Feature","geometry":{"type":"Polygon","coordinates":[[[120.5,-25.75],[120.75,-25.75],[120.75,-25.5],[120.5,-25.5],[120.5,-25.75]]]},"properties":{"cell":"482_-103","r7":0.9,"r14":1.3,"rmax24":0.5}},{"type":"Feature","geometry":{"type":"Polygon","coordinates":[[[120.75,-31.5],[121.0,-31.5],[121.0,-31.25],[120.75,-31.25],[120.75,-31.5]]]},"properties":{"cell":"483_-126","r7":1.4,"r14":11.6,"rmax24":1.3}},{"type":"Feature","geometry":{"type":"Polygon","coordinates":[[[120.75,-31.25],[121.0,-31.25],[121.0,-31.0],[120.75,-31.0],[120.75,-31.25]]]},"properties":{"cell":"483_-125","r7":1.1,"r14":18.4,"rmax24":1.0}},{"type":"Feature","geometry":{"type":"Polygon","coordinates":[[[120.75,-31.0],[121.0,-31.0],[121.0,-30.75],[120.75,-30.75],[120.75,-31.0]]]},"properties":{"cell":"483_-124","r7":0.0,"r14":10.9,"rmax24":0.0}},{"type":"Feature","geometry":{"type":"Polygon","coordinates":[[[120.75,-30.75],[121.0,-30.75],[121.0,-30.5],[120.75,-30.5],[120.75,-30.75]]]},"properties":{"cell":"483_-123","r7":0.3,"r14":12.3,"rmax24":0.2}},{"type":"Feature","geometry":{"type":"Polygon","coordinates":[[[120.75,-30.5],[121.0,-30.5],[121.0,-30.25],[120.75,-30.25],[120.75,-30.5]]]},"properties":{"cell":"483_-122","r7":0.2,"r14":12.8,"rmax24":0.1}},{"type":"Feature","geometry":{"type":"Polygon","coordinates":[[[120.75,-30.25],[121.0,-30.25],[121.0,-30.0],[120.75,-30.0],[120.75,-30.25]]]},"properties":{"cell":"483_-121","r7":0.3,"r14":10.1,"rmax24":0.3}},{"type":"Feature","geometry":{"type":"Polygon","coordinates":[[[120.75,-30.0],[121.0,-30.0],[121.0,-29.75],[120.75,-29.75],[120.75,-30.0]]]},"properties":{"cell":"483_-120","r7":0.0,"r14":10.4,"rmax24":0.0}},{"type":"Feature","geometry":{"type":"Polygon","coordinates":[[[120.75,-29.75],[121.0,-29.75],[121.0,-29.5],[120.75,-29.5],[120.75,-29.75]]]},"properties":{"cell":"483_-119","r7":0.0,"r14":6.2,"rmax24":0.0}},{"type":"Feature","geometry":{"type":"Polygon","coordinates":[[[120.75,-29.5],[121.0,-29.5],[121.0,-29.25],[120.75,-29.25],[120.75,-29.5]]]},"properties":{"cell":"483_-118","r7":0.0,"r14":5.4,"rmax24":0.0}},{"type":"Feature","geometry":{"type":"Polygon","coordinates":[[[120.75,-29.25],[121.0,-29.25],[121.0,-29.0],[120.75,-29.0],[120.75,-29.25]]]},"properties":{"cell":"483_-117","r7":0.0,"r14":3.1,"rmax24":0.0}},{"type":"Feature","geometry":{"type":"Polygon","coordinates":[[[120.75,-29.0],[121.0,-29.0],[121.0,-28.75],[120.75,-28.75],[120.75,-29.0]]]},"properties":{"cell":"483_-116","r7":0.3,"r14":4.1,"rmax24":0.2}},{"type":"Feature","geometry":{"type":"Polygon","coordinates":[[[120.75,-28.75],[121.0,-28.75],[121.0,-28.5],[120.75,-28.5],[120.75,-28.75]]]},"properties":{"cell":"483_-115","r7":2.4,"r14":6.4,"rmax24":2.4}},{"type":"Feature","geometry":{"type":"Polygon","coordinates":[[[120.75,-28.5],[121.0,-28.5],[121.0,-28.25],[120.75,-28.25],[120.75,-28.5]]]},"properties":{"cell":"483_-114","r7":0.3,"r14":4.0,"rmax24":0.1}},{"type":"Feature","geometry":{"type":"Polygon","coordinates":[[[120.75,-28.25],[121.0,-28.25],[121.0,-28.0],[120.75,-28.0],[120.75,-28.25]]]},"properties":{"cell":"483_-113","r7":0.3,"r14":3.3,"rmax24":0.2}},{"type":"Feature","geometry":{"type":"Polygon","coordinates":[[[120.75,-28.0],[121.0,-28.0],[121.0,-27.75],[120.75,-27.75],[120.75,-28.0]]]},"properties":{"cell":"483_-112","r7":0.0,"r14":1.6,"rmax24":0.0}},{"type":"Feature","geometry":{"type":"Polygon","coordinates":[[[120.75,-27.75],[121.0,-27.75],[121.0,-27.5],[120.75,-27.5],[120.75,-27.75]]]},"properties":{"cell":"483_-111","r7":0.1,"r14":1.5,"rmax24":0.1}},{"type":"Feature","geometry":{"type":"Polygon","coordinates":[[[120.75,-27.5],[121.0,-27.5],[121.0,-27.25],[120.75,-27.25],[120.75,-27.5]]]},"properties":{"cell":"483_-110","r7":0.1,"r14":2.3,"rmax24":0.1}},{"type":"Feature","geometry":{"type":"Polygon","coordinates":[[[120.75,-27.25],[121.0,-27.25],[121.0,-27.0],[120.75,-27.0],[120.75,-27.25]]]},"properties":{"cell":"483_-109","r7":0.9,"r14":2.3,"rmax24":0.8}},{"type":"Feature","geometry":{"type":"Polygon","coordinates":[[[120.75,-27.0],[121.0,-27.0],[121.0,-26.75],[120.75,-26.75],[120.75,-27.0]]]},"properties":{"cell":"483_-108","r7":0.6,"r14":1.3,"rmax24":0.4}},{"type":"Feature","geometry":{"type":"Polygon","coordinates":[[[120.75,-26.75],[121.0,-26.75],[121.0,-26.5],[120.75,-26.5],[120.75,-26.75]]]},"properties":{"cell":"483_-107","r7":0.8,"r14":2.4,"rmax24":0.6}},{"type":"Feature","geometry":{"type":"Polygon","coordinates":[[[120.75,-26.5],[121.0,-26.5],[121.0,-26.25],[120.75,-26.25],[120.75,-26.5]]]},"properties":{"cell":"483_-106","r7":1.1,"r14":3.6,"rmax24":1.1}},{"type":"Feature","geometry":{"type":"Polygon","coordinates":[[[120.75,-26.25],[121.0,-26.25],[121.0,-26.0],[120.75,-26.0],[120.75,-26.25]]]},"properties":{"cell":"483_-105","r7":4.6,"r14":5.8,"rmax24":4.3}},{"type":"Feature","geometry":{"type":"Polygon","coordinates":[[[120.75,-26.0],[121.0,-26.0],[121.0,-25.75],[120.75,-25.75],[120.75,-26.0]]]},"properties":{"cell":"483_-104","r7":5.4,"r14":6.8,"rmax24":4.7}},{"type":"Feature","geometry":{"type":"Polygon","coordinates":[[[120.75,-25.75],[121.0,-25.75],[121.0,-25.5],[120.75,-25.5],[120.75,-25.75]]]},"properties":{"cell":"483_-103","r7":0.9,"r14":1.3,"rmax24":0.7}},{"type":"Feature","geometry":{"type":"Polygon","coordinates":[[[121.0,-31.75],[121.25,-31.75],[121.25,-31.5],[121.0,-31.5],[121.0,-31.75]]]},"properties":{"cell":"484_-127","r7":1.1,"r14":12.0,"rmax24":1.0}},{"type":"Feature","geometry":{"type":"Polygon","coordinates":[[[121.0,-31.5],[121.25,-31.5],[121.25,-31.25],[121.0,-31.25],[121.0,-31.5]]]},"properties":{"cell":"484_-126","r7":0.5,"r14":15.2,"rmax24":0.5}},{"type":"Feature","geometry":{"type":"Polygon","coordinates":[[[121.0,-31.25],[121.25,-31.25],[121.25,-31.0],[121.0,-31.0],[121.0,-31.25]]]},"properties":{"cell":"484_-125","r7":0.5,"r14":14.6,"rmax24":0.4}},{"type":"Feature","geometry":{"type":"Polygon","coordinates":[[[121.0,-31.0],[121.25,-31.0],[121.25,-30.75],[121.0,-30.75],[121.0,-31.0]]]},"properties":{"cell":"484_-124","r7":0.1,"r14":13.1,"rmax24":0.1}},{"type":"Feature","geometry":{"type":"Polygon","coordinates":[[[121.0,-30.75],[121.25,-30.75],[121.25,-30.5],[121.0,-30.5],[121.0,-30.75]]]},"properties":{"cell":"484_-123","r7":0.1,"r14":9.0,"rmax24":0.1}},{"type":"Feature","geometry":{"type":"Polygon","coordinates":[[[121.0,-30.5],[121.25,-30.5],[121.25,-30.25],[121.0,-30.25],[121.0,-30.5]]]},"properties":{"cell":"484_-122","r7":0.4,"r14":14.2,"rmax24":0.2}},{"type":"Feature","geometry":{"type":"Polygon","coordinates":[[[121.0,-30.25],[121.25,-30.25],[121.25,-30.0],[121.0,-30.0],[121.0,-30.25]]]},"properties":{"cell":"484_-121","r7":0.1,"r14":12.2,"rmax24":0.1}},{"type":"Feature","geometry":{"type":"Polygon","coordinates":[[[121.0,-30.0],[121.25,-30.0],[121.25,-29.75],[121.0,-29.75],[121.0,-30.0]]]},"properties":{"cell":"484_-120","r7":0.1,"r14":7.3,"rmax24":0.1}},{"type":"Feature","geometry":{"type":"Polygon","coordinates":[[[121.0,-29.75],[121.25,-29.75],[121.25,-29.5],[121.0,-29.5],[121.0,-29.75]]]},"properties":{"cell":"484_-119","r7":0.0,"r14":5.3,"rmax24":0.0}},{"type":"Feature","geometry":{"type":"Polygon","coordinates":[[[121.0,-29.5],[121.25,-29.5],[121.25,-29.25],[121.0,-29.25],[121.0,-29.5]]]},"properties":{"cell":"484_-118","r7":0.0,"r14":5.3,"rmax24":0.0}},{"type":"Feature","geometry":{"type":"Polygon","coordinates":[[[121.0,-29.25],[121.25,-29.25],[121.25,-29.0],[121.0,-29.0],[121.0,-29.25]]]},"properties":{"cell":"484_-117","r7":0.0,"r14":4.2,"rmax24":0.0}},{"type":"Feature","geometry":{"type":"Polygon","coordinates":[[[121.0,-29.0],[121.25,-29.0],[121.25,-28.75],[121.0,-28.75],[121.0,-29.0]]]},"properties":{"cell":"484_-116","r7":0.8,"r14":4.4,"rmax24":0.7}},{"type":"Feature","geometry":{"type":"Polygon","coordinates":[[[121.0,-28.75],[121.25,-28.75],[121.25,-28.5],[121.0,-28.5],[121.0,-28.75]]]},"properties":{"cell":"484_-115","r7":0.6,"r14":5.5,"rmax24":0.6}},{"type":"Feature","geometry":{"type":"Polygon","coordinates":[[[121.0,-28.5],[121.25,-28.5],[121.25,-28.25],[121.0,-28.25],[121.0,-28.5]]]},"properties":{"cell":"484_-114","r7":0.4,"r14":4.0,"rmax24":0.3}},{"type":"Feature","geometry":{"type":"Polygon","coordinates":[[[121.0,-28.25],[121.25,-28.25],[121.25,-28.0],[121.0,-28.0],[121.0,-28.25]]]},"properties":{"cell":"484_-113","r7":0.2,"r14":2.0,"rmax24":0.1}},{"type":"Feature","geometry":{"type":"Polygon","coordinates":[[[121.0,-28.0],[121.25,-28.0],[121.25,-27.75],[121.0,-27.75],[121.0,-28.0]]]},"properties":{"cell":"484_-112","r7":0.0,"r14":2.0,"rmax24":0.0}},{"type":"Feature","geometry":{"type":"Polygon","coordinates":[[[121.0,-27.75],[121.25,-27.75],[121.25,-27.5],[121.0,-27.5],[121.0,-27.75]]]},"properties":{"cell":"484_-111","r7":0.1,"r14":2.1,"rmax24":0.1}},{"type":"Feature","geometry":{"type":"Polygon","coordinates":[[[121.0,-27.5],[121.25,-27.5],[121.25,-27.25],[121.0,-27.25],[121.0,-27.5]]]},"properties":{"cell":"484_-110","r7":0.3,"r14":2.2,"rmax24":0.3}},{"type":"Feature","geometry":{"type":"Polygon","coordinates":[[[121.0,-27.25],[121.25,-27.25],[121.25,-27.0],[121.0,-27.0],[121.0,-27.25]]]},"properties":{"cell":"484_-109","r7":1.6,"r14":3.4,"rmax24":1.2}},{"type":"Feature","geometry":{"type":"Polygon","coordinates":[[[121.0,-27.0],[121.25,-27.0],[121.25,-26.75],[121.0,-26.75],[121.0,-27.0]]]},"properties":{"cell":"484_-108","r7":0.3,"r14":1.4,"rmax24":0.2}},{"type":"Feature","geometry":{"type":"Polygon","coordinates":[[[121.0,-26.75],[121.25,-26.75],[121.25,-26.5],[121.0,-26.5],[121.0,-26.75]]]},"properties":{"cell":"484_-107","r7":0.7,"r14":2.6,"rmax24":0.7}},{"type":"Feature","geometry":{"type":"Polygon","coordinates":[[[121.0,-26.5],[121.25,-26.5],[121.25,-26.25],[121.0,-26.25],[121.0,-26.5]]]},"properties":{"cell":"484_-106","r7":2.5,"r14":4.4,"rmax24":1.7}},{"type":"Feature","geometry":{"type":"Polygon","coordinates":[[[121.0,-26.25],[121.25,-26.25],[121.25,-26.0],[121.0,-26.0],[121.0,-26.25]]]},"properties":{"cell":"484_-105","r7":3.1,"r14":4.1,"rmax24":2.6}},{"type":"Feature","geometry":{"type":"Polygon","coordinates":[[[121.25,-32.5],[121.5,-32.5],[121.5,-32.25],[121.25,-32.25],[121.25,-32.5]]]},"properties":{"cell":"485_-130","r7":3.4,"r14":22.4,"rmax24":3.4}},{"type":"Feature","geometry":{"type":"Polygon","coordinates":[[[121.25,-32.25],[121.5,-32.25],[121.5,-32.0],[121.25,-32.0],[121.25,-32.25]]]},"properties":{"cell":"485_-129","r7":1.7,"r14":13.9,"rmax24":1.7}},{"type":"Feature","geometry":{"type":"Polygon","coordinates":[[[121.25,-32.0],[121.5,-32.0],[121.5,-31.75],[121.25,-31.75],[121.25,-32.0]]]},"properties":{"cell":"485_-128","r7":1.6,"r14":15.9,"rmax24":1.5}},{"type":"Feature","geometry":{"type":"Polygon","coordinates":[[[121.25,-31.75],[121.5,-31.75],[121.5,-31.5],[121.25,-31.5],[121.25,-31.75]]]},"properties":{"cell":"485_-127","r7":1.0,"r14":12.5,"rmax24":0.6}},{"type":"Feature","geometry":{"type":"Polygon","coordinates":[[[121.25,-31.5],[121.5,-31.5],[121.5,-31.25],[121.25,-31.25],[121.25,-31.5]]]},"properties":{"cell":"485_-126","r7":0.5,"r14":12.2,"rmax24":0.5}},{"type":"Feature","geometry":{"type":"Polygon","coordinates":[[[121.25,-31.25],[121.5,-31.25],[121.5,-31.0],[121.25,-31.0],[121.25,-31.25]]]},"properties":{"cell":"485_-125","r7":0.8,"r14":13.8,"rmax24":0.7}},{"type":"Feature","geometry":{"type":"Polygon","coordinates":[[[121.25,-31.0],[121.5,-31.0],[121.5,-30.75],[121.25,-30.75],[121.25,-31.0]]]},"properties":{"cell":"485_-124","r7":0.1,"r14":13.4,"rmax24":0.1}},{"type":"Feature","geometry":{"type":"Polygon","coordinates":[[[121.25,-30.75],[121.5,-30.75],[121.5,-30.5],[121.25,-30.5],[121.25,-30.75]]]},"properties":{"cell":"485_-123","r7":0.1,"r14":11.3,"rmax24":0.1}},{"type":"Feature","geometry":{"type":"Polygon","coordinates":[[[121.25,-30.5],[121.5,-30.5],[121.5,-30.25],[121.25,-30.25],[121.25,-30.5]]]},"properties":{"cell":"485_-122","r7":0.3,"r14":12.8,"rmax24":0.2}},{"type":"Feature","geometry":{"type":"Polygon","coordinates":[[[121.25,-30.25],[121.5,-30.25],[121.5,-30.0],[121.25,-30.0],[121.25,-30.25]]]},"properties":{"cell":"485_-121","r7":0.0,"r14":8.0,"rmax24":0.0}},{"type":"Feature","geometry":{"type":"Polygon","coordinates":[[[121.25,-30.0],[121.5,-30.0],[121.5,-29.75],[121.25,-29.75],[121.25,-30.0]]]},"properties":{"cell":"485_-120","r7":0.0,"r14":13.7,"rmax24":0.0}},{"type":"Feature","geometry":{"type":"Polygon","coordinates":[[[121.25,-29.75],[121.5,-29.75],[121.5,-29.5],[121.25,-29.5],[121.25,-29.75]]]},"properties":{"cell":"485_-119","r7":0.0,"r14":6.9,"rmax24":0.0}},{"type":"Feature","geometry":{"type":"Polygon","coordinates":[[[121.25,-29.5],[121.5,-29.5],[121.5,-29.25],[121.25,-29.25],[121.25,-29.5]]]},"properties":{"cell":"485_-118","r7":0.0,"r14":8.0,"rmax24":0.0}},{"type":"Feature","geometry":{"type":"Polygon","coordinates":[[[121.25,-29.25],[121.5,-29.25],[121.5,-29.0],[121.25,-29.0],[121.25,-29.25]]]},"properties":{"cell":"485_-117","r7":0.0,"r14":6.4,"rmax24":0.0}},{"type":"Feature","geometry":{"type":"Polygon","coordinates":[[[121.25,-29.0],[121.5,-29.0],[121.5,-28.75],[121.25,-28.75],[121.25,-29.0]]]},"properties":{"cell":"485_-116","r7":0.7,"r14":5.2,"rmax24":0.4}},{"type":"Feature","geometry":{"type":"Polygon","coordinates":[[[121.25,-28.75],[121.5,-28.75],[121.5,-28.5],[121.25,-28.5],[121.25,-28.75]]]},"properties":{"cell":"485_-115","r7":0.4,"r14":3.2,"rmax24":0.3}},{"type":"Feature","geometry":{"type":"Polygon","coordinates":[[[121.25,-28.5],[121.5,-28.5],[121.5,-28.25],[121.25,-28.25],[121.25,-28.5]]]},"properties":{"cell":"485_-114","r7":0.0,"r14":3.1,"rmax24":0.0}},{"type":"Feature","geometry":{"type":"Polygon","coordinates":[[[121.25,-28.25],[121.5,-28.25],[121.5,-28.0],[121.25,-28.0],[121.25,-28.25]]]},"properties":{"cell":"485_-113","r7":0.0,"r14":2.0,"rmax24":0.0}},{"type":"Feature","geometry":{"type":"Polygon","coordinates":[[[121.25,-28.0],[121.5,-28.0],[121.5,-27.75],[121.25,-27.75],[121.25,-28.0]]]},"properties":{"cell":"485_-112","r7":0.0,"r14":1.7,"rmax24":0.0}},{"type":"Feature","geometry":{"type":"Polygon","coordinates":[[[121.25,-27.75],[121.5,-27.75],[121.5,-27.5],[121.25,-27.5],[121.25,-27.75]]]},"properties":{"cell":"485_-111","r7":0.2,"r14":1.9,"rmax24":0.1}},{"type":"Feature","geometry":{"type":"Polygon","coordinates":[[[121.25,-27.5],[121.5,-27.5],[121.5,-27.25],[121.25,-27.25],[121.25,-27.5]]]},"properties":{"cell":"485_-110","r7":0.6,"r14":2.6,"rmax24":0.6}},{"type":"Feature","geometry":{"type":"Polygon","coordinates":[[[121.25,-27.25],[121.5,-27.25],[121.5,-27.0],[121.25,-27.0],[121.25,-27.25]]]},"properties":{"cell":"485_-109","r7":1.7,"r14":3.3,"rmax24":1.4}},{"type":"Feature","geometry":{"type":"Polygon","coordinates":[[[121.25,-27.0],[121.5,-27.0],[121.5,-26.75],[121.25,-26.75],[121.25,-27.0]]]},"properties":{"cell":"485_-108","r7":0.2,"r14":1.6,"rmax24":0.2}},{"type":"Feature","geometry":{"type":"Polygon","coordinates":[[[121.25,-26.75],[121.5,-26.75],[121.5,-26.5],[121.25,-26.5],[121.25,-26.75]]]},"properties":{"cell":"485_-107","r7":1.4,"r14":3.3,"rmax24":0.8}},{"type":"Feature","geometry":{"type":"Polygon","coordinates":[[[121.5,-32.75],[121.75,-32.75],[121.75,-32.5],[121.5,-32.5],[121.5,-32.75]]]},"properties":{"cell":"486_-131","r7":1.4,"r14":15.5,"rmax24":1.4}},{"type":"Feature","geometry":{"type":"Polygon","coordinates":[[[121.5,-32.5],[121.75,-32.5],[121.75,-32.25],[121.5,-32.25],[121.5,-32.5]]]},"properties":{"cell":"486_-130","r7":1.5,"r14":14.3,"rmax24":1.4}},{"type":"Feature","geometry":{"type":"Polygon","coordinates":[[[121.5,-32.25],[121.75,-32.25],[121.75,-32.0],[121.5,-32.0],[121.5,-32.25]]]},"properties":{"cell":"486_-129","r7":2.0,"r14":14.2,"rmax24":1.7}},{"type":"Feature","geometry":{"type":"Polygon","coordinates":[[[121.5,-32.0],[121.75,-32.0],[121.75,-31.75],[121.5,-31.75],[121.5,-32.0]]]},"properties":{"cell":"486_-128","r7":2.4,"r14":15.3,"rmax24":1.6}},{"type":"Feature","geometry":{"type":"Polygon","coordinates":[[[121.5,-31.75],[121.75,-31.75],[121.75,-31.5],[121.5,-31.5],[121.5,-31.75]]]},"properties":{"cell":"486_-127","r7":1.1,"r14":12.5,"rmax24":0.7}},{"type":"Feature","geometry":{"type":"Polygon","coordinates":[[[121.5,-31.5],[121.75,-31.5],[121.75,-31.25],[121.5,-31.25],[121.5,-31.5]]]},"properties":{"cell":"486_-126","r7":0.6,"r14":15.6,"rmax24":0.3}},{"type":"Feature","geometry":{"type":"Polygon","coordinates":[[[121.5,-31.25],[121.75,-31.25],[121.75,-31.0],[121.5,-31.0],[121.5,-31.25]]]},"properties":{"cell":"486_-125","r7":0.4,"r14":17.0,"rmax24":0.2}},{"type":"Feature","geometry":{"type":"Polygon","coordinates":[[[121.5,-31.0],[121.75,-31.0],[121.75,-30.75],[121.5,-30.75],[121.5,-31.0]]]},"properties":{"cell":"486_-124","r7":0.3,"r14":22.3,"rmax24":0.2}},{"type":"Feature","geometry":{"type":"Polygon","coordinates":[[[121.5,-30.75],[121.75,-30.75],[121.75,-30.5],[121.5,-30.5],[121.5,-30.75]]]},"properties":{"cell":"486_-123","r7":0.3,"r14":11.4,"rmax24":0.2}},{"type":"Feature","geometry":{"type":"Polygon","coordinates":[[[121.5,-30.5],[121.75,-30.5],[121.75,-30.25],[121.5,-30.25],[121.5,-30.5]]]},"properties":{"cell":"486_-122","r7":0.3,"r14":11.0,"rmax24":0.2}},{"type":"Feature","geometry":{"type":"Polygon","coordinates":[[[121.5,-30.25],[121.75,-30.25],[121.75,-30.0],[121.5,-30.0],[121.5,-30.25]]]},"properties":{"cell":"486_-121","r7":0.2,"r14":6.9,"rmax24":0.1}},{"type":"Feature","geometry":{"type":"Polygon","coordinates":[[[121.5,-30.0],[121.75,-30.0],[121.75,-29.75],[121.5,-29.75],[121.5,-30.0]]]},"properties":{"cell":"486_-120","r7":0.0,"r14":6.5,"rmax24":0.0}},{"type":"Feature","geometry":{"type":"Polygon","coordinates":[[[121.5,-29.75],[121.75,-29.75],[121.75,-29.5],[121.5,-29.5],[121.5,-29.75]]]},"properties":{"cell":"486_-119","r7":0.0,"r14":6.1,"rmax24":0.0}},{"type":"Feature","geometry":{"type":"Polygon","coordinates":[[[121.5,-29.5],[121.75,-29.5],[121.75,-29.25],[121.5,-29.25],[121.5,-29.5]]]},"properties":{"cell":"486_-118","r7":0.2,"r14":7.1,"rmax24":0.2}},{"type":"Feature","geometry":{"type":"Polygon","coordinates":[[[121.5,-29.25],[121.75,-29.25],[121.75,-29.0],[121.5,-29.0],[121.5,-29.25]]]},"properties":{"cell":"486_-117","r7":0.9,"r14":7.6,"rmax24":0.8}},{"type":"Feature","geometry":{"type":"Polygon","coordinates":[[[121.5,-29.0],[121.75,-29.0],[121.75,-28.75],[121.5,-28.75],[121.5,-29.0]]]},"properties":{"cell":"486_-116","r7":0.9,"r14":5.2,"rmax24":0.7}},{"type":"Feature","geometry":{"type":"Polygon","coordinates":[[[121.5,-28.75],[121.75,-28.75],[121.75,-28.5],[121.5,-28.5],[121.5,-28.75]]]},"properties":{"cell":"486_-115","r7":0.1,"r14":3.0,"rmax24":0.1}},{"type":"Feature","geometry":{"type":"Polygon","coordinates":[[[121.5,-28.5],[121.75,-28.5],[121.75,-28.25],[121.5,-28.25],[121.5,-28.5]]]},"properties":{"cell":"486_-114","r7":0.0,"r14":3.2,"rmax24":0.0}},{"type":"Feature","geometry":{"type":"Polygon","coordinates":[[[121.5,-28.25],[121.75,-28.25],[121.75,-28.0],[121.5,-28.0],[121.5,-28.25]]]},"properties":{"cell":"486_-113","r7":0.0,"r14":1.9,"rmax24":0.0}},{"type":"Feature","geometry":{"type":"Polygon","coordinates":[[[121.5,-28.0],[121.75,-28.0],[121.75,-27.75],[121.5,-27.75],[121.5,-28.0]]]},"properties":{"cell":"486_-112","r7":0.0,"r14":2.2,"rmax24":0.0}},{"type":"Feature","geometry":{"type":"Polygon","coordinates":[[[121.5,-27.75],[121.75,-27.75],[121.75,-27.5],[121.5,-27.5],[121.5,-27.75]]]},"properties":{"cell":"486_-111","r7":0.0,"r14":1.4,"rmax24":0.0}},{"type":"Feature","geometry":{"type":"Polygon","coordinates":[[[121.5,-27.5],[121.75,-27.5],[121.75,-27.25],[121.5,-27.25],[121.5,-27.5]]]},"properties":{"cell":"486_-110","r7":0.7,"r14":3.0,"rmax24":0.7}},{"type":"Feature","geometry":{"type":"Polygon","coordinates":[[[121.5,-27.25],[121.75,-27.25],[121.75,-27.0],[121.5,-27.0],[121.5,-27.25]]]},"properties":{"cell":"486_-109","r7":1.5,"r14":3.8,"rmax24":1.4}},{"type":"Feature","geometry":{"type":"Polygon","coordinates":[[[121.5,-27.0],[121.75,-27.0],[121.75,-26.75],[121.5,-26.75],[121.5,-27.0]]]},"properties":{"cell":"486_-108","r7":1.0,"r14":2.6,"rmax24":0.7}},{"type":"Feature","geometry":{"type":"Polygon","coordinates":[[[121.5,-26.75],[121.75,-26.75],[121.75,-26.5],[121.5,-26.5],[121.5,-26.75]]]},"properties":{"cell":"486_-107","r7":1.1,"r14":2.7,"rmax24":0.8}},{"type":"Feature","geometry":{"type":"Polygon","coordinates":[[[121.75,-32.75],[122.0,-32.75],[122.0,-32.5],[121.75,-32.5],[121.75,-32.75]]]},"properties":{"cell":"487_-131","r7":3.7,"r14":17.0,"rmax24":3.7}},{"type":"Feature","geometry":{"type":"Polygon","coordinates":[[[121.75,-32.5],[122.0,-32.5],[122.0,-32.25],[121.75,-32.25],[121.75,-32.5]]]},"properties":{"cell":"487_-130","r7":0.9,"r14":14.8,"rmax24":0.9}},{"type":"Feature","geometry":{"type":"Polygon","coordinates":[[[121.75,-32.25],[122.0,-32.25],[122.0,-32.0],[121.75,-32.0],[121.75,-32.25]]]},"properties":{"cell":"487_-129","r7":1.6,"r14":13.1,"rmax24":1.6}},{"type":"Feature","geometry":{"type":"Polygon","coordinates":[[[121.75,-32.0],[122.0,-32.0],[122.0,-31.75],[121.75,-31.75],[121.75,-32.0]]]},"properties":{"cell":"487_-128","r7":1.4,"r14":14.5,"rmax24":1.2}},{"type":"Feature","geometry":{"type":"Polygon","coordinates":[[[121.75,-31.75],[122.0,-31.75],[122.0,-31.5],[121.75,-31.5],[121.75,-31.75]]]},"properties":{"cell":"487_-127","r7":1.0,"r14":12.5,"rmax24":0.9}},{"type":"Feature","geometry":{"type":"Polygon","coordinates":[[[121.75,-31.5],[122.0,-31.5],[122.0,-31.25],[121.75,-31.25],[121.75,-31.5]]]},"properties":{"cell":"487_-126","r7":1.1,"r14":17.1,"rmax24":1.0}},{"type":"Feature","geometry":{"type":"Polygon","coordinates":[[[121.75,-31.25],[122.0,-31.25],[122.0,-31.0],[121.75,-31.0],[121.75,-31.25]]]},"properties":{"cell":"487_-125","r7":0.4,"r14":26.6,"rmax24":0.3}},{"type":"Feature","geometry":{"type":"Polygon","coordinates":[[[121.75,-31.0],[122.0,-31.0],[122.0,-30.75],[121.75,-30.75],[121.75,-31.0]]]},"properties":{"cell":"487_-124","r7":0.4,"r14":16.2,"rmax24":0.2}},{"type":"Feature","geometry":{"type":"Polygon","coordinates":[[[121.75,-30.75],[122.0,-30.75],[122.0,-30.5],[121.75,-30.5],[121.75,-30.75]]]},"properties":{"cell":"487_-123","r7":0.3,"r14":19.6,"rmax24":0.2}},{"type":"Feature","geometry":{"type":"Polygon","coordinates":[[[121.75,-30.5],[122.0,-30.5],[122.0,-30.25],[121.75,-30.25],[121.75,-30.5]]]},"properties":{"cell":"487_-122","r7":0.2,"r14":11.8,"rmax24":0.2}},{"type":"Feature","geometry":{"type":"Polygon","coordinates":[[[121.75,-30.25],[122.0,-30.25],[122.0,-30.0],[121.75,-30.0],[121.75,-30.25]]]},"properties":{"cell":"487_-121","r7":0.4,"r14":6.7,"rmax24":0.3}},{"type":"Feature","geometry":{"type":"Polygon","coordinates":[[[121.75,-30.0],[122.0,-30.0],[122.0,-29.75],[121.75,-29.75],[121.75,-30.0]]]},"properties":{"cell":"487_-120","r7":0.1,"r14":5.4,"rmax24":0.1}},{"type":"Feature","geometry":{"type":"Polygon","coordinates":[[[121.75,-29.75],[122.0,-29.75],[122.0,-29.5],[121.75,-29.5],[121.75,-29.75]]]},"properties":{"cell":"487_-119","r7":0.3,"r14":7.0,"rmax24":0.3}},{"type":"Feature","geometry":{"type":"Polygon","coordinates":[[[121.75,-29.5],[122.0,-29.5],[122.0,-29.25],[121.75,-29.25],[121.75,-29.5]]]},"properties":{"cell":"487_-118","r7":1.3,"r14":8.4,"rmax24":1.3}},{"type":"Feature","geometry":{"type":"Polygon","coordinates":[[[121.75,-29.25],[122.0,-29.25],[122.0,-29.0],[121.75,-29.0],[121.75,-29.25]]]},"properties":{"cell":"487_-117","r7":1.1,"r14":7.8,"rmax24":0.9}},{"type":"Feature","geometry":{"type":"Polygon","coordinates":[[[121.75,-29.0],[122.0,-29.0],[122.0,-28.75],[121.75,-28.75],[121.75,-29.0]]]},"properties":{"cell":"487_-116","r7":0.3,"r14":3.9,"rmax24":0.2}},{"type":"Feature","geometry":{"type":"Polygon","coordinates":[[[121.75,-28.75],[122.0,-28.75],[122.0,-28.5],[121.75,-28.5],[121.75,-28.75]]]},"properties":{"cell":"487_-115","r7":0.0,"r14":2.9,"rmax24":0.0}},{"type":"Feature","geometry":{"type":"Polygon","coordinates":[[[121.75,-28.5],[122.0,-28.5],[122.0,-28.25],[121.75,-28.25],[121.75,-28.5]]]},"properties":{"cell":"487_-114","r7":0.0,"r14":2.8,"rmax24":0.0}},{"type":"Feature","geometry":{"type":"Polygon","coordinates":[[[121.75,-28.25],[122.0,-28.25],[122.0,-28.0],[121.75,-28.0],[121.75,-28.25]]]},"properties":{"cell":"487_-113","r7":0.0,"r14":2.0,"rmax24":0.0}},{"type":"Feature","geometry":{"type":"Polygon","coordinates":[[[121.75,-28.0],[122.0,-28.0],[122.0,-27.75],[121.75,-27.75],[121.75,-28.0]]]},"properties":{"cell":"487_-112","r7":0.0,"r14":1.9,"rmax24":0.0}},{"type":"Feature","geometry":{"type":"Polygon","coordinates":[[[121.75,-27.75],[122.0,-27.75],[122.0,-27.5],[121.75,-27.5],[121.75,-27.75]]]},"properties":{"cell":"487_-111","r7":0.1,"r14":3.7,"rmax24":0.1}},{"type":"Feature","geometry":{"type":"Polygon","coordinates":[[[121.75,-27.5],[122.0,-27.5],[122.0,-27.25],[121.75,-27.25],[121.75,-27.5]]]},"properties":{"cell":"487_-110","r7":0.8,"r14":3.4,"rmax24":0.8}},{"type":"Feature","geometry":{"type":"Polygon","coordinates":[[[122.0,-32.75],[122.25,-32.75],[122.25,-32.5],[122.0,-32.5],[122.0,-32.75]]]},"properties":{"cell":"488_-131","r7":5.1,"r14":18.7,"rmax24":5.1}},{"type":"Feature","geometry":{"type":"Polygon","coordinates":[[[122.0,-32.5],[122.25,-32.5],[122.25,-32.25],[122.0,-32.25],[122.0,-32.5]]]},"properties":{"cell":"488_-130","r7":1.6,"r14":19.4,"rmax24":1.4}},{"type":"Feature","geometry":{"type":"Polygon","coordinates":[[[122.0,-32.25],[122.25,-32.25],[122.25,-32.0],[122.0,-32.0],[122.0,-32.25]]]},"properties":{"cell":"488_-129","r7":2.6,"r14":16.0,"rmax24":2.6}},{"type":"Feature","geometry":{"type":"Polygon","coordinates":[[[122.0,-32.0],[122.25,-32.0],[122.25,-31.75],[122.0,-31.75],[122.0,-32.0]]]},"properties":{"cell":"488_-128","r7":2.4,"r14":15.7,"rmax24":2.3}},{"type":"Feature","geometry":{"type":"Polygon","coordinates":[[[122.0,-31.75],[122.25,-31.75],[122.25,-31.5],[122.0,-31.5],[122.0,-31.75]]]},"properties":{"cell":"488_-127","r7":1.5,"r14":14.7,"rmax24":1.4}},{"type":"Feature","geometry":{"type":"Polygon","coordinates":[[[122.0,-31.5],[122.25,-31.5],[122.25,-31.25],[122.0,-31.25],[122.0,-31.5]]]},"properties":{"cell":"488_-126","r7":0.4,"r14":22.7,"rmax24":0.3}},{"type":"Feature","geometry":{"type":"Polygon","coordinates":[[[122.0,-31.25],[122.25,-31.25],[122.25,-31.0],[122.0,-31.0],[122.0,-31.25]]]},"properties":{"cell":"488_-125","r7":0.6,"r14":20.4,"rmax24":0.4}},{"type":"Feature","geometry":{"type":"Polygon","coordinates":[[[122.0,-31.0],[122.25,-31.0],[122.25,-30.75],[122.0,-30.75],[122.0,-31.0]]]},"properties":{"cell":"488_-124","r7":0.3,"r14":24.3,"rmax24":0.3}},{"type":"Feature","geometry":{"type":"Polygon","coordinates":[[[122.0,-30.75],[122.25,-30.75],[122.25,-30.5],[122.0,-30.5],[122.0,-30.75]]]},"properties":{"cell":"488_-123","r7":0.3,"r14":14.3,"rmax24":0.2}},{"type":"Feature","geometry":{"type":"Polygon","coordinates":[[[122.0,-30.5],[122.25,-30.5],[122.25,-30.25],[122.0,-30.25],[122.0,-30.5]]]},"properties":{"cell":"488_-122","r7":0.1,"r14":9.5,"rmax24":0.1}},{"type":"Feature","geometry":{"type":"Polygon","coordinates":[[[122.0,-30.25],[122.25,-30.25],[122.25,-30.0],[122.0,-30.0],[122.0,-30.25]]]},"properties":{"cell":"488_-121","r7":3.4,"r14":9.9,"rmax24":3.4}},{"type":"Feature","geometry":{"type":"Polygon","coordinates":[[[122.0,-30.0],[122.25,-30.0],[122.25,-29.75],[122.0,-29.75],[122.0,-30.0]]]},"properties":{"cell":"488_-120","r7":0.8,"r14":7.2,"rmax24":0.8}},{"type":"Feature","geometry":{"type":"Polygon","coordinates":[[[122.0,-29.75],[122.25,-29.75],[122.25,-29.5],[122.0,-29.5],[122.0,-29.75]]]},"properties":{"cell":"488_-119","r7":1.1,"r14":7.8,"rmax24":1.1}},{"type":"Feature","geometry":{"type":"Polygon","coordinates":[[[122.0,-29.5],[122.25,-29.5],[122.25,-29.25],[122.0,-29.25],[122.0,-29.5]]]},"properties":{"cell":"488_-118","r7":1.1,"r14":11.1,"rmax24":1.1}},{"type":"Feature","geometry":{"type":"Polygon","coordinates":[[[122.0,-29.25],[122.25,-29.25],[122.25,-29.0],[122.0,-29.0],[122.0,-29.25]]]},"properties":{"cell":"488_-117","r7":0.1,"r14":6.5,"rmax24":0.1}},{"type":"Feature","geometry":{"type":"Polygon","coordinates":[[[122.0,-29.0],[122.25,-29.0],[122.25,-28.75],[122.0,-28.75],[122.0,-29.0]]]},"properties":{"cell":"488_-116","r7":0.0,"r14":2.7,"rmax24":0.0}},{"type":"Feature","geometry":{"type":"Polygon","coordinates":[[[122.0,-28.75],[122.25,-28.75],[122.25,-28.5],[122.0,-28.5],[122.0,-28.75]]]},"properties":{"cell":"488_-115","r7":0.0,"r14":4.3,"rmax24":0.0}},{"type":"Feature","geometry":{"type":"Polygon","coordinates":[[[122.0,-28.5],[122.25,-28.5],[122.25,-28.25],[122.0,-28.25],[122.0,-28.5]]]},"properties":{"cell":"488_-114","r7":0.1,"r14":3.3,"rmax24":0.1}},{"type":"Feature","geometry":{"type":"Polygon","coordinates":[[[122.0,-28.25],[122.25,-28.25],[122.25,-28.0],[122.0,-28.0],[122.0,-28.25]]]},"properties":{"cell":"488_-113","r7":0.1,"r14":3.2,"rmax24":0.1}},{"type":"Feature","geometry":{"type":"Polygon","coordinates":[[[122.0,-28.0],[122.25,-28.0],[122.25,-27.75],[122.0,-27.75],[122.0,-28.0]]]},"properties":{"cell":"488_-112","r7":0.3,"r14":3.7,"rmax24":0.3}},{"type":"Feature","geometry":{"type":"Polygon","coordinates":[[[122.0,-27.75],[122.25,-27.75],[122.25,-27.5],[122.0,-27.5],[122.0,-27.75]]]},"properties":{"cell":"488_-111","r7":0.2,"r14":6.7,"rmax24":0.2}},{"type":"Feature","geometry":{"type":"Polygon","coordinates":[[[122.0,-27.5],[122.25,-27.5],[122.25,-27.25],[122.0,-27.25],[122.0,-27.5]]]},"properties":{"cell":"488_-110","r7":0.7,"r14":3.6,"rmax24":0.7}},{"type":"Feature","geometry":{"type":"Polygon","coordinates":[[[122.25,-32.5],[122.5,-32.5],[122.5,-32.25],[122.25,-32.25],[122.25,-32.5]]]},"properties":{"cell":"489_-130","r7":1.7,"r14":20.0,"rmax24":1.2}},{"type":"Feature","geometry":{"type":"Polygon","coordinates":[[[122.25,-32.25],[122.5,-32.25],[122.5,-32.0],[122.25,-32.0],[122.25,-32.25]]]},"properties":{"cell":"489_-129","r7":2.2,"r14":17.7,"rmax24":2.2}},{"type":"Feature","geometry":{"type":"Polygon","coordinates":[[[122.25,-32.0],[122.5,-32.0],[122.5,-31.75],[122.25,-31.75],[122.25,-32.0]]]},"properties":{"cell":"489_-128","r7":1.4,"r14":16.3,"rmax24":1.4}},{"type":"Feature","geometry":{"type":"Polygon","coordinates":[[[122.25,-31.75],[122.5,-31.75],[122.5,-31.5],[122.25,-31.5],[122.25,-31.75]]]},"properties":{"cell":"489_-127","r7":0.8,"r14":14.8,"rmax24":0.7}},{"type":"Feature","geometry":{"type":"Polygon","coordinates":[[[122.25,-31.5],[122.5,-31.5],[122.5,-31.25],[122.25,-31.25],[122.25,-31.5]]]},"properties":{"cell":"489_-126","r7":0.7,"r14":18.2,"rmax24":0.6}},{"type":"Feature","geometry":{"type":"Polygon","coordinates":[[[122.25,-31.25],[122.5,-31.25],[122.5,-31.0],[122.25,-31.0],[122.25,-31.25]]]},"properties":{"cell":"489_-125","r7":0.4,"r14":22.8,"rmax24":0.4}},{"type":"Feature","geometry":{"type":"Polygon","coordinates":[[[122.25,-31.0],[122.5,-31.0],[122.5,-30.75],[122.25,-30.75],[122.25,-31.0]]]},"properties":{"cell":"489_-124","r7":0.6,"r14":14.0,"rmax24":0.5}},{"type":"Feature","geometry":{"type":"Polygon","coordinates":[[[122.25,-30.75],[122.5,-30.75],[122.5,-30.5],[122.25,-30.5],[122.25,-30.75]]]},"properties":{"cell":"489_-123","r7":0.4,"r14":11.9,"rmax24":0.3}},{"type":"Feature","geometry":{"type":"Polygon","coordinates":[[[122.25,-30.5],[122.5,-30.5],[122.5,-30.25],[122.25,-30.25],[122.25,-30.5]]]},"properties":{"cell":"489_-122","r7":0.8,"r14":8.6,"rmax24":0.7}},{"type":"Feature","geometry":{"type":"Polygon","coordinates":[[[122.25,-30.25],[122.5,-30.25],[122.5,-30.0],[122.25,-30.0],[122.25,-30.25]]]},"properties":{"cell":"489_-121","r7":4.8,"r14":10.8,"rmax24":4.8}},{"type":"Feature","geometry":{"type":"Polygon","coordinates":[[[122.25,-30.0],[122.5,-30.0],[122.5,-29.75],[122.25,-29.75],[122.25,-30.0]]]},"properties":{"cell":"489_-120","r7":2.0,"r14":7.7,"rmax24":2.0}},{"type":"Feature","geometry":{"type":"Polygon","coordinates":[[[122.25,-29.75],[122.5,-29.75],[122.5,-29.5],[122.25,-29.5],[122.25,-29.75]]]},"properties":{"cell":"489_-119","r7":1.1,"r14":9.5,"rmax24":1.1}},{"type":"Feature","geometry":{"type":"Polygon","coordinates":[[[122.25,-29.5],[122.5,-29.5],[122.5,-29.25],[122.25,-29.25],[122.25,-29.5]]]},"properties":{"cell":"489_-118","r7":0.6,"r14":6.8,"rmax24":0.4}},{"type":"Feature","geometry":{"type":"Polygon","coordinates":[[[122.25,-29.25],[122.5,-29.25],[122.5,-29.0],[122.25,-29.0],[122.25,-29.25]]]},"properties":{"cell":"489_-117","r7":0.3,"r14":5.7,"rmax24":0.2}},{"type":"Feature","geometry":{"type":"Polygon","coordinates":[[[122.25,-29.0],[122.5,-29.0],[122.5,-28.75],[122.25,-28.75],[122.25,-29.0]]]},"properties":{"cell":"489_-116","r7":0.0,"r14":3.3,"rmax24":0.0}},{"type":"Feature","geometry":{"type":"Polygon","coordinates":[[[122.25,-28.75],[122.5,-28.75],[122.5,-28.5],[122.25,-28.5],[122.25,-28.75]]]},"properties":{"cell":"489_-115","r7":0.0,"r14":8.4,"rmax24":0.0}},{"type":"Feature","geometry":{"type":"Polygon","coordinates":[[[122.25,-28.5],[122.5,-28.5],[122.5,-28.25],[122.25,-28.25],[122.25,-28.5]]]},"properties":{"cell":"489_-114","r7":0.1,"r14":2.5,"rmax24":0.1}},{"type":"Feature","geometry":{"type":"Polygon","coordinates":[[[122.25,-28.25],[122.5,-28.25],[122.5,-28.0],[122.25,-28.0],[122.25,-28.25]]]},"properties":{"cell":"489_-113","r7":0.0,"r14":2.9,"rmax24":0.0}},{"type":"Feature","geometry":{"type":"Polygon","coordinates":[[[122.25,-28.0],[122.5,-28.0],[122.5,-27.75],[122.25,-27.75],[122.25,-28.0]]]},"properties":{"cell":"489_-112","r7":0.3,"r14":3.4,"rmax24":0.3}},{"type":"Feature","geometry":{"type":"Polygon","coordinates":[[[122.25,-27.75],[122.5,-27.75],[122.5,-27.5],[122.25,-27.5],[122.25,-27.75]]]},"properties":{"cell":"489_-111","r7":0.8,"r14":3.0,"rmax24":0.8}},{"type":"Feature","geometry":{"type":"Polygon","coordinates":[[[122.25,-27.5],[122.5,-27.5],[122.5,-27.25],[122.25,-27.25],[122.25,-27.5]]]},"properties":{"cell":"489_-110","r7":0.6,"r14":2.0,"rmax24":0.6}},{"type":"Feature","geometry":{"type":"Polygon","coordinates":[[[122.5,-31.75],[122.75,-31.75],[122.75,-31.5],[122.5,-31.5],[122.5,-31.75]]]},"properties":{"cell":"490_-127","r7":0.4,"r14":19.1,"rmax24":0.4}},{"type":"Feature","geometry":{"type":"Polygon","coordinates":[[[122.5,-31.5],[122.75,-31.5],[122.75,-31.25],[122.5,-31.25],[122.5,-31.5]]]},"properties":{"cell":"490_-126","r7":0.4,"r14":16.0,"rmax24":0.4}},{"type":"Feature","geometry":{"type":"Polygon","coordinates":[[[122.5,-31.25],[122.75,-31.25],[122.75,-31.0],[122.5,-31.0],[122.5,-31.25]]]},"properties":{"cell":"490_-125","r7":1.0,"r14":24.1,"rmax24":0.7}},{"type":"Feature","geometry":{"type":"Polygon","coordinates":[[[122.5,-31.0],[122.75,-31.0],[122.75,-30.75],[122.5,-30.75],[122.5,-31.0]]]},"properties":{"cell":"490_-124","r7":0.7,"r14":19.2,"rmax24":0.4}},{"type":"Feature","geometry":{"type":"Polygon","coordinates":[[[122.5,-30.75],[122.75,-30.75],[122.75,-30.5],[122.5,-30.5],[122.5,-30.75]]]},"properties":{"cell":"490_-123","r7":0.3,"r14":11.0,"rmax24":0.3}},{"type":"Feature","geometry":{"type":"Polygon","coordinates":[[[122.5,-30.5],[122.75,-30.5],[122.75,-30.25],[122.5,-30.25],[122.5,-30.5]]]},"properties":{"cell":"490_-122","r7":1.0,"r14":12.5,"rmax24":1.0}},{"type":"Feature","geometry":{"type":"Polygon","coordinates":[[[122.5,-30.25],[122.75,-30.25],[122.75,-30.0],[122.5,-30.0],[122.5,-30.25]]]},"properties":{"cell":"490_-121","r7":1.0,"r14":7.2,"rmax24":1.0}},{"type":"Feature","geometry":{"type":"Polygon","coordinates":[[[122.5,-30.0],[122.75,-30.0],[122.75,-29.75],[122.5,-29.75],[122.5,-30.0]]]},"properties":{"cell":"490_-120","r7":12.5,"r14":19.7,"rmax24":12.5}},{"type":"Feature","geometry":{"type":"Polygon","coordinates":[[[122.5,-29.75],[122.75,-29.75],[122.75,-29.5],[122.5,-29.5],[122.5,-29.75]]]},"properties":{"cell":"490_-119","r7":1.0,"r14":9.3,"rmax24":1.0}},{"type":"Feature","geometry":{"type":"Polygon","coordinates":[[[122.5,-29.5],[122.75,-29.5],[122.75,-29.25],[122.5,-29.25],[122.5,-29.5]]]},"properties":{"cell":"490_-118","r7":0.5,"r14":10.6,"rmax24":0.3}},{"type":"Feature","geometry":{"type":"Polygon","coordinates":[[[122.5,-29.25],[122.75,-29.25],[122.75,-29.0],[122.5,-29.0],[122.5,-29.25]]]},"properties":{"cell":"490_-117","r7":0.2,"r14":9.2,"rmax24":0.2}},{"type":"Feature","geometry":{"type":"Polygon","coordinates":[[[122.5,-29.0],[122.75,-29.0],[122.75,-28.75],[122.5,-28.75],[122.5,-29.0]]]},"properties":{"cell":"490_-116","r7":0.2,"r14":5.7,"rmax24":0.2}},{"type":"Feature","geometry":{"type":"Polygon","coordinates":[[[122.5,-28.75],[122.75,-28.75],[122.75,-28.5],[122.5,-28.5],[122.5,-28.75]]]},"properties":{"cell":"490_-115","r7":0.0,"r14":8.1,"rmax24":0.0}},{"type":"Feature","geometry":{"type":"Polygon","coordinates":[[[122.5,-28.5],[122.75,-28.5],[122.75,-28.25],[122.5,-28.25],[122.5,-28.5]]]},"properties":{"cell":"490_-114","r7":0.1,"r14":3.1,"rmax24":0.1}},{"type":"Feature","geometry":{"type":"Polygon","coordinates":[[[122.5,-28.25],[122.75,-28.25],[122.75,-28.0],[122.5,-28.0],[122.5,-28.25]]]},"properties":{"cell":"490_-113","r7":0.1,"r14":2.8,"rmax24":0.1}},{"type":"Feature","geometry":{"type":"Polygon","coordinates":[[[122.5,-28.0],[122.75,-28.0],[122.75,-27.75],[122.5,-27.75],[122.5,-28.0]]]},"properties":{"cell":"490_-112","r7":0.6,"r14":3.5,"rmax24":0.6}},{"type":"Feature","geometry":{"type":"Polygon","coordinates":[[[122.5,-27.75],[122.75,-27.75],[122.75,-27.5],[122.5,-27.5],[122.5,-27.75]]]},"properties":{"cell":"490_-111","r7":0.8,"r14":3.0,"rmax24":0.8}},{"type":"Feature","geometry":{"type":"Polygon","coordinates":[[[122.5,-27.5],[122.75,-27.5],[122.75,-27.25],[122.5,-27.25],[122.5,-27.5]]]},"properties":{"cell":"490_-110","r7":1.2,"r14":2.5,"rmax24":1.0}},{"type":"Feature","geometry":{"type":"Polygon","coordinates":[[[122.75,-31.75],[123.0,-31.75],[123.0,-31.5],[122.75,-31.5],[122.75,-31.75]]]},"properties":{"cell":"491_-127","r7":0.5,"r14":13.0,"rmax24":0.3}},{"type":"Feature","geometry":{"type":"Polygon","coordinates":[[[122.75,-31.5],[123.0,-31.5],[123.0,-31.25],[122.75,-31.25],[122.75,-31.5]]]},"properties":{"cell":"491_-126","r7":0.2,"r14":17.8,"rmax24":0.2}},{"type":"Feature","geometry":{"type":"Polygon","coordinates":[[[122.75,-31.25],[123.0,-31.25],[123.0,-31.0],[122.75,-31.0],[122.75,-31.25]]]},"properties":{"cell":"491_-125","r7":0.3,"r14":17.5,"rmax24":0.3}},{"type":"Feature","geometry":{"type":"Polygon","coordinates":[[[122.75,-31.0],[123.0,-31.0],[123.0,-30.75],[122.75,-30.75],[122.75,-31.0]]]},"properties":{"cell":"491_-124","r7":0.7,"r14":14.7,"rmax24":0.4}},{"type":"Feature","geometry":{"type":"Polygon","coordinates":[[[122.75,-30.75],[123.0,-30.75],[123.0,-30.5],[122.75,-30.5],[122.75,-30.75]]]},"properties":{"cell":"491_-123","r7":0.1,"r14":9.5,"rmax24":0.1}},{"type":"Feature","geometry":{"type":"Polygon","coordinates":[[[122.75,-30.5],[123.0,-30.5],[123.0,-30.25],[122.75,-30.25],[122.75,-30.5]]]},"properties":{"cell":"491_-122","r7":0.2,"r14":10.4,"rmax24":0.2}},{"type":"Feature","geometry":{"type":"Polygon","coordinates":[[[122.75,-30.25],[123.0,-30.25],[123.0,-30.0],[122.75,-30.0],[122.75,-30.25]]]},"properties":{"cell":"491_-121","r7":1.6,"r14":8.8,"rmax24":1.6}},{"type":"Feature","geometry":{"type":"Polygon","coordinates":[[[122.75,-30.0],[123.0,-30.0],[123.0,-29.75],[122.75,-29.75],[122.75,-30.0]]]},"properties":{"cell":"491_-120","r7":1.3,"r14":9.4,"rmax24":1.3}},{"type":"Feature","geometry":{"type":"Polygon","coordinates":[[[122.75,-29.75],[123.0,-29.75],[123.0,-29.5],[122.75,-29.5],[122.75,-29.75]]]},"properties":{"cell":"491_-119","r7":1.2,"r14":9.6,"rmax24":1.0}},{"type":"Feature","geometry":{"type":"Polygon","coordinates":[[[122.75,-29.5],[123.0,-29.5],[123.0,-29.25],[122.75,-29.25],[122.75,-29.5]]]},"properties":{"cell":"491_-118","r7":0.2,"r14":9.6,"rmax24":0.2}},{"type":"Feature","geometry":{"type":"Polygon","coordinates":[[[122.75,-29.25],[123.0,-29.25],[123.0,-29.0],[122.75,-29.0],[122.75,-29.25]]]},"properties":{"cell":"491_-117","r7":0.0,"r14":8.3,"rmax24":0.0}},{"type":"Feature","geometry":{"type":"Polygon","coordinates":[[[122.75,-29.0],[123.0,-29.0],[123.0,-28.75],[122.75,-28.75],[122.75,-29.0]]]},"properties":{"cell":"491_-116","r7":0.0,"r14":9.2,"rmax24":0.0}},{"type":"Feature","geometry":{"type":"Polygon","coordinates":[[[122.75,-28.75],[123.0,-28.75],[123.0,-28.5],[122.75,-28.5],[122.75,-28.75]]]},"properties":{"cell":"491_-115","r7":0.0,"r14":6.1,"rmax24":0.0}},{"type":"Feature","geometry":{"type":"Polygon","coordinates":[[[122.75,-28.5],[123.0,-28.5],[123.0,-28.25],[122.75,-28.25],[122.75,-28.5]]]},"properties":{"cell":"491_-114","r7":0.0,"r14":4.9,"rmax24":0.0}},{"type":"Feature","geometry":{"type":"Polygon","coordinates":[[[123.0,-31.25],[123.25,-31.25],[123.25,-31.0],[123.0,-31.0],[123.0,-31.25]]]},"properties":{"cell":"492_-125","r7":0.2,"r14":14.0,"rmax24":0.2}},{"type":"Feature","geometry":{"type":"Polygon","coordinates":[[[123.0,-31.0],[123.25,-31.0],[123.25,-30.75],[123.0,-30.75],[123.0,-31.0]]]},"properties":{"cell":"492_-124","r7":0.3,"r14":13.0,"rmax24":0.3}},{"type":"Feature","geometry":{"type":"Polygon","coordinates":[[[123.0,-30.75],[123.25,-30.75],[123.25,-30.5],[123.0,-30.5],[123.0,-30.75]]]},"properties":{"cell":"492_-123","r7":0.4,"r14":9.5,"rmax24":0.2}},{"type":"Feature","geometry":{"type":"Polygon","coordinates":[[[123.0,-30.5],[123.25,-30.5],[123.25,-30.25],[123.0,-30.25],[123.0,-30.5]]]},"properties":{"cell":"492_-122","r7":0.2,"r14":13.0,"rmax24":0.2}},{"type":"Feature","geometry":{"type":"Polygon","coordinates":[[[123.0,-30.25],[123.25,-30.25],[123.25,-30.0],[123.0,-30.0],[123.0,-30.25]]]},"properties":{"cell":"492_-121","r7":1.6,"r14":8.5,"rmax24":1.6}},{"type":"Feature","geometry":{"type":"Polygon","coordinates":[[[123.0,-29.5],[123.25,-29.5],[123.25,-29.25],[123.0,-29.25],[123.0,-29.5]]]},"properties":{"cell":"492_-118","r7":0.0,"r14":6.2,"rmax24":0.0}},{"type":"Feature","geometry":{"type":"Polygon","coordinates":[[[123.0,-29.25],[123.25,-29.25],[123.25,-29.0],[123.0,-29.0],[123.0,-29.25]]]},"properties":{"cell":"492_-117","r7":0.0,"r14":7.8,"rmax24":0.0}},{"type":"Feature","geometry":{"type":"Polygon","coordinates":[[[123.0,-29.0],[123.25,-29.0],[123.25,-28.75],[123.0,-28.75],[123.0,-29.0]]]},"properties":{"cell":"492_-116","r7":0.0,"r14":4.1,"rmax24":0.0}},{"type":"Feature","geometry":{"type":"Polygon","coordinates":[[[123.25,-29.5],[123.5,-29.5],[123.5,-29.25],[123.25,-29.25],[123.25,-29.5]]]},"properties":{"cell":"493_-118","r7":0.8,"r14":7.0,"rmax24":0.7}},{"type":"Feature","geometry":{"type":"Polygon","coordinates":[[[123.25,-29.25],[123.5,-29.25],[123.5,-29.0],[123.25,-29.0],[123.25,-29.25]]]},"properties":{"cell":"493_-117","r7":0.2,"r14":7.3,"rmax24":0.2}},{"type":"Feature","geometry":{"type":"Polygon","coordinates":[[[123.25,-29.0],[123.5,-29.0],[123.5,-28.75],[123.25,-28.75],[123.25,-29.0]]]},"properties":{"cell":"493_-116","r7":0.0,"r14":5.2,"rmax24":0.0}},{"type":"Feature","geometry":{"type":"Polygon","coordinates":[[[123.25,-28.5],[123.5,-28.5],[123.5,-28.25],[123.25,-28.25],[123.25,-28.5]]]},"properties":{"cell":"493_-114","r7":0.6,"r14":3.4,"rmax24":0.6}},{"type":"Feature","geometry":{"type":"Polygon","coordinates":[[[123.25,-28.25],[123.5,-28.25],[123.5,-28.0],[123.25,-28.0],[123.25,-28.25]]]},"properties":{"cell":"493_-113","r7":1.4,"r14":8.4,"rmax24":1.3}},{"type":"Feature","geometry":{"type":"Polygon","coordinates":[[[123.25,-28.0],[123.5,-28.0],[123.5,-27.75],[123.25,-27.75],[123.25,-28.0]]]},"properties":{"cell":"493_-112","r7":2.0,"r14":5.3,"rmax24":1.7}},{"type":"Feature","geometry":{"type":"Polygon","coordinates":[[[123.25,-27.75],[123.5,-27.75],[123.5,-27.5],[123.25,-27.5],[123.25,-27.75]]]},"properties":{"cell":"493_-111","r7":2.6,"r14":5.0,"rmax24":1.5}},{"type":"Feature","geometry":{"type":"Polygon","coordinates":[[[123.5,-29.0],[123.75,-29.0],[123.75,-28.75],[123.5,-28.75],[123.5,-29.0]]]},"properties":{"cell":"494_-116","r7":0.1,"r14":6.7,"rmax24":0.1}},{"type":"Feature","geometry":{"type":"Polygon","coordinates":[[[123.5,-28.75],[123.75,-28.75],[123.75,-28.5],[123.5,-28.5],[123.5,-28.75]]]},"properties":{"cell":"494_-115","r7":0.2,"r14":6.7,"rmax24":0.2}},{"type":"Feature","geometry":{"type":"Polygon","coordinates":[[[123.5,-28.5],[123.75,-28.5],[123.75,-28.25],[123.5,-28.25],[123.5,-28.5]]]},"properties":{"cell":"494_-114","r7":1.1,"r14":6.6,"rmax24":1.1}},{"type":"Feature","geometry":{"type":"Polygon","coordinates":[[[123.5,-28.25],[123.75,-28.25],[123.75,-28.0],[123.5,-28.0],[123.5,-28.25]]]},"properties":{"cell":"494_-113","r7":2.1,"r14":7.3,"rmax24":1.9}},{"type":"Feature","geometry":{"type":"Polygon","coordinates":[[[123.5,-28.0],[123.75,-28.0],[123.75,-27.75],[123.5,-27.75],[123.5,-28.0]]]},"properties":{"cell":"494_-112","r7":5.3,"r14":7.9,"rmax24":3.0}},{"type":"Feature","geometry":{"type":"Polygon","coordinates":[[[123.5,-27.75],[123.75,-27.75],[123.75,-27.5],[123.5,-27.5],[123.5,-27.75]]]},"properties":{"cell":"494_-111","r7":5.1,"r14":9.5,"rmax24":2.7}},{"type":"Feature","geometry":{"type":"Polygon","coordinates":[[[123.75,-29.0],[124.0,-29.0],[124.0,-28.75],[123.75,-28.75],[123.75,-29.0]]]},"properties":{"cell":"495_-116","r7":0.0,"r14":4.9,"rmax24":0.0}},{"type":"Feature","geometry":{"type":"Polygon","coordinates":[[[123.75,-28.75],[124.0,-28.75],[124.0,-28.5],[123.75,-28.5],[123.75,-28.75]]]},"properties":{"cell":"495_-115","r7":0.2,"r14":9.1,"rmax24":0.2}},{"type":"Feature","geometry":{"type":"Polygon","coordinates":[[[123.75,-28.5],[124.0,-28.5],[124.0,-28.25],[123.75,-28.25],[123.75,-28.5]]]},"properties":{"cell":"495_-114","r7":1.8,"r14":7.5,"rmax24":1.2}},{"type":"Feature","geometry":{"type":"Polygon","coordinates":[[[123.75,-28.25],[124.0,-28.25],[124.0,-28.0],[123.75,-28.0],[123.75,-28.25]]]},"properties":{"cell":"495_-113","r7":4.5,"r14":8.8,"rmax24":3.6}},{"type":"Feature","geometry":{"type":"Polygon","coordinates":[[[123.75,-28.0],[124.0,-28.0],[124.0,-27.75],[123.75,-27.75],[123.75,-28.0]]]},"properties":{"cell":"495_-112","r7":5.1,"r14":6.5,"rmax24":3.2}},{"type":"Feature","geometry":{"type":"Polygon","coordinates":[[[123.75,-27.75],[124.0,-27.75],[124.0,-27.5],[123.75,-27.5],[123.75,-27.75]]]},"properties":{"cell":"495_-111","r7":6.6,"r14":9.1,"rmax24":3.7}},{"type":"Feature","geometry":{"type":"Polygon","coordinates":[[[123.75,-17.0],[124.0,-17.0],[124.0,-16.75],[123.75,-16.75],[123.75,-17.0]]]},"properties":{"cell":"495_-68","r7":2.2,"r14":2.2,"rmax24":2.2}},{"type":"Feature","geometry":{"type":"Polygon","coordinates":[[[123.75,-16.75],[124.0,-16.75],[124.0,-16.5],[123.75,-16.5],[123.75,-16.75]]]},"properties":{"cell":"495_-67","r7":3.1,"r14":3.1,"rmax24":2.0}},{"type":"Feature","geometry":{"type":"Polygon","coordinates":[[[124.0,-29.0],[124.25,-29.0],[124.25,-28.75],[124.0,-28.75],[124.0,-29.0]]]},"properties":{"cell":"496_-116","r7":0.3,"r14":7.6,"rmax24":0.3}},{"type":"Feature","geometry":{"type":"Polygon","coordinates":[[[124.0,-28.75],[124.25,-28.75],[124.25,-28.5],[124.0,-28.5],[124.0,-28.75]]]},"properties":{"cell":"496_-115","r7":0.9,"r14":8.5,"rmax24":0.5}},{"type":"Feature","geometry":{"type":"Polygon","coordinates":[[[124.0,-28.5],[124.25,-28.5],[124.25,-28.25],[124.0,-28.25],[124.0,-28.5]]]},"properties":{"cell":"496_-114","r7":3.1,"r14":7.4,"rmax24":2.4}},{"type":"Feature","geometry":{"type":"Polygon","coordinates":[[[124.0,-28.25],[124.25,-28.25],[124.25,-28.0],[124.0,-28.0],[124.0,-28.25]]]},"properties":{"cell":"496_-113","r7":5.1,"r14":8.9,"rmax24":4.3}},{"type":"Feature","geometry":{"type":"Polygon","coordinates":[[[124.0,-28.0],[124.25,-28.0],[124.25,-27.75],[124.0,-27.75],[124.0,-28.0]]]},"properties":{"cell":"496_-112","r7":4.9,"r14":7.7,"rmax24":3.8}},{"type":"Feature","geometry":{"type":"Polygon","coordinates":[[[124.0,-27.75],[124.25,-27.75],[124.25,-27.5],[124.0,-27.5],[124.0,-27.75]]]},"properties":{"cell":"496_-111","r7":6.2,"r14":11.0,"rmax24":4.1}},{"type":"Feature","geometry":{"type":"Polygon","coordinates":[[[124.0,-17.0],[124.25,-17.0],[124.25,-16.75],[124.0,-16.75],[124.0,-17.0]]]},"properties":{"cell":"496_-68","r7":2.3,"r14":2.3,"rmax24":1.2}},{"type":"Feature","geometry":{"type":"Polygon","coordinates":[[[124.0,-16.75],[124.25,-16.75],[124.25,-16.5],[124.0,-16.5],[124.0,-16.75]]]},"properties":{"cell":"496_-67","r7":0.6,"r14":0.6,"rmax24":0.3}},{"type":"Feature","geometry":{"type":"Polygon","coordinates":[[[124.25,-29.75],[124.5,-29.75],[124.5,-29.5],[124.25,-29.5],[124.25,-29.75]]]},"properties":{"cell":"497_-119","r7":0.1,"r14":10.6,"rmax24":0.1}},{"type":"Feature","geometry":{"type":"Polygon","coordinates":[[[124.25,-29.5],[124.5,-29.5],[124.5,-29.25],[124.25,-29.25],[124.25,-29.5]]]},"properties":{"cell":"497_-118","r7":0.0,"r14":9.7,"rmax24":0.0}},{"type":"Feature","geometry":{"type":"Polygon","coordinates":[[[124.25,-29.25],[124.5,-29.25],[124.5,-29.0],[124.25,-29.0],[124.25,-29.25]]]},"properties":{"cell":"497_-117","r7":0.4,"r14":7.2,"rmax24":0.2}},{"type":"Feature","geometry":{"type":"Polygon","coordinates":[[[124.25,-29.0],[124.5,-29.0],[124.5,-28.75],[124.25,-28.75],[124.25,-29.0]]]},"properties":{"cell":"497_-116","r7":1.4,"r14":11.9,"rmax24":0.7}},{"type":"Feature","geometry":{"type":"Polygon","coordinates":[[[124.25,-17.0],[124.5,-17.0],[124.5,-16.75],[124.25,-16.75],[124.25,-17.0]]]},"properties":{"cell":"497_-68","r7":1.0,"r14":1.0,"rmax24":0.8}},{"type":"Feature","geometry":{"type":"Polygon","coordinates":[[[124.5,-29.75],[124.75,-29.75],[124.75,-29.5],[124.5,-29.5],[124.5,-29.75]]]},"properties":{"cell":"498_-119","r7":0.5,"r14":8.3,"rmax24":0.5}},{"type":"Feature","geometry":{"type":"Polygon","coordinates":[[[124.5,-29.5],[124.75,-29.5],[124.75,-29.25],[124.5,-29.25],[124.5,-29.5]]]},"properties":{"cell":"498_-118","r7":0.3,"r14":10.4,"rmax24":0.3}},{"type":"Feature","geometry":{"type":"Polygon","coordinates":[[[124.5,-29.25],[124.75,-29.25],[124.75,-29.0],[124.5,-29.0],[124.5,-29.25]]]},"properties":{"cell":"498_-117","r7":1.0,"r14":8.5,"rmax24":0.6}},{"type":"Feature","geometry":{"type":"Polygon","coordinates":[[[124.5,-29.0],[124.75,-29.0],[124.75,-28.75],[124.5,-28.75],[124.5,-29.0]]]},"properties":{"cell":"498_-116","r7":2.1,"r14":12.0,"rmax24":1.3}},{"type":"Feature","geometry":{"type":"Polygon","coordinates":[[[124.5,-28.75],[124.75,-28.75],[124.75,-28.5],[124.5,-28.5],[124.5,-28.75]]]},"properties":{"cell":"498_-115","r7":1.8,"r14":10.3,"rmax24":1.5}},{"type":"Feature","geometry":{"type":"Polygon","coordinates":[[[124.5,-28.5],[124.75,-28.5],[124.75,-28.25],[124.5,-28.25],[124.5,-28.5]]]},"properties":{"cell":"498_-114","r7":3.0,"r14":8.2,"rmax24":3.0}},{"type":"Feature","geometry":{"type":"Polygon","coordinates":[[[124.75,-29.75],[125.0,-29.75],[125.0,-29.5],[124.75,-29.5],[124.75,-29.75]]]},"properties":{"cell":"499_-119","r7":0.2,"r14":7.7,"rmax24":0.2}},{"type":"Feature","geometry":{"type":"Polygon","coordinates":[[[124.75,-29.5],[125.0,-29.5],[125.0,-29.25],[124.75,-29.25],[124.75,-29.5]]]},"properties":{"cell":"499_-118","r7":0.7,"r14":8.0,"rmax24":0.4}},{"type":"Feature","geometry":{"type":"Polygon","coordinates":[[[124.75,-29.25],[125.0,-29.25],[125.0,-29.0],[124.75,-29.0],[124.75,-29.25]]]},"properties":{"cell":"499_-117","r7":1.1,"r14":7.5,"rmax24":0.7}},{"type":"Feature","geometry":{"type":"Polygon","coordinates":[[[124.75,-29.0],[125.0,-29.0],[125.0,-28.75],[124.75,-28.75],[124.75,-29.0]]]},"properties":{"cell":"499_-116","r7":1.7,"r14":8.1,"rmax24":1.3}},{"type":"Feature","geometry":{"type":"Polygon","coordinates":[[[124.75,-28.75],[125.0,-28.75],[125.0,-28.5],[124.75,-28.5],[124.75,-28.75]]]},"properties":{"cell":"499_-115","r7":2.3,"r14":10.4,"rmax24":2.3}},{"type":"Feature","geometry":{"type":"Polygon","coordinates":[[[124.75,-28.5],[125.0,-28.5],[125.0,-28.25],[124.75,-28.25],[124.75,-28.5]]]},"properties":{"cell":"499_-114","r7":4.5,"r14":12.2,"rmax24":4.3}},{"type":"Feature","geometry":{"type":"Polygon","coordinates":[[[125.0,-29.0],[125.25,-29.0],[125.25,-28.75],[125.0,-28.75],[125.0,-29.0]]]},"properties":{"cell":"500_-116","r7":1.1,"r14":7.7,"rmax24":1.1}},{"type":"Feature","geometry":{"type":"Polygon","coordinates":[[[125.0,-28.75],[125.25,-28.75],[125.25,-28.5],[125.0,-28.5],[125.0,-28.75]]]},"properties":{"cell":"500_-115","r7":2.7,"r14":9.4,"rmax24":2.7}},{"type":"Feature","geometry":{"type":"Polygon","coordinates":[[[125.0,-28.5],[125.25,-28.5],[125.25,-28.25],[125.0,-28.25],[125.0,-28.5]]]},"properties":{"cell":"500_-114","r7":3.8,"r14":9.3,"rmax24":3.4}},{"type":"Feature","geometry":{"type":"Polygon","coordinates":[[[125.0,-17.5],[125.25,-17.5],[125.25,-17.25],[125.0,-17.25],[125.0,-17.5]]]},"properties":{"cell":"500_-70","r7":1.0,"r14":1.0,"rmax24":1.0}},{"type":"Feature","geometry":{"type":"Polygon","coordinates":[[[125.0,-17.25],[125.25,-17.25],[125.25,-17.0],[125.0,-17.0],[125.0,-17.25]]]},"properties":{"cell":"500_-69","r7":1.8,"r14":1.8,"rmax24":1.4}},{"type":"Feature","geometry":{"type":"Polygon","coordinates":[[[125.25,-17.5],[125.5,-17.5],[125.5,-17.25],[125.25,-17.25],[125.25,-17.5]]]},"properties":{"cell":"501_-70","r7":2.0,"r14":2.0,"rmax24":2.0}},{"type":"Feature","geometry":{"type":"Polygon","coordinates":[[[125.25,-17.25],[125.5,-17.25],[125.5,-17.0],[125.25,-17.0],[125.25,-17.25]]]},"properties":{"cell":"501_-69","r7":3.9,"r14":3.9,"rmax24":3.5}},{"type":"Feature","geometry":{"type":"Polygon","coordinates":[[[125.5,-17.25],[125.75,-17.25],[125.75,-17.0],[125.5,-17.0],[125.5,-17.25]]]},"properties":{"cell":"502_-69","r7":2.1,"r14":2.1,"rmax24":2.1}},{"type":"Feature","geometry":{"type":"Polygon","coordinates":[[[126.75,-19.0],[127.0,-19.0],[127.0,-18.75],[126.75,-18.75],[126.75,-19.0]]]},"properties":{"cell":"507_-76","r7":0.7,"r14":0.7,"rmax24":0.5}},{"type":"Feature","geometry":{"type":"Polygon","coordinates":[[[126.75,-18.75],[127.0,-18.75],[127.0,-18.5],[126.75,-18.5],[126.75,-18.75]]]},"properties":{"cell":"507_-75","r7":0.6,"r14":0.6,"rmax24":0.6}},{"type":"Feature","geometry":{"type":"Polygon","coordinates":[[[127.0,-18.25],[127.25,-18.25],[127.25,-18.0],[127.0,-18.0],[127.0,-18.25]]]},"properties":{"cell":"508_-73","r7":2.0,"r14":2.0,"rmax24":2.0}},{"type":"Feature","geometry":{"type":"Polygon","coordinates":[[[127.25,-26.5],[127.5,-26.5],[127.5,-26.25],[127.25,-26.25],[127.25,-26.5]]]},"properties":{"cell":"509_-106","r7":7.4,"r14":24.4,"rmax24":7.3}},{"type":"Feature","geometry":{"type":"Polygon","coordinates":[[[127.25,-26.25],[127.5,-26.25],[127.5,-26.0],[127.25,-26.0],[127.25,-26.25]]]},"properties":{"cell":"509_-105","r7":5.6,"r14":18.5,"rmax24":5.6}},{"type":"Feature","geometry":{"type":"Polygon","coordinates":[[[127.25,-26.0],[127.5,-26.0],[127.5,-25.75],[127.25,-25.75],[127.25,-26.0]]]},"properties":{"cell":"509_-104","r7":4.4,"r14":12.8,"rmax24":4.3}},{"type":"Feature","geometry":{"type":"Polygon","coordinates":[[[127.25,-25.75],[127.5,-25.75],[127.5,-25.5],[127.25,-25.5],[127.25,-25.75]]]},"properties":{"cell":"509_-103","r7":8.4,"r14":14.8,"rmax24":7.5}},{"type":"Feature","geometry":{"type":"Polygon","coordinates":[[[127.25,-19.0],[127.5,-19.0],[127.5,-18.75],[127.25,-18.75],[127.25,-19.0]]]},"properties":{"cell":"509_-76","r7":2.0,"r14":2.0,"rmax24":1.6}},{"type":"Feature","geometry":{"type":"Polygon","coordinates":[[[127.25,-18.75],[127.5,-18.75],[127.5,-18.5],[127.25,-18.5],[127.25,-18.75]]]},"properties":{"cell":"509_-75","r7":0.8,"r14":0.8,"rmax24":0.5}},{"type":"Feature","geometry":{"type":"Polygon","coordinates":[[[127.25,-18.5],[127.5,-18.5],[127.5,-18.25],[127.25,-18.25],[127.25,-18.5]]]},"properties":{"cell":"509_-74","r7":1.5,"r14":1.5,"rmax24":1.4}},{"type":"Feature","geometry":{"type":"Polygon","coordinates":[[[127.25,-18.25],[127.5,-18.25],[127.5,-18.0],[127.25,-18.0],[127.25,-18.25]]]},"properties":{"cell":"509_-73","r7":1.5,"r14":1.5,"rmax24":1.5}},{"type":"Feature","geometry":{"type":"Polygon","coordinates":[[[127.5,-26.5],[127.75,-26.5],[127.75,-26.25],[127.5,-26.25],[127.5,-26.5]]]},"properties":{"cell":"510_-106","r7":6.3,"r14":23.0,"rmax24":6.1}},{"type":"Feature","geometry":{"type":"Polygon","coordinates":[[[127.5,-26.25],[127.75,-26.25],[127.75,-26.0],[127.5,-26.0],[127.5,-26.25]]]},"properties":{"cell":"510_-105","r7":3.2,"r14":14.8,"rmax24":3.1}},{"type":"Feature","geometry":{"type":"Polygon","coordinates":[[[127.5,-26.0],[127.75,-26.0],[127.75,-25.75],[127.5,-25.75],[127.5,-26.0]]]},"properties":{"cell":"510_-104","r7":4.7,"r14":13.6,"rmax24":4.6}},{"type":"Feature","geometry":{"type":"Polygon","coordinates":[[[127.5,-25.75],[127.75,-25.75],[127.75,-25.5],[127.5,-25.5],[127.5,-25.75]]]},"properties":{"cell":"510_-103","r7":17.1,"r14":23.6,"rmax24":8.4}},{"type":"Feature","geometry":{"type":"Polygon","coordinates":[[[127.5,-18.75],[127.75,-18.75],[127.75,-18.5],[127.5,-18.5],[127.5,-18.75]]]},"properties":{"cell":"510_-75","r7":1.5,"r14":1.5,"rmax24":1.0}},{"type":"Feature","geometry":{"type":"Polygon","coordinates":[[[127.5,-18.5],[127.75,-18.5],[127.75,-18.25],[127.5,-18.25],[127.5,-18.5]]]},"properties":{"cell":"510_-74","r7":1.3,"r14":1.3,"rmax24":1.0}},{"type":"Feature","geometry":{"type":"Polygon","coordinates":[[[127.5,-18.25],[127.75,-18.25],[127.75,-18.0],[127.5,-18.0],[127.5,-18.25]]]},"properties":{"cell":"510_-73","r7":0.8,"r14":0.8,"rmax24":0.6}},{"type":"Feature","geometry":{"type":"Polygon","coordinates":[[[127.5,-18.0],[127.75,-18.0],[127.75,-17.75],[127.5,-17.75],[127.5,-18.0]]]},"properties":{"cell":"510_-72","r7":0.8,"r14":0.8,"rmax24":0.7}},{"type":"Feature","geometry":{"type":"Polygon","coordinates":[[[127.5,-17.75],[127.75,-17.75],[127.75,-17.5],[127.5,-17.5],[127.5,-17.75]]]},"properties":{"cell":"510_-71","r7":1.2,"r14":1.2,"rmax24":1.2}},{"type":"Feature","geometry":{"type":"Polygon","coordinates":[[[127.75,-26.5],[128.0,-26.5],[128.0,-26.25],[127.75,-26.25],[127.75,-26.5]]]},"properties":{"cell":"511_-106","r7":5.6,"r14":21.4,"rmax24":5.3}},{"type":"Feature","geometry":{"type":"Polygon","coordinates":[[[127.75,-26.25],[128.0,-26.25],[128.0,-26.0],[127.75,-26.0],[127.75,-26.25]]]},"properties":{"cell":"511_-105","r7":4.9,"r14":16.2,"rmax24":4.9}},{"type":"Feature","geometry":{"type":"Polygon","coordinates":[[[127.75,-26.0],[128.0,-26.0],[128.0,-25.75],[127.75,-25.75],[127.75,-26.0]]]},"properties":{"cell":"511_-104","r7":8.9,"r14":17.3,"rmax24":7.7}},{"type":"Feature","geometry":{"type":"Polygon","coordinates":[[[127.75,-25.75],[128.0,-25.75],[128.0,-25.5],[127.75,-25.5],[127.75,-25.75]]]},"properties":{"cell":"511_-103","r7":10.0,"r14":18.5,"rmax24":6.2}},{"type":"Feature","geometry":{"type":"Polygon","coordinates":[[[127.75,-18.75],[128.0,-18.75],[128.0,-18.5],[127.75,-18.5],[127.75,-18.75]]]},"properties":{"cell":"511_-75","r7":0.7,"r14":0.7,"rmax24":0.6}},{"type":"Feature","geometry":{"type":"Polygon","coordinates":[[[127.75,-18.5],[128.0,-18.5],[128.0,-18.25],[127.75,-18.25],[127.75,-18.5]]]},"properties":{"cell":"511_-74","r7":1.0,"r14":1.0,"rmax24":1.0}},{"type":"Feature","geometry":{"type":"Polygon","coordinates":[[[127.75,-18.25],[128.0,-18.25],[128.0,-18.0],[127.75,-18.0],[127.75,-18.25]]]},"properties":{"cell":"511_-73","r7":0.8,"r14":0.8,"rmax24":0.6}},{"type":"Feature","geometry":{"type":"Polygon","coordinates":[[[127.75,-18.0],[128.0,-18.0],[128.0,-17.75],[127.75,-17.75],[127.75,-18.0]]]},"properties":{"cell":"511_-72","r7":1.5,"r14":1.5,"rmax24":1.3}},{"type":"Feature","geometry":{"type":"Polygon","coordinates":[[[128.0,-26.5],[128.25,-26.5],[128.25,-26.25],[128.0,-26.25],[128.0,-26.5]]]},"properties":{"cell":"512_-106","r7":6.2,"r14":22.4,"rmax24":5.5}},{"type":"Feature","geometry":{"type":"Polygon","coordinates":[[[128.0,-26.25],[128.25,-26.25],[128.25,-26.0],[128.0,-26.0],[128.0,-26.25]]]},"properties":{"cell":"512_-105","r7":5.0,"r14":17.0,"rmax24":4.9}},{"type":"Feature","geometry":{"type":"Polygon","coordinates":[[[128.0,-26.0],[128.25,-26.0],[128.25,-25.75],[128.0,-25.75],[128.0,-26.0]]]},"properties":{"cell":"512_-104","r7":8.7,"r14":17.3,"rmax24":7.6}},{"type":"Feature","geometry":{"type":"Polygon","coordinates":[[[128.0,-18.5],[128.25,-18.5],[128.25,-18.25],[128.0,-18.25],[128.0,-18.5]]]},"properties":{"cell":"512_-74","r7":0.6,"r14":0.6,"rmax24":0.6}},{"type":"Feature","geometry":{"type":"Polygon","coordinates":[[[128.5,-19.75],[128.75,-19.75],[128.75,-19.5],[128.5,-19.5],[128.5,-19.75]]]},"properties":{"cell":"514_-79","r7":1.7,"r14":1.7,"rmax24":1.5}},{"type":"Feature","geometry":{"type":"Polygon","coordinates":[[[128.75,-19.5],[129.0,-19.5],[129.0,-19.25],[128.75,-19.25],[128.75,-19.5]]]},"properties":{"cell":"515_-78","r7":4.5,"r14":4.5,"rmax24":2.9}},{"type":"Feature","geometry":{"type":"Polygon","coordinates":[[[129.0,-20.25],[129.25,-20.25],[129.25,-20.0],[129.0,-20.0],[129.0,-20.25]]]},"properties":{"cell":"516_-81","r7":0.9,"r14":0.9,"rmax24":0.9}},{"type":"Feature","geometry":{"type":"Polygon","coordinates":[[[129.0,-20.0],[129.25,-20.0],[129.25,-19.75],[129.0,-19.75],[129.0,-20.0]]]},"properties":{"cell":"516_-80","r7":1.1,"r14":1.1,"rmax24":0.7}},{"type":"Feature","geometry":{"type":"Polygon","coordinates":[[[129.0,-19.75],[129.25,-19.75],[129.25,-19.5],[129.0,-19.5],[129.0,-19.75]]]},"properties":{"cell":"516_-79","r7":2.2,"r14":2.2,"rmax24":0.7}},{"type":"Feature","geometry":{"type":"Polygon","coordinates":[[[129.0,-19.5],[129.25,-19.5],[129.25,-19.25],[129.0,-19.25],[129.0,-19.5]]]},"properties":{"cell":"516_-78","r7":2.0,"r14":2.0,"rmax24":1.9}},{"type":"Feature","geometry":{"type":"Polygon","coordinates":[[[129.25,-20.75],[129.5,-20.75],[129.5,-20.5],[129.25,-20.5],[129.25,-20.75]]]},"properties":{"cell":"517_-83","r7":0.6,"r14":0.6,"rmax24":0.6}},{"type":"Feature","geometry":{"type":"Polygon","coordinates":[[[129.25,-20.25],[129.5,-20.25],[129.5,-20.0],[129.25,-20.0],[129.25,-20.25]]]},"properties":{"cell":"517_-81","r7":0.7,"r14":0.7,"rmax24":0.6}},{"type":"Feature","geometry":{"type":"Polygon","coordinates":[[[129.25,-20.0],[129.5,-20.0],[129.5,-19.75],[129.25,-19.75],[129.25,-20.0]]]},"properties":{"cell":"517_-80","r7":1.3,"r14":1.3,"rmax24":1.1}},{"type":"Feature","geometry":{"type":"Polygon","coordinates":[[[129.25,-19.75],[129.5,-19.75],[129.5,-19.5],[129.25,-19.5],[129.25,-19.75]]]},"properties":{"cell":"517_-79","r7":1.8,"r14":1.8,"rmax24":1.7}},{"type":"Feature","geometry":{"type":"Polygon","coordinates":[[[129.5,-21.0],[129.75,-21.0],[129.75,-20.75],[129.5,-20.75],[129.5,-21.0]]]},"properties":{"cell":"518_-84","r7":1.1,"r14":1.1,"rmax24":1.1}},{"type":"Feature","geometry":{"type":"Polygon","coordinates":[[[129.5,-20.0],[129.75,-20.0],[129.75,-19.75],[129.5,-19.75],[129.5,-20.0]]]},"properties":{"cell":"518_-80","r7":0.6,"r14":0.6,"rmax24":0.3}},{"type":"Feature","geometry":{"type":"Polygon","coordinates":[[[129.5,-19.75],[129.75,-19.75],[129.75,-19.5],[129.5,-19.5],[129.5,-19.75]]]},"properties":{"cell":"518_-79","r7":1.2,"r14":1.2,"rmax24":0.9}},{"type":"Feature","geometry":{"type":"Polygon","coordinates":[[[129.75,-20.5],[130.0,-20.5],[130.0,-20.25],[129.75,-20.25],[129.75,-20.5]]]},"properties":{"cell":"519_-82","r7":0.8,"r14":0.8,"rmax24":0.7}},{"type":"Feature","geometry":{"type":"Polygon","coordinates":[[[129.75,-20.25],[130.0,-20.25],[130.0,-20.0],[129.75,-20.0],[129.75,-20.25]]]},"properties":{"cell":"519_-81","r7":0.9,"r14":0.9,"rmax24":0.7}},{"type":"Feature","geometry":{"type":"Polygon","coordinates":[[[129.75,-20.0],[130.0,-20.0],[130.0,-19.75],[129.75,-19.75],[129.75,-20.0]]]},"properties":{"cell":"519_-80","r7":1.8,"r14":1.8,"rmax24":1.2}},{"type":"Feature","geometry":{"type":"Polygon","coordinates":[[[130.0,-21.0],[130.25,-21.0],[130.25,-20.75],[130.0,-20.75],[130.0,-21.0]]]},"properties":{"cell":"520_-84","r7":1.3,"r14":1.3,"rmax24":0.8}},{"type":"Feature","geometry":{"type":"Polygon","coordinates":[[[130.0,-20.75],[130.25,-20.75],[130.25,-20.5],[130.0,-20.5],[130.0,-20.75]]]},"properties":{"cell":"520_-83","r7":1.2,"r14":1.2,"rmax24":0.7}},{"type":"Feature","geometry":{"type":"Polygon","coordinates":[[[130.0,-20.5],[130.25,-20.5],[130.25,-20.25],[130.0,-20.25],[130.0,-20.5]]]},"properties":{"cell":"520_-82","r7":0.9,"r14":0.9,"rmax24":0.3}},{"type":"Feature","geometry":{"type":"Polygon","coordinates":[[[130.0,-20.25],[130.25,-20.25],[130.25,-20.0],[130.0,-20.0],[130.0,-20.25]]]},"properties":{"cell":"520_-81","r7":0.9,"r14":0.9,"rmax24":0.6}},{"type":"Feature","geometry":{"type":"Polygon","coordinates":[[[130.0,-20.0],[130.25,-20.0],[130.25,-19.75],[130.0,-19.75],[130.0,-20.0]]]},"properties":{"cell":"520_-80","r7":1.1,"r14":1.1,"rmax24":0.9}},{"type":"Feature","geometry":{"type":"Polygon","coordinates":[[[130.0,-19.5],[130.25,-19.5],[130.25,-19.25],[130.0,-19.25],[130.0,-19.5]]]},"properties":{"cell":"520_-78","r7":1.3,"r14":1.3,"rmax24":1.3}},{"type":"Feature","geometry":{"type":"Polygon","coordinates":[[[130.25,-20.5],[130.5,-20.5],[130.5,-20.25],[130.25,-20.25],[130.25,-20.5]]]},"properties":{"cell":"521_-82","r7":1.2,"r14":1.2,"rmax24":0.6}},{"type":"Feature","geometry":{"type":"Polygon","coordinates":[[[130.25,-20.25],[130.5,-20.25],[130.5,-20.0],[130.25,-20.0],[130.25,-20.25]]]},"properties":{"cell":"521_-81","r7":4.9,"r14":4.9,"rmax24":3.1}},{"type":"Feature","geometry":{"type":"Polygon","coordinates":[[[130.25,-19.75],[130.5,-19.75],[130.5,-19.5],[130.25,-19.5],[130.25,-19.75]]]},"properties":{"cell":"521_-79","r7":1.6,"r14":1.6,"rmax24":1.4}},{"type":"Feature","geometry":{"type":"Polygon","coordinates":[[[130.5,-20.5],[130.75,-20.5],[130.75,-20.25],[130.5,-20.25],[130.5,-20.5]]]},"properties":{"cell":"522_-82","r7":2.6,"r14":2.6,"rmax24":2.1}},{"type":"Feature","geometry":{"type":"Polygon","coordinates":[[[130.75,-20.75],[131.0,-20.75],[131.0,-20.5],[130.75,-20.5],[130.75,-20.75]]]},"properties":{"cell":"523_-83","r7":2.1,"r14":2.1,"rmax24":2.1}},{"type":"Feature","geometry":{"type":"Polygon","coordinates":[[[130.75,-20.5],[131.0,-20.5],[131.0,-20.25],[130.75,-20.25],[130.75,-20.5]]]},"properties":{"cell":"523_-82","r7":1.4,"r14":1.4,"rmax24":1.0}},{"type":"Feature","geometry":{"type":"Polygon","coordinates":[[[130.75,-13.5],[131.0,-13.5],[131.0,-13.25],[130.75,-13.25],[130.75,-13.5]]]},"properties":{"cell":"523_-54","r7":0.6,"r14":0.6,"rmax24":0.4}},{"type":"Feature","geometry":{"type":"Polygon","coordinates":[[[131.0,-13.0],[131.25,-13.0],[131.25,-12.75],[131.0,-12.75],[131.0,-13.0]]]},"properties":{"cell":"524_-52","r7":0.6,"r14":0.6,"rmax24":0.5}},{"type":"Feature","geometry":{"type":"Polygon","coordinates":[[[131.0,-12.75],[131.25,-12.75],[131.25,-12.5],[131.0,-12.5],[131.0,-12.75]]]},"properties":{"cell":"524_-51","r7":1.5,"r14":1.5,"rmax24":0.9}},{"type":"Feature","geometry":{"type":"Polygon","coordinates":[[[131.75,-12.75],[132.0,-12.75],[132.0,-12.5],[131.75,-12.5],[131.75,-12.75]]]},"properties":{"cell":"527_-51","r7":0.2,"r14":0.9,"rmax24":0.2}},{"type":"Feature","geometry":{"type":"Polygon","coordinates":[[[132.0,-13.5],[132.25,-13.5],[132.25,-13.25],[132.0,-13.25],[132.0,-13.5]]]},"properties":{"cell":"528_-54","r7":0.6,"r14":0.6,"rmax24":0.6}},{"type":"Feature","geometry":{"type":"Polygon","coordinates":[[[132.5,-13.25],[132.75,-13.25],[132.75,-13.0],[132.5,-13.0],[132.5,-13.25]]]},"properties":{"cell":"530_-53","r7":0.0,"r14":0.7,"rmax24":0.0}},{"type":"Feature","geometry":{"type":"Polygon","coordinates":[[[133.0,-30.5],[133.25,-30.5],[133.25,-30.25],[133.0,-30.25],[133.0,-30.5]]]},"properties":{"cell":"532_-122","r7":2.3,"r14":26.0,"rmax24":1.0}},{"type":"Feature","geometry":{"type":"Polygon","coordinates":[[[133.0,-30.25],[133.25,-30.25],[133.25,-30.0],[133.0,-30.0],[133.0,-30.25]]]},"properties":{"cell":"532_-121","r7":1.6,"r14":17.9,"rmax24":0.4}},{"type":"Feature","geometry":{"type":"Polygon","coordinates":[[[133.0,-30.0],[133.25,-30.0],[133.25,-29.75],[133.0,-29.75],[133.0,-30.0]]]},"properties":{"cell":"532_-120","r7":5.2,"r14":20.7,"rmax24":1.5}},{"type":"Feature","geometry":{"type":"Polygon","coordinates":[[[133.25,-30.5],[133.5,-30.5],[133.5,-30.25],[133.25,-30.25],[133.25,-30.5]]]},"properties":{"cell":"533_-122","r7":2.9,"r14":25.3,"rmax24":1.0}},{"type":"Feature","geometry":{"type":"Polygon","coordinates":[[[133.25,-30.25],[133.5,-30.25],[133.5,-30.0],[133.25,-30.0],[133.25,-30.25]]]},"properties":{"cell":"533_-121","r7":6.0,"r14":20.4,"rmax24":2.2}},{"type":"Feature","geometry":{"type":"Polygon","coordinates":[[[133.25,-30.0],[133.5,-30.0],[133.5,-29.75],[133.25,-29.75],[133.25,-30.0]]]},"properties":{"cell":"533_-120","r7":2.8,"r14":15.9,"rmax24":1.3}},{"type":"Feature","geometry":{"type":"Polygon","coordinates":[[[133.25,-29.75],[133.5,-29.75],[133.5,-29.5],[133.25,-29.5],[133.25,-29.75]]]},"properties":{"cell":"533_-119","r7":5.6,"r14":22.7,"rmax24":2.3}},{"type":"Feature","geometry":{"type":"Polygon","coordinates":[[[133.25,-29.5],[133.5,-29.5],[133.5,-29.25],[133.25,-29.25],[133.25,-29.5]]]},"properties":{"cell":"533_-118","r7":4.3,"r14":21.3,"rmax24":2.5}},{"type":"Feature","geometry":{"type":"Polygon","coordinates":[[[133.25,-20.5],[133.5,-20.5],[133.5,-20.25],[133.25,-20.25],[133.25,-20.5]]]},"properties":{"cell":"533_-82","r7":1.8,"r14":1.8,"rmax24":1.8}},{"type":"Feature","geometry":{"type":"Polygon","coordinates":[[[133.5,-30.5],[133.75,-30.5],[133.75,-30.25],[133.5,-30.25],[133.5,-30.5]]]},"properties":{"cell":"534_-122","r7":3.9,"r14":24.6,"rmax24":2.1}},{"type":"Feature","geometry":{"type":"Polygon","coordinates":[[[133.5,-30.25],[133.75,-30.25],[133.75,-30.0],[133.5,-30.0],[133.5,-30.25]]]},"properties":{"cell":"534_-121","r7":3.5,"r14":15.6,"rmax24":1.1}},{"type":"Feature","geometry":{"type":"Polygon","coordinates":[[[133.5,-30.0],[133.75,-30.0],[133.75,-29.75],[133.5,-29.75],[133.5,-30.0]]]},"properties":{"cell":"534_-120","r7":7.4,"r14":23.1,"rmax24":3.8}},{"type":"Feature","geometry":{"type":"Polygon","coordinates":[[[133.5,-29.75],[133.75,-29.75],[133.75,-29.5],[133.5,-29.5],[133.5,-29.75]]]},"properties":{"cell":"534_-119","r7":4.6,"r14":21.5,"rmax24":1.8}},{"type":"Feature","geometry":{"type":"Polygon","coordinates":[[[133.5,-29.5],[133.75,-29.5],[133.75,-29.25],[133.5,-29.25],[133.5,-29.5]]]},"properties":{"cell":"534_-118","r7":4.7,"r14":22.4,"rmax24":3.1}},{"type":"Feature","geometry":{"type":"Polygon","coordinates":[[[133.5,-19.25],[133.75,-19.25],[133.75,-19.0],[133.5,-19.0],[133.5,-19.25]]]},"properties":{"cell":"534_-77","r7":3.0,"r14":3.0,"rmax24":3.0}},{"type":"Feature","geometry":{"type":"Polygon","coordinates":[[[133.75,-30.25],[134.0,-30.25],[134.0,-30.0],[133.75,-30.0],[133.75,-30.25]]]},"properties":{"cell":"535_-121","r7":3.1,"r14":15.3,"rmax24":1.2}},{"type":"Feature","geometry":{"type":"Polygon","coordinates":[[[133.75,-30.0],[134.0,-30.0],[134.0,-29.75],[133.75,-29.75],[133.75,-30.0]]]},"properties":{"cell":"535_-120","r7":12.4,"r14":31.0,"rmax24":3.9}},{"type":"Feature","geometry":{"type":"Polygon","coordinates":[[[133.75,-29.75],[134.0,-29.75],[134.0,-29.5],[133.75,-29.5],[133.75,-29.75]]]},"properties":{"cell":"535_-119","r7":3.6,"r14":22.5,"rmax24":2.5}},{"type":"Feature","geometry":{"type":"Polygon","coordinates":[[[133.75,-29.5],[134.0,-29.5],[134.0,-29.25],[133.75,-29.25],[133.75,-29.5]]]},"properties":{"cell":"535_-118","r7":8.5,"r14":25.4,"rmax24":4.1}},{"type":"Feature","geometry":{"type":"Polygon","coordinates":[[[133.75,-23.5],[134.0,-23.5],[134.0,-23.25],[133.75,-23.25],[133.75,-23.5]]]},"properties":{"cell":"535_-94","r7":11.3,"r14":11.4,"rmax24":7.4}},{"type":"Feature","geometry":{"type":"Polygon","coordinates":[[[133.75,-23.25],[134.0,-23.25],[134.0,-23.0],[133.75,-23.0],[133.75,-23.25]]]},"properties":{"cell":"535_-93","r7":10.7,"r14":10.7,"rmax24":6.5}},{"type":"Feature","geometry":{"type":"Polygon","coordinates":[[[133.75,-23.0],[134.0,-23.0],[134.0,-22.75],[133.75,-22.75],[133.75,-23.0]]]},"properties":{"cell":"535_-92","r7":14.6,"r14":14.6,"rmax24":6.6}},{"type":"Feature","geometry":{"type":"Polygon","coordinates":[[[133.75,-22.0],[134.0,-22.0],[134.0,-21.75],[133.75,-21.75],[133.75,-22.0]]]},"properties":{"cell":"535_-88","r7":8.1,"r14":8.1,"rmax24":4.7}},{"type":"Feature","geometry":{"type":"Polygon","coordinates":[[[133.75,-21.75],[134.0,-21.75],[134.0,-21.5],[133.75,-21.5],[133.75,-21.75]]]},"properties":{"cell":"535_-87","r7":3.2,"r14":3.2,"rmax24":1.8}},{"type":"Feature","geometry":{"type":"Polygon","coordinates":[[[133.75,-21.5],[134.0,-21.5],[134.0,-21.25],[133.75,-21.25],[133.75,-21.5]]]},"properties":{"cell":"535_-86","r7":1.3,"r14":1.3,"rmax24":1.3}},{"type":"Feature","geometry":{"type":"Polygon","coordinates":[[[134.0,-30.0],[134.25,-30.0],[134.25,-29.75],[134.0,-29.75],[134.0,-30.0]]]},"properties":{"cell":"536_-120","r7":13.6,"r14":31.2,"rmax24":6.9}},{"type":"Feature","geometry":{"type":"Polygon","coordinates":[[[134.0,-29.75],[134.25,-29.75],[134.25,-29.5],[134.0,-29.5],[134.0,-29.75]]]},"properties":{"cell":"536_-119","r7":5.1,"r14":23.8,"rmax24":3.3}},{"type":"Feature","geometry":{"type":"Polygon","coordinates":[[[134.0,-29.5],[134.25,-29.5],[134.25,-29.25],[134.0,-29.25],[134.0,-29.5]]]},"properties":{"cell":"536_-118","r7":6.0,"r14":24.8,"rmax24":2.8}},{"type":"Feature","geometry":{"type":"Polygon","coordinates":[[[134.0,-23.75],[134.25,-23.75],[134.25,-23.5],[134.0,-23.5],[134.0,-23.75]]]},"properties":{"cell":"536_-95","r7":14.0,"r14":14.9,"rmax24":8.5}},{"type":"Feature","geometry":{"type":"Polygon","coordinates":[[[134.0,-23.5],[134.25,-23.5],[134.25,-23.25],[134.0,-23.25],[134.0,-23.5]]]},"properties":{"cell":"536_-94","r7":10.0,"r14":10.0,"rmax24":5.6}},{"type":"Feature","geometry":{"type":"Polygon","coordinates":[[[134.0,-23.25],[134.25,-23.25],[134.25,-23.0],[134.0,-23.0],[134.0,-23.25]]]},"properties":{"cell":"536_-93","r7":15.9,"r14":15.9,"rmax24":9.5}},{"type":"Feature","geometry":{"type":"Polygon","coordinates":[[[134.0,-23.0],[134.25,-23.0],[134.25,-22.75],[134.0,-22.75],[134.0,-23.0]]]},"properties":{"cell":"536_-92","r7":16.8,"r14":16.8,"rmax24":8.3}},{"type":"Feature","geometry":{"type":"Polygon","coordinates":[[[134.0,-22.0],[134.25,-22.0],[134.25,-21.75],[134.0,-21.75],[134.0,-22.0]]]},"properties":{"cell":"536_-88","r7":2.7,"r14":2.7,"rmax24":1.6}},{"type":"Feature","geometry":{"type":"Polygon","coordinates":[[[134.0,-21.75],[134.25,-21.75],[134.25,-21.5],[134.0,-21.5],[134.0,-21.75]]]},"properties":{"cell":"536_-87","r7":1.8,"r14":1.8,"rmax24":1.4}},{"type":"Feature","geometry":{"type":"Polygon","coordinates":[[[134.25,-31.0],[134.5,-31.0],[134.5,-30.75],[134.25,-30.75],[134.25,-31.0]]]},"properties":{"cell":"537_-124","r7":4.5,"r14":34.1,"rmax24":1.3}},{"type":"Feature","geometry":{"type":"Polygon","coordinates":[[[134.25,-30.75],[134.5,-30.75],[134.5,-30.5],[134.25,-30.5],[134.25,-30.75]]]},"properties":{"cell":"537_-123","r7":11.9,"r14":51.7,"rmax24":6.9}},{"type":"Feature","geometry":{"type":"Polygon","coordinates":[[[134.25,-30.5],[134.5,-30.5],[134.5,-30.25],[134.25,-30.25],[134.25,-30.5]]]},"properties":{"cell":"537_-122","r7":2.8,"r14":16.6,"rmax24":1.4}},{"type":"Feature","geometry":{"type":"Polygon","coordinates":[[[134.25,-30.0],[134.5,-30.0],[134.5,-29.75],[134.25,-29.75],[134.25,-30.0]]]},"properties":{"cell":"537_-120","r7":5.2,"r14":24.4,"rmax24":3.4}},{"type":"Feature","geometry":{"type":"Polygon","coordinates":[[[134.25,-29.75],[134.5,-29.75],[134.5,-29.5],[134.25,-29.5],[134.25,-29.75]]]},"properties":{"cell":"537_-119","r7":6.9,"r14":25.8,"rmax24":2.9}},{"type":"Feature","geometry":{"type":"Polygon","coordinates":[[[134.25,-29.5],[134.5,-29.5],[134.5,-29.25],[134.25,-29.25],[134.25,-29.5]]]},"properties":{"cell":"537_-118","r7":4.7,"r14":25.0,"rmax24":2.8}},{"type":"Feature","geometry":{"type":"Polygon","coordinates":[[[134.25,-23.75],[134.5,-23.75],[134.5,-23.5],[134.25,-23.5],[134.25,-23.75]]]},"properties":{"cell":"537_-95","r7":12.6,"r14":12.9,"rmax24":7.0}},{"type":"Feature","geometry":{"type":"Polygon","coordinates":[[[134.25,-23.5],[134.5,-23.5],[134.5,-23.25],[134.25,-23.25],[134.25,-23.5]]]},"properties":{"cell":"537_-94","r7":17.6,"r14":17.6,"rmax24":10.1}},{"type":"Feature","geometry":{"type":"Polygon","coordinates":[[[134.25,-23.25],[134.5,-23.25],[134.5,-23.0],[134.25,-23.0],[134.25,-23.25]]]},"properties":{"cell":"537_-93","r7":20.9,"r14":20.9,"rmax24":9.7}},{"type":"Feature","geometry":{"type":"Polygon","coordinates":[[[134.25,-23.0],[134.5,-23.0],[134.5,-22.75],[134.25,-22.75],[134.25,-23.0]]]},"properties":{"cell":"537_-92","r7":10.9,"r14":10.9,"rmax24":5.8}},{"type":"Feature","geometry":{"type":"Polygon","coordinates":[[[134.25,-22.0],[134.5,-22.0],[134.5,-21.75],[134.25,-21.75],[134.25,-22.0]]]},"properties":{"cell":"537_-88","r7":9.5,"r14":9.5,"rmax24":7.4}},{"type":"Feature","geometry":{"type":"Polygon","coordinates":[[[134.25,-21.75],[134.5,-21.75],[134.5,-21.5],[134.25,-21.5],[134.25,-21.75]]]},"properties":{"cell":"537_-87","r7":0.6,"r14":0.6,"rmax24":0.3}},{"type":"Feature","geometry":{"type":"Polygon","coordinates":[[[134.25,-21.5],[134.5,-21.5],[134.5,-21.25],[134.25,-21.25],[134.25,-21.5]]]},"properties":{"cell":"537_-86","r7":0.7,"r14":0.7,"rmax24":0.5}},{"type":"Feature","geometry":{"type":"Polygon","coordinates":[[[134.5,-32.0],[134.75,-32.0],[134.75,-31.75],[134.5,-31.75],[134.5,-32.0]]]},"properties":{"cell":"538_-128","r7":3.1,"r14":33.4,"rmax24":1.3}},{"type":"Feature","geometry":{"type":"Polygon","coordinates":[[[134.5,-31.75],[134.75,-31.75],[134.75,-31.5],[134.5,-31.5],[134.5,-31.75]]]},"properties":{"cell":"538_-127","r7":1.2,"r14":39.0,"rmax24":0.8}},{"type":"Feature","geometry":{"type":"Polygon","coordinates":[[[134.5,-31.5],[134.75,-31.5],[134.75,-31.25],[134.5,-31.25],[134.5,-31.5]]]},"properties":{"cell":"538_-126","r7":1.2,"r14":32.9,"rmax24":0.6}},{"type":"Feature","geometry":{"type":"Polygon","coordinates":[[[134.5,-31.25],[134.75,-31.25],[134.75,-31.0],[134.5,-31.0],[134.5,-31.25]]]},"properties":{"cell":"538_-125","r7":4.0,"r14":30.7,"rmax24":1.7}},{"type":"Feature","geometry":{"type":"Polygon","coordinates":[[[134.5,-31.0],[134.75,-31.0],[134.75,-30.75],[134.5,-30.75],[134.5,-31.0]]]},"properties":{"cell":"538_-124","r7":4.5,"r14":41.4,"rmax24":1.6}},{"type":"Feature","geometry":{"type":"Polygon","coordinates":[[[134.5,-30.75],[134.75,-30.75],[134.75,-30.5],[134.5,-30.5],[134.5,-30.75]]]},"properties":{"cell":"538_-123","r7":3.6,"r14":32.5,"rmax24":1.9}},{"type":"Feature","geometry":{"type":"Polygon","coordinates":[[[134.5,-30.5],[134.75,-30.5],[134.75,-30.25],[134.5,-30.25],[134.5,-30.5]]]},"properties":{"cell":"538_-122","r7":4.1,"r14":16.4,"rmax24":1.8}},{"type":"Feature","geometry":{"type":"Polygon","coordinates":[[[134.5,-23.75],[134.75,-23.75],[134.75,-23.5],[134.5,-23.5],[134.5,-23.75]]]},"properties":{"cell":"538_-95","r7":17.5,"r14":17.9,"rmax24":9.3}},{"type":"Feature","geometry":{"type":"Polygon","coordinates":[[[134.5,-23.5],[134.75,-23.5],[134.75,-23.25],[134.5,-23.25],[134.5,-23.5]]]},"properties":{"cell":"538_-94","r7":17.3,"r14":17.3,"rmax24":8.8}},{"type":"Feature","geometry":{"type":"Polygon","coordinates":[[[134.5,-23.25],[134.75,-23.25],[134.75,-23.0],[134.5,-23.0],[134.5,-23.25]]]},"properties":{"cell":"538_-93","r7":18.1,"r14":18.3,"rmax24":10.8}},{"type":"Feature","geometry":{"type":"Polygon","coordinates":[[[134.75,-32.0],[135.0,-32.0],[135.0,-31.75],[134.75,-31.75],[134.75,-32.0]]]},"properties":{"cell":"539_-128","r7":4.5,"r14":40.9,"rmax24":2.9}},{"type":"Feature","geometry":{"type":"Polygon","coordinates":[[[134.75,-31.75],[135.0,-31.75],[135.0,-31.5],[134.75,-31.5],[134.75,-31.75]]]},"properties":{"cell":"539_-127","r7":1.3,"r14":34.9,"rmax24":1.0}},{"type":"Feature","geometry":{"type":"Polygon","coordinates":[[[134.75,-31.5],[135.0,-31.5],[135.0,-31.25],[134.75,-31.25],[134.75,-31.5]]]},"properties":{"cell":"539_-126","r7":2.0,"r14":38.7,"rmax24":0.6}},{"type":"Feature","geometry":{"type":"Polygon","coordinates":[[[134.75,-31.25],[135.0,-31.25],[135.0,-31.0],[134.75,-31.0],[134.75,-31.25]]]},"properties":{"cell":"539_-125","r7":1.5,"r14":24.0,"rmax24":0.6}},{"type":"Feature","geometry":{"type":"Polygon","coordinates":[[[134.75,-31.0],[135.0,-31.0],[135.0,-30.75],[134.75,-30.75],[134.75,-31.0]]]},"properties":{"cell":"539_-124","r7":4.9,"r14":41.2,"rmax24":2.7}},{"type":"Feature","geometry":{"type":"Polygon","coordinates":[[[134.75,-30.75],[135.0,-30.75],[135.0,-30.5],[134.75,-30.5],[134.75,-30.75]]]},"properties":{"cell":"539_-123","r7":1.0,"r14":25.2,"rmax24":0.4}},{"type":"Feature","geometry":{"type":"Polygon","coordinates":[[[134.75,-30.5],[135.0,-30.5],[135.0,-30.25],[134.75,-30.25],[134.75,-30.5]]]},"properties":{"cell":"539_-122","r7":4.8,"r14":19.2,"rmax24":2.3}},{"type":"Feature","geometry":{"type":"Polygon","coordinates":[[[134.75,-29.75],[135.0,-29.75],[135.0,-29.5],[134.75,-29.5],[134.75,-29.75]]]},"properties":{"cell":"539_-119","r7":5.1,"r14":24.9,"rmax24":2.7}},{"type":"Feature","geometry":{"type":"Polygon","coordinates":[[[134.75,-29.5],[135.0,-29.5],[135.0,-29.25],[134.75,-29.25],[134.75,-29.5]]]},"properties":{"cell":"539_-118","r7":5.4,"r14":20.5,"rmax24":2.1}},{"type":"Feature","geometry":{"type":"Polygon","coordinates":[[[134.75,-29.25],[135.0,-29.25],[135.0,-29.0],[134.75,-29.0],[134.75,-29.25]]]},"properties":{"cell":"539_-117","r7":22.7,"r14":37.6,"rmax24":19.1}},{"type":"Feature","geometry":{"type":"Polygon","coordinates":[[[134.75,-23.75],[135.0,-23.75],[135.0,-23.5],[134.75,-23.5],[134.75,-23.75]]]},"properties":{"cell":"539_-95","r7":17.2,"r14":17.3,"rmax24":7.2}},{"type":"Feature","geometry":{"type":"Polygon","coordinates":[[[134.75,-23.5],[135.0,-23.5],[135.0,-23.25],[134.75,-23.25],[134.75,-23.5]]]},"properties":{"cell":"539_-94","r7":9.8,"r14":9.8,"rmax24":4.4}},{"type":"Feature","geometry":{"type":"Polygon","coordinates":[[[134.75,-23.25],[135.0,-23.25],[135.0,-23.0],[134.75,-23.0],[134.75,-23.25]]]},"properties":{"cell":"539_-93","r7":10.8,"r14":10.9,"rmax24":5.4}},{"type":"Feature","geometry":{"type":"Polygon","coordinates":[[[134.75,-21.0],[135.0,-21.0],[135.0,-20.75],[134.75,-20.75],[134.75,-21.0]]]},"properties":{"cell":"539_-84","r7":0.8,"r14":0.8,"rmax24":0.5}},{"type":"Feature","geometry":{"type":"Polygon","coordinates":[[[135.0,-33.25],[135.25,-33.25],[135.25,-33.0],[135.0,-33.0],[135.0,-33.25]]]},"properties":{"cell":"540_-133","r7":7.3,"r14":62.7,"rmax24":3.0}},{"type":"Feature","geometry":{"type":"Polygon","coordinates":[[[135.0,-33.0],[135.25,-33.0],[135.25,-32.75],[135.0,-32.75],[135.0,-33.0]]]},"properties":{"cell":"540_-132","r7":8.9,"r14":54.6,"rmax24":3.6}},{"type":"Feature","geometry":{"type":"Polygon","coordinates":[[[135.0,-32.75],[135.25,-32.75],[135.25,-32.5],[135.0,-32.5],[135.0,-32.75]]]},"properties":{"cell":"540_-131","r7":14.1,"r14":69.1,"rmax24":6.5}},{"type":"Feature","geometry":{"type":"Polygon","coordinates":[[[135.0,-32.0],[135.25,-32.0],[135.25,-31.75],[135.0,-31.75],[135.0,-32.0]]]},"properties":{"cell":"540_-128","r7":4.0,"r14":38.6,"rmax24":2.5}},{"type":"Feature","geometry":{"type":"Polygon","coordinates":[[[135.0,-31.75],[135.25,-31.75],[135.25,-31.5],[135.0,-31.5],[135.0,-31.75]]]},"properties":{"cell":"540_-127","r7":3.1,"r14":33.7,"rmax24":1.6}},{"type":"Feature","geometry":{"type":"Polygon","coordinates":[[[135.0,-31.5],[135.25,-31.5],[135.25,-31.25],[135.0,-31.25],[135.0,-31.5]]]},"properties":{"cell":"540_-126","r7":1.3,"r14":30.7,"rmax24":0.5}},{"type":"Feature","geometry":{"type":"Polygon","coordinates":[[[135.0,-31.25],[135.25,-31.25],[135.25,-31.0],[135.0,-31.0],[135.0,-31.25]]]},"properties":{"cell":"540_-125","r7":2.5,"r14":32.1,"rmax24":1.4}},{"type":"Feature","geometry":{"type":"Polygon","coordinates":[[[135.0,-31.0],[135.25,-31.0],[135.25,-30.75],[135.0,-30.75],[135.0,-31.0]]]},"properties":{"cell":"540_-124","r7":1.1,"r14":32.8,"rmax24":0.4}},{"type":"Feature","geometry":{"type":"Polygon","coordinates":[[[135.0,-30.75],[135.25,-30.75],[135.25,-30.5],[135.0,-30.5],[135.0,-30.75]]]},"properties":{"cell":"540_-123","r7":4.6,"r14":26.1,"rmax24":2.2}},{"type":"Feature","geometry":{"type":"Polygon","coordinates":[[[135.0,-29.75],[135.25,-29.75],[135.25,-29.5],[135.0,-29.5],[135.0,-29.75]]]},"properties":{"cell":"540_-119","r7":4.6,"r14":24.3,"rmax24":2.0}},{"type":"Feature","geometry":{"type":"Polygon","coordinates":[[[135.0,-29.5],[135.25,-29.5],[135.25,-29.25],[135.0,-29.25],[135.0,-29.5]]]},"properties":{"cell":"540_-118","r7":25.3,"r14":40.7,"rmax24":21.5}},{"type":"Feature","geometry":{"type":"Polygon","coordinates":[[[135.0,-29.25],[135.25,-29.25],[135.25,-29.0],[135.0,-29.0],[135.0,-29.25]]]},"properties":{"cell":"540_-117","r7":16.1,"r14":30.7,"rmax24":12.1}},{"type":"Feature","geometry":{"type":"Polygon","coordinates":[[[135.0,-23.75],[135.25,-23.75],[135.25,-23.5],[135.0,-23.5],[135.0,-23.75]]]},"properties":{"cell":"540_-95","r7":19.0,"r14":19.0,"rmax24":10.0}},{"type":"Feature","geometry":{"type":"Polygon","coordinates":[[[135.0,-23.5],[135.25,-23.5],[135.25,-23.25],[135.0,-23.25],[135.0,-23.5]]]},"properties":{"cell":"540_-94","r7":11.3,"r14":11.5,"rmax24":5.7}},{"type":"Feature","geometry":{"type":"Polygon","coordinates":[[[135.0,-23.25],[135.25,-23.25],[135.25,-23.0],[135.0,-23.0],[135.0,-23.25]]]},"properties":{"cell":"540_-93","r7":9.5,"r14":9.6,"rmax24":6.1}},{"type":"Feature","geometry":{"type":"Polygon","coordinates":[[[135.25,-33.25],[135.5,-33.25],[135.5,-33.0],[135.25,-33.0],[135.25,-33.25]]]},"properties":{"cell":"541_-133","r7":8.6,"r14":60.6,"rmax24":2.8}},{"type":"Feature","geometry":{"type":"Polygon","coordinates":[[[135.25,-33.0],[135.5,-33.0],[135.5,-32.75],[135.25,-32.75],[135.25,-33.0]]]},"properties":{"cell":"541_-132","r7":8.0,"r14":50.4,"rmax24":3.0}},{"type":"Feature","geometry":{"type":"Polygon","coordinates":[[[135.25,-32.75],[135.5,-32.75],[135.5,-32.5],[135.25,-32.5],[135.25,-32.75]]]},"properties":{"cell":"541_-131","r7":8.5,"r14":51.8,"rmax24":4.6}},{"type":"Feature","geometry":{"type":"Polygon","coordinates":[[[135.25,-31.5],[135.5,-31.5],[135.5,-31.25],[135.25,-31.25],[135.25,-31.5]]]},"properties":{"cell":"541_-126","r7":2.4,"r14":26.9,"rmax24":1.5}},{"type":"Feature","geometry":{"type":"Polygon","coordinates":[[[135.25,-31.25],[135.5,-31.25],[135.5,-31.0],[135.25,-31.0],[135.25,-31.25]]]},"properties":{"cell":"541_-125","r7":2.3,"r14":29.4,"rmax24":1.2}},{"type":"Feature","geometry":{"type":"Polygon","coordinates":[[[135.25,-31.0],[135.5,-31.0],[135.5,-30.75],[135.25,-30.75],[135.25,-31.0]]]},"properties":{"cell":"541_-124","r7":1.5,"r14":30.5,"rmax24":0.6}},{"type":"Feature","geometry":{"type":"Polygon","coordinates":[[[135.25,-30.0],[135.5,-30.0],[135.5,-29.75],[135.25,-29.75],[135.25,-30.0]]]},"properties":{"cell":"541_-120","r7":3.1,"r14":26.2,"rmax24":2.1}},{"type":"Feature","geometry":{"type":"Polygon","coordinates":[[[135.25,-29.75],[135.5,-29.75],[135.5,-29.5],[135.25,-29.5],[135.25,-29.75]]]},"properties":{"cell":"541_-119","r7":5.9,"r14":25.6,"rmax24":2.1}},{"type":"Feature","geometry":{"type":"Polygon","coordinates":[[[135.25,-29.5],[135.5,-29.5],[135.5,-29.25],[135.25,-29.25],[135.25,-29.5]]]},"properties":{"cell":"541_-118","r7":26.6,"r14":43.5,"rmax24":22.0}},{"type":"Feature","geometry":{"type":"Polygon","coordinates":[[[135.25,-29.25],[135.5,-29.25],[135.5,-29.0],[135.25,-29.0],[135.25,-29.25]]]},"properties":{"cell":"541_-117","r7":14.6,"r14":32.0,"rmax24":10.8}},{"type":"Feature","geometry":{"type":"Polygon","coordinates":[[[135.5,-33.25],[135.75,-33.25],[135.75,-33.0],[135.5,-33.0],[135.5,-33.25]]]},"properties":{"cell":"542_-133","r7":10.6,"r14":58.1,"rmax24":5.2}},{"type":"Feature","geometry":{"type":"Polygon","coordinates":[[[135.5,-33.0],[135.75,-33.0],[135.75,-32.75],[135.5,-32.75],[135.5,-33.0]]]},"properties":{"cell":"542_-132","r7":10.5,"r14":59.2,"rmax24":4.7}},{"type":"Feature","geometry":{"type":"Polygon","coordinates":[[[135.5,-32.75],[135.75,-32.75],[135.75,-32.5],[135.5,-32.5],[135.5,-32.75]]]},"properties":{"cell":"542_-131","r7":6.0,"r14":53.1,"rmax24":3.9}},{"type":"Feature","geometry":{"type":"Polygon","coordinates":[[[135.5,-30.0],[135.75,-30.0],[135.75,-29.75],[135.5,-29.75],[135.5,-30.0]]]},"properties":{"cell":"542_-120","r7":3.2,"r14":23.8,"rmax24":1.8}},{"type":"Feature","geometry":{"type":"Polygon","coordinates":[[[135.5,-29.75],[135.75,-29.75],[135.75,-29.5],[135.5,-29.5],[135.5,-29.75]]]},"properties":{"cell":"542_-119","r7":14.1,"r14":35.9,"rmax24":7.4}},{"type":"Feature","geometry":{"type":"Polygon","coordinates":[[[135.5,-29.5],[135.75,-29.5],[135.75,-29.25],[135.5,-29.25],[135.5,-29.5]]]},"properties":{"cell":"542_-118","r7":20.5,"r14":39.2,"rmax24":14.5}},{"type":"Feature","geometry":{"type":"Polygon","coordinates":[[[135.75,-33.25],[136.0,-33.25],[136.0,-33.0],[135.75,-33.0],[135.75,-33.25]]]},"properties":{"cell":"543_-133","r7":9.1,"r14":61.8,"rmax24":3.4}},{"type":"Feature","geometry":{"type":"Polygon","coordinates":[[[135.75,-33.0],[136.0,-33.0],[136.0,-32.75],[135.75,-32.75],[135.75,-33.0]]]},"properties":{"cell":"543_-132","r7":9.9,"r14":58.0,"rmax24":6.3}},{"type":"Feature","geometry":{"type":"Polygon","coordinates":[[[135.75,-32.75],[136.0,-32.75],[136.0,-32.5],[135.75,-32.5],[135.75,-32.75]]]},"properties":{"cell":"543_-131","r7":7.7,"r14":53.1,"rmax24":5.6}},{"type":"Feature","geometry":{"type":"Polygon","coordinates":[[[135.75,-30.0],[136.0,-30.0],[136.0,-29.75],[135.75,-29.75],[135.75,-30.0]]]},"properties":{"cell":"543_-120","r7":6.1,"r14":25.9,"rmax24":2.1}},{"type":"Feature","geometry":{"type":"Polygon","coordinates":[[[135.75,-29.75],[136.0,-29.75],[136.0,-29.5],[135.75,-29.5],[135.75,-29.75]]]},"properties":{"cell":"543_-119","r7":25.3,"r14":43.4,"rmax24":12.8}},{"type":"Feature","geometry":{"type":"Polygon","coordinates":[[[135.75,-29.5],[136.0,-29.5],[136.0,-29.25],[135.75,-29.25],[135.75,-29.5]]]},"properties":{"cell":"543_-118","r7":14.4,"r14":32.9,"rmax24":7.9}},{"type":"Feature","geometry":{"type":"Polygon","coordinates":[[[135.75,-23.0],[136.0,-23.0],[136.0,-22.75],[135.75,-22.75],[135.75,-23.0]]]},"properties":{"cell":"543_-92","r7":11.8,"r14":12.1,"rmax24":7.2}},{"type":"Feature","geometry":{"type":"Polygon","coordinates":[[[135.75,-22.75],[136.0,-22.75],[136.0,-22.5],[135.75,-22.5],[135.75,-22.75]]]},"properties":{"cell":"543_-91","r7":15.2,"r14":15.6,"rmax24":7.3}},{"type":"Feature","geometry":{"type":"Polygon","coordinates":[[[135.75,-22.5],[136.0,-22.5],[136.0,-22.25],[135.75,-22.25],[135.75,-22.5]]]},"properties":{"cell":"543_-90","r7":3.2,"r14":3.2,"rmax24":2.9}},{"type":"Feature","geometry":{"type":"Polygon","coordinates":[[[136.0,-33.25],[136.25,-33.25],[136.25,-33.0],[136.0,-33.0],[136.0,-33.25]]]},"properties":{"cell":"544_-133","r7":4.5,"r14":38.5,"rmax24":1.8}},{"type":"Feature","geometry":{"type":"Polygon","coordinates":[[[136.0,-33.0],[136.25,-33.0],[136.25,-32.75],[136.0,-32.75],[136.0,-33.0]]]},"properties":{"cell":"544_-132","r7":5.2,"r14":57.8,"rmax24":3.4}},{"type":"Feature","geometry":{"type":"Polygon","coordinates":[[[136.0,-32.75],[136.25,-32.75],[136.25,-32.5],[136.0,-32.5],[136.0,-32.75]]]},"properties":{"cell":"544_-131","r7":8.1,"r14":46.7,"rmax24":5.2}},{"type":"Feature","geometry":{"type":"Polygon","coordinates":[[[136.0,-23.0],[136.25,-23.0],[136.25,-22.75],[136.0,-22.75],[136.0,-23.0]]]},"properties":{"cell":"544_-92","r7":6.3,"r14":6.4,"rmax24":3.4}},{"type":"Feature","geometry":{"type":"Polygon","coordinates":[[[136.0,-22.75],[136.25,-22.75],[136.25,-22.5],[136.0,-22.5],[136.0,-22.75]]]},"properties":{"cell":"544_-91","r7":8.1,"r14":8.3,"rmax24":4.6}},{"type":"Feature","geometry":{"type":"Polygon","coordinates":[[[136.0,-22.5],[136.25,-22.5],[136.25,-22.25],[136.0,-22.25],[136.0,-22.5]]]},"properties":{"cell":"544_-90","r7":2.6,"r14":2.7,"rmax24":2.3}},{"type":"Feature","geometry":{"type":"Polygon","coordinates":[[[136.25,-33.25],[136.5,-33.25],[136.5,-33.0],[136.25,-33.0],[136.25,-33.25]]]},"properties":{"cell":"545_-133","r7":5.0,"r14":46.6,"rmax24":1.9}},{"type":"Feature","geometry":{"type":"Polygon","coordinates":[[[136.25,-33.0],[136.5,-33.0],[136.5,-32.75],[136.25,-32.75],[136.25,-33.0]]]},"properties":{"cell":"545_-132","r7":7.7,"r14":57.8,"rmax24":2.9}},{"type":"Feature","geometry":{"type":"Polygon","coordinates":[[[136.25,-32.75],[136.5,-32.75],[136.5,-32.5],[136.25,-32.5],[136.25,-32.75]]]},"properties":{"cell":"545_-131","r7":10.1,"r14":42.2,"rmax24":5.0}},{"type":"Feature","geometry":{"type":"Polygon","coordinates":[[[136.25,-23.0],[136.5,-23.0],[136.5,-22.75],[136.25,-22.75],[136.25,-23.0]]]},"properties":{"cell":"545_-92","r7":6.0,"r14":6.0,"rmax24":4.2}},{"type":"Feature","geometry":{"type":"Polygon","coordinates":[[[136.25,-22.75],[136.5,-22.75],[136.5,-22.5],[136.25,-22.5],[136.25,-22.75]]]},"properties":{"cell":"545_-91","r7":3.7,"r14":3.8,"rmax24":3.0}},{"type":"Feature","geometry":{"type":"Polygon","coordinates":[[[136.25,-22.5],[136.5,-22.5],[136.5,-22.25],[136.25,-22.25],[136.25,-22.5]]]},"properties":{"cell":"545_-90","r7":2.0,"r14":2.2,"rmax24":1.9}},{"type":"Feature","geometry":{"type":"Polygon","coordinates":[[[136.5,-33.25],[136.75,-33.25],[136.75,-33.0],[136.5,-33.0],[136.5,-33.25]]]},"properties":{"cell":"546_-133","r7":9.9,"r14":51.9,"rmax24":4.3}},{"type":"Feature","geometry":{"type":"Polygon","coordinates":[[[136.5,-33.0],[136.75,-33.0],[136.75,-32.75],[136.5,-32.75],[136.5,-33.0]]]},"properties":{"cell":"546_-132","r7":8.5,"r14":52.5,"rmax24":3.9}},{"type":"Feature","geometry":{"type":"Polygon","coordinates":[[[136.5,-32.75],[136.75,-32.75],[136.75,-32.5],[136.5,-32.5],[136.5,-32.75]]]},"properties":{"cell":"546_-131","r7":7.1,"r14":37.9,"rmax24":3.4}},{"type":"Feature","geometry":{"type":"Polygon","coordinates":[[[136.5,-30.75],[136.75,-30.75],[136.75,-30.5],[136.5,-30.5],[136.5,-30.75]]]},"properties":{"cell":"546_-123","r7":3.7,"r14":31.7,"rmax24":2.2}},{"type":"Feature","geometry":{"type":"Polygon","coordinates":[[[136.5,-30.5],[136.75,-30.5],[136.75,-30.25],[136.5,-30.25],[136.5,-30.5]]]},"properties":{"cell":"546_-122","r7":18.3,"r14":48.8,"rmax24":14.6}},{"type":"Feature","geometry":{"type":"Polygon","coordinates":[[[136.5,-30.25],[136.75,-30.25],[136.75,-30.0],[136.5,-30.0],[136.5,-30.25]]]},"properties":{"cell":"546_-121","r7":11.8,"r14":36.0,"rmax24":4.3}},{"type":"Feature","geometry":{"type":"Polygon","coordinates":[[[136.5,-23.0],[136.75,-23.0],[136.75,-22.75],[136.5,-22.75],[136.5,-23.0]]]},"properties":{"cell":"546_-92","r7":4.5,"r14":4.7,"rmax24":3.6}},{"type":"Feature","geometry":{"type":"Polygon","coordinates":[[[136.5,-22.75],[136.75,-22.75],[136.75,-22.5],[136.5,-22.5],[136.5,-22.75]]]},"properties":{"cell":"546_-91","r7":2.8,"r14":2.9,"rmax24":2.3}},{"type":"Feature","geometry":{"type":"Polygon","coordinates":[[[136.5,-22.5],[136.75,-22.5],[136.75,-22.25],[136.5,-22.25],[136.5,-22.5]]]},"properties":{"cell":"546_-90","r7":1.6,"r14":1.7,"rmax24":1.6}},{"type":"Feature","geometry":{"type":"Polygon","coordinates":[[[136.75,-31.5],[137.0,-31.5],[137.0,-31.25],[136.75,-31.25],[136.75,-31.5]]]},"properties":{"cell":"547_-126","r7":7.3,"r14":24.8,"rmax24":3.5}},{"type":"Feature","geometry":{"type":"Polygon","coordinates":[[[136.75,-31.25],[137.0,-31.25],[137.0,-31.0],[136.75,-31.0],[136.75,-31.25]]]},"properties":{"cell":"547_-125","r7":5.0,"r14":27.8,"rmax24":1.8}},{"type":"Feature","geometry":{"type":"Polygon","coordinates":[[[136.75,-31.0],[137.0,-31.0],[137.0,-30.75],[136.75,-30.75],[136.75,-31.0]]]},"properties":{"cell":"547_-124","r7":4.0,"r14":35.6,"rmax24":2.3}},{"type":"Feature","geometry":{"type":"Polygon","coordinates":[[[136.75,-30.75],[137.0,-30.75],[137.0,-30.5],[136.75,-30.5],[136.75,-30.75]]]},"properties":{"cell":"547_-123","r7":2.9,"r14":33.6,"rmax24":2.1}},{"type":"Feature","geometry":{"type":"Polygon","coordinates":[[[136.75,-30.5],[137.0,-30.5],[137.0,-30.25],[136.75,-30.25],[136.75,-30.5]]]},"properties":{"cell":"547_-122","r7":15.9,"r14":49.5,"rmax24":11.7}},{"type":"Feature","geometry":{"type":"Polygon","coordinates":[[[136.75,-30.25],[137.0,-30.25],[137.0,-30.0],[136.75,-30.0],[136.75,-30.25]]]},"properties":{"cell":"547_-121","r7":9.7,"r14":35.4,"rmax24":3.9}},{"type":"Feature","geometry":{"type":"Polygon","coordinates":[[[137.0,-31.5],[137.25,-31.5],[137.25,-31.25],[137.0,-31.25],[137.0,-31.5]]]},"properties":{"cell":"548_-126","r7":7.7,"r14":29.3,"rmax24":3.1}},{"type":"Feature","geometry":{"type":"Polygon","coordinates":[[[137.0,-31.25],[137.25,-31.25],[137.25,-31.0],[137.0,-31.0],[137.0,-31.25]]]},"properties":{"cell":"548_-125","r7":5.6,"r14":37.2,"rmax24":2.6}},{"type":"Feature","geometry":{"type":"Polygon","coordinates":[[[137.0,-31.0],[137.25,-31.0],[137.25,-30.75],[137.0,-30.75],[137.0,-31.0]]]},"properties":{"cell":"548_-124","r7":7.3,"r14":40.9,"rmax24":3.3}},{"type":"Feature","geometry":{"type":"Polygon","coordinates":[[[137.0,-30.75],[137.25,-30.75],[137.25,-30.5],[137.0,-30.5],[137.0,-30.75]]]},"properties":{"cell":"548_-123","r7":8.1,"r14":43.7,"rmax24":2.7}},{"type":"Feature","geometry":{"type":"Polygon","coordinates":[[[137.0,-30.5],[137.25,-30.5],[137.25,-30.25],[137.0,-30.25],[137.0,-30.5]]]},"properties":{"cell":"548_-122","r7":11.4,"r14":45.5,"rmax24":5.4}},{"type":"Feature","geometry":{"type":"Polygon","coordinates":[[[137.0,-30.25],[137.25,-30.25],[137.25,-30.0],[137.0,-30.0],[137.0,-30.25]]]},"properties":{"cell":"548_-121","r7":15.0,"r14":42.8,"rmax24":7.2}},{"type":"Feature","geometry":{"type":"Polygon","coordinates":[[[137.25,-34.5],[137.5,-34.5],[137.5,-34.25],[137.25,-34.25],[137.25,-34.5]]]},"properties":{"cell":"549_-138","r7":13.4,"r14":42.8,"rmax24":6.5}},{"type":"Feature","geometry":{"type":"Polygon","coordinates":[[[137.25,-34.25],[137.5,-34.25],[137.5,-34.0],[137.25,-34.0],[137.25,-34.25]]]},"properties":{"cell":"549_-137","r7":9.2,"r14":42.1,"rmax24":4.3}},{"type":"Feature","geometry":{"type":"Polygon","coordinates":[[[137.25,-34.0],[137.5,-34.0],[137.5,-33.75],[137.25,-33.75],[137.25,-34.0]]]},"properties":{"cell":"549_-136","r7":4.7,"r14":33.6,"rmax24":2.3}},{"type":"Feature","geometry":{"type":"Polygon","coordinates":[[[137.25,-33.75],[137.5,-33.75],[137.5,-33.5],[137.25,-33.5],[137.25,-33.75]]]},"properties":{"cell":"549_-135","r7":6.6,"r14":39.8,"rmax24":2.5}},{"type":"Feature","geometry":{"type":"Polygon","coordinates":[[[137.25,-31.5],[137.5,-31.5],[137.5,-31.25],[137.25,-31.25],[137.25,-31.5]]]},"properties":{"cell":"549_-126","r7":14.6,"r14":44.1,"rmax24":10.0}},{"type":"Feature","geometry":{"type":"Polygon","coordinates":[[[137.25,-31.25],[137.5,-31.25],[137.5,-31.0],[137.25,-31.0],[137.25,-31.25]]]},"properties":{"cell":"549_-125","r7":5.1,"r14":39.8,"rmax24":2.1}},{"type":"Feature","geometry":{"type":"Polygon","coordinates":[[[137.25,-31.0],[137.5,-31.0],[137.5,-30.75],[137.25,-30.75],[137.25,-31.0]]]},"properties":{"cell":"549_-124","r7":4.8,"r14":37.8,"rmax24":2.0}},{"type":"Feature","geometry":{"type":"Polygon","coordinates":[[[137.5,-35.0],[137.75,-35.0],[137.75,-34.75],[137.5,-34.75],[137.5,-35.0]]]},"properties":{"cell":"550_-140","r7":6.9,"r14":29.4,"rmax24":5.2}},{"type":"Feature","geometry":{"type":"Polygon","coordinates":[[[137.5,-34.75],[137.75,-34.75],[137.75,-34.5],[137.5,-34.5],[137.5,-34.75]]]},"properties":{"cell":"550_-139","r7":15.3,"r14":29.3,"rmax24":8.2}},{"type":"Feature","geometry":{"type":"Polygon","coordinates":[[[137.5,-34.5],[137.75,-34.5],[137.75,-34.25],[137.5,-34.25],[137.5,-34.5]]]},"properties":{"cell":"550_-138","r7":17.8,"r14":41.3,"rmax24":10.4}},{"type":"Feature","geometry":{"type":"Polygon","coordinates":[[[137.5,-34.25],[137.75,-34.25],[137.75,-34.0],[137.5,-34.0],[137.5,-34.25]]]},"properties":{"cell":"550_-137","r7":28.1,"r14":57.6,"rmax24":19.1}},{"type":"Feature","geometry":{"type":"Polygon","coordinates":[[[137.5,-34.0],[137.75,-34.0],[137.75,-33.75],[137.5,-33.75],[137.5,-34.0]]]},"properties":{"cell":"550_-136","r7":16.1,"r14":53.3,"rmax24":8.6}},{"type":"Feature","geometry":{"type":"Polygon","coordinates":[[[137.5,-33.75],[137.75,-33.75],[137.75,-33.5],[137.5,-33.5],[137.5,-33.75]]]},"properties":{"cell":"550_-135","r7":11.7,"r14":53.7,"rmax24":6.4}},{"type":"Feature","geometry":{"type":"Polygon","coordinates":[[[137.5,-31.5],[137.75,-31.5],[137.75,-31.25],[137.5,-31.25],[137.5,-31.5]]]},"properties":{"cell":"550_-126","r7":10.4,"r14":44.9,"rmax24":3.7}},{"type":"Feature","geometry":{"type":"Polygon","coordinates":[[[137.5,-31.25],[137.75,-31.25],[137.75,-31.0],[137.5,-31.0],[137.5,-31.25]]]},"properties":{"cell":"550_-125","r7":26.8,"r14":56.4,"rmax24":10.5}},{"type":"Feature","geometry":{"type":"Polygon","coordinates":[[[137.5,-31.0],[137.75,-31.0],[137.75,-30.75],[137.5,-30.75],[137.5,-31.0]]]},"properties":{"cell":"550_-124","r7":10.1,"r14":46.4,"rmax24":4.8}},{"type":"Feature","geometry":{"type":"Polygon","coordinates":[[[137.5,-17.5],[137.75,-17.5],[137.75,-17.25],[137.5,-17.25],[137.5,-17.5]]]},"properties":{"cell":"550_-70","r7":0.7,"r14":0.7,"rmax24":0.4}},{"type":"Feature","geometry":{"type":"Polygon","coordinates":[[[137.75,-35.0],[138.0,-35.0],[138.0,-34.75],[137.75,-34.75],[137.75,-35.0]]]},"properties":{"cell":"551_-140","r7":8.5,"r14":27.8,"rmax24":5.3}},{"type":"Feature","geometry":{"type":"Polygon","coordinates":[[[137.75,-34.75],[138.0,-34.75],[138.0,-34.5],[137.75,-34.5],[137.75,-34.75]]]},"properties":{"cell":"551_-139","r7":10.2,"r14":35.5,"rmax24":5.7}},{"type":"Feature","geometry":{"type":"Polygon","coordinates":[[[137.75,-34.5],[138.0,-34.5],[138.0,-34.25],[137.75,-34.25],[137.75,-34.5]]]},"properties":{"cell":"551_-138","r7":12.8,"r14":32.0,"rmax24":4.4}},{"type":"Feature","geometry":{"type":"Polygon","coordinates":[[[137.75,-34.25],[138.0,-34.25],[138.0,-34.0],[137.75,-34.0],[137.75,-34.25]]]},"properties":{"cell":"551_-137","r7":23.3,"r14":47.2,"rmax24":14.7}},{"type":"Feature","geometry":{"type":"Polygon","coordinates":[[[137.75,-34.0],[138.0,-34.0],[138.0,-33.75],[137.75,-33.75],[137.75,-34.0]]]},"properties":{"cell":"551_-136","r7":21.2,"r14":60.9,"rmax24":10.9}},{"type":"Feature","geometry":{"type":"Polygon","coordinates":[[[137.75,-33.75],[138.0,-33.75],[138.0,-33.5],[137.75,-33.5],[137.75,-33.75]]]},"properties":{"cell":"551_-135","r7":25.2,"r14":65.0,"rmax24":12.4}},{"type":"Feature","geometry":{"type":"Polygon","coordinates":[[[137.75,-17.5],[138.0,-17.5],[138.0,-17.25],[137.75,-17.25],[137.75,-17.5]]]},"properties":{"cell":"551_-70","r7":2.9,"r14":2.9,"rmax24":2.9}},{"type":"Feature","geometry":{"type":"Polygon","coordinates":[[[138.0,-35.0],[138.25,-35.0],[138.25,-34.75],[138.0,-34.75],[138.0,-35.0]]]},"properties":{"cell":"552_-140","r7":8.1,"r14":35.3,"rmax24":3.9}},{"type":"Feature","geometry":{"type":"Polygon","coordinates":[[[138.0,-34.75],[138.25,-34.75],[138.25,-34.5],[138.0,-34.5],[138.0,-34.75]]]},"properties":{"cell":"552_-139","r7":9.7,"r14":37.5,"rmax24":7.2}},{"type":"Feature","geometry":{"type":"Polygon","coordinates":[[[138.0,-34.5],[138.25,-34.5],[138.25,-34.25],[138.0,-34.25],[138.0,-34.5]]]},"properties":{"cell":"552_-138","r7":15.3,"r14":37.1,"rmax24":9.8}},{"type":"Feature","geometry":{"type":"Polygon","coordinates":[[[138.0,-34.25],[138.25,-34.25],[138.25,-34.0],[138.0,-34.0],[138.0,-34.25]]]},"properties":{"cell":"552_-137","r7":10.3,"r14":36.3,"rmax24":4.5}},{"type":"Feature","geometry":{"type":"Polygon","coordinates":[[[138.0,-34.0],[138.25,-34.0],[138.25,-33.75],[138.0,-33.75],[138.0,-34.0]]]},"properties":{"cell":"552_-136","r7":17.2,"r14":52.5,"rmax24":6.4}},{"type":"Feature","geometry":{"type":"Polygon","coordinates":[[[138.0,-33.75],[138.25,-33.75],[138.25,-33.5],[138.0,-33.5],[138.0,-33.75]]]},"properties":{"cell":"552_-135","r7":29.9,"r14":82.6,"rmax24":16.3}},{"type":"Feature","geometry":{"type":"Polygon","coordinates":[[[138.0,-17.75],[138.25,-17.75],[138.25,-17.5],[138.0,-17.5],[138.0,-17.75]]]},"properties":{"cell":"552_-71","r7":2.9,"r14":2.9,"rmax24":2.9}},{"type":"Feature","geometry":{"type":"Polygon","coordinates":[[[138.0,-17.5],[138.25,-17.5],[138.25,-17.25],[138.0,-17.25],[138.0,-17.5]]]},"properties":{"cell":"552_-70","r7":0.8,"r14":0.8,"rmax24":0.7}},{"type":"Feature","geometry":{"type":"Polygon","coordinates":[[[138.25,-35.5],[138.5,-35.5],[138.5,-35.25],[138.25,-35.25],[138.25,-35.5]]]},"properties":{"cell":"553_-142","r7":25.3,"r14":67.8,"rmax24":13.6}},{"type":"Feature","geometry":{"type":"Polygon","coordinates":[[[138.25,-35.25],[138.5,-35.25],[138.5,-35.0],[138.25,-35.0],[138.25,-35.25]]]},"properties":{"cell":"553_-141","r7":13.7,"r14":61.2,"rmax24":6.0}},{"type":"Feature","geometry":{"type":"Polygon","coordinates":[[[138.25,-35.0],[138.5,-35.0],[138.5,-34.75],[138.25,-34.75],[138.25,-35.0]]]},"properties":{"cell":"553_-140","r7":13.6,"r14":79.5,"rmax24":8.5}},{"type":"Feature","geometry":{"type":"Polygon","coordinates":[[[138.5,-35.75],[138.75,-35.75],[138.75,-35.5],[138.5,-35.5],[138.5,-35.75]]]},"properties":{"cell":"554_-143","r7":11.4,"r14":59.6,"rmax24":6.7}},{"type":"Feature","geometry":{"type":"Polygon","coordinates":[[[138.5,-35.5],[138.75,-35.5],[138.75,-35.25],[138.5,-35.25],[138.5,-35.5]]]},"properties":{"cell":"554_-142","r7":21.1,"r14":64.6,"rmax24":12.0}},{"type":"Feature","geometry":{"type":"Polygon","coordinates":[[[138.5,-35.25],[138.75,-35.25],[138.75,-35.0],[138.5,-35.0],[138.5,-35.25]]]},"properties":{"cell":"554_-141","r7":24.0,"r14":71.5,"rmax24":11.8}},{"type":"Feature","geometry":{"type":"Polygon","coordinates":[[[138.5,-35.0],[138.75,-35.0],[138.75,-34.75],[138.5,-34.75],[138.5,-35.0]]]},"properties":{"cell":"554_-140","r7":7.5,"r14":81.5,"rmax24":3.4}},{"type":"Feature","geometry":{"type":"Polygon","coordinates":[[[138.5,-34.75],[138.75,-34.75],[138.75,-34.5],[138.5,-34.5],[138.5,-34.75]]]},"properties":{"cell":"554_-139","r7":7.0,"r14":65.2,"rmax24":2.4}},{"type":"Feature","geometry":{"type":"Polygon","coordinates":[[[138.5,-34.5],[138.75,-34.5],[138.75,-34.25],[138.5,-34.25],[138.5,-34.5]]]},"properties":{"cell":"554_-138","r7":7.9,"r14":48.6,"rmax24":3.1}},{"type":"Feature","geometry":{"type":"Polygon","coordinates":[[[138.75,-35.75],[139.0,-35.75],[139.0,-35.5],[138.75,-35.5],[138.75,-35.75]]]},"properties":{"cell":"555_-143","r7":6.4,"r14":49.0,"rmax24":4.4}},{"type":"Feature","geometry":{"type":"Polygon","coordinates":[[[138.75,-35.5],[139.0,-35.5],[139.0,-35.25],[138.75,-35.25],[138.75,-35.5]]]},"properties":{"cell":"555_-142","r7":7.9,"r14":48.3,"rmax24":5.0}},{"type":"Feature","geometry":{"type":"Polygon","coordinates":[[[138.75,-35.25],[139.0,-35.25],[139.0,-35.0],[138.75,-35.0],[138.75,-35.25]]]},"properties":{"cell":"555_-141","r7":13.9,"r14":57.5,"rmax24":5.7}},{"type":"Feature","geometry":{"type":"Polygon","coordinates":[[[138.75,-35.0],[139.0,-35.0],[139.0,-34.75],[138.75,-34.75],[138.75,-35.0]]]},"properties":{"cell":"555_-140","r7":18.9,"r14":75.7,"rmax24":8.5}},{"type":"Feature","geometry":{"type":"Polygon","coordinates":[[[138.75,-34.75],[139.0,-34.75],[139.0,-34.5],[138.75,-34.5],[138.75,-34.75]]]},"properties":{"cell":"555_-139","r7":18.7,"r14":80.3,"rmax24":11.5}},{"type":"Feature","geometry":{"type":"Polygon","coordinates":[[[138.75,-34.5],[139.0,-34.5],[139.0,-34.25],[138.75,-34.25],[138.75,-34.5]]]},"properties":{"cell":"555_-138","r7":10.5,"r14":59.1,"rmax24":4.6}},{"type":"Feature","geometry":{"type":"Polygon","coordinates":[[[138.75,-34.0],[139.0,-34.0],[139.0,-33.75],[138.75,-33.75],[138.75,-34.0]]]},"properties":{"cell":"555_-136","r7":13.2,"r14":49.5,"rmax24":8.2}},{"type":"Feature","geometry":{"type":"Polygon","coordinates":[[[138.75,-33.75],[139.0,-33.75],[139.0,-33.5],[138.75,-33.5],[138.75,-33.75]]]},"properties":{"cell":"555_-135","r7":15.7,"r14":45.0,"rmax24":8.0}},{"type":"Feature","geometry":{"type":"Polygon","coordinates":[[[138.75,-33.5],[139.0,-33.5],[139.0,-33.25],[138.75,-33.25],[138.75,-33.5]]]},"properties":{"cell":"555_-134","r7":12.1,"r14":42.6,"rmax24":4.6}},{"type":"Feature","geometry":{"type":"Polygon","coordinates":[[[138.75,-32.25],[139.0,-32.25],[139.0,-32.0],[138.75,-32.0],[138.75,-32.25]]]},"properties":{"cell":"555_-129","r7":16.5,"r14":60.8,"rmax24":6.4}},{"type":"Feature","geometry":{"type":"Polygon","coordinates":[[[138.75,-32.0],[139.0,-32.0],[139.0,-31.75],[138.75,-31.75],[138.75,-32.0]]]},"properties":{"cell":"555_-128","r7":16.0,"r14":68.7,"rmax24":7.2}},{"type":"Feature","geometry":{"type":"Polygon","coordinates":[[[138.75,-31.75],[139.0,-31.75],[139.0,-31.5],[138.75,-31.5],[138.75,-31.75]]]},"properties":{"cell":"555_-127","r7":55.9,"r14":111.8,"rmax24":30.7}},{"type":"Feature","geometry":{"type":"Polygon","coordinates":[[[138.75,-20.25],[139.0,-20.25],[139.0,-20.0],[138.75,-20.0],[138.75,-20.25]]]},"properties":{"cell":"555_-81","r7":0.0,"r14":1.2,"rmax24":0.0}},{"type":"Feature","geometry":{"type":"Polygon","coordinates":[[[138.75,-20.0],[139.0,-20.0],[139.0,-19.75],[138.75,-19.75],[138.75,-20.0]]]},"properties":{"cell":"555_-80","r7":0.0,"r14":1.0,"rmax24":0.0}},{"type":"Feature","geometry":{"type":"Polygon","coordinates":[[[139.0,-35.75],[139.25,-35.75],[139.25,-35.5],[139.0,-35.5],[139.0,-35.75]]]},"properties":{"cell":"556_-143","r7":7.0,"r14":53.8,"rmax24":3.9}},{"type":"Feature","geometry":{"type":"Polygon","coordinates":[[[139.0,-35.5],[139.25,-35.5],[139.25,-35.25],[139.0,-35.25],[139.0,-35.5]]]},"properties":{"cell":"556_-142","r7":5.8,"r14":48.8,"rmax24":2.7}},{"type":"Feature","geometry":{"type":"Polygon","coordinates":[[[139.0,-35.25],[139.25,-35.25],[139.25,-35.0],[139.0,-35.0],[139.0,-35.25]]]},"properties":{"cell":"556_-141","r7":9.6,"r14":41.0,"rmax24":6.8}},{"type":"Feature","geometry":{"type":"Polygon","coordinates":[[[139.0,-35.0],[139.25,-35.0],[139.25,-34.75],[139.0,-34.75],[139.0,-35.0]]]},"properties":{"cell":"556_-140","r7":10.4,"r14":50.1,"rmax24":6.1}},{"type":"Feature","geometry":{"type":"Polygon","coordinates":[[[139.0,-34.75],[139.25,-34.75],[139.25,-34.5],[139.0,-34.5],[139.0,-34.75]]]},"properties":{"cell":"556_-139","r7":17.6,"r14":77.1,"rmax24":9.6}},{"type":"Feature","geometry":{"type":"Polygon","coordinates":[[[139.0,-34.5],[139.25,-34.5],[139.25,-34.25],[139.0,-34.25],[139.0,-34.5]]]},"properties":{"cell":"556_-138","r7":21.8,"r14":71.1,"rmax24":13.3}},{"type":"Feature","geometry":{"type":"Polygon","coordinates":[[[139.0,-34.0],[139.25,-34.0],[139.25,-33.75],[139.0,-33.75],[139.0,-34.0]]]},"properties":{"cell":"556_-136","r7":11.7,"r14":44.7,"rmax24":7.1}},{"type":"Feature","geometry":{"type":"Polygon","coordinates":[[[139.0,-33.75],[139.25,-33.75],[139.25,-33.5],[139.0,-33.5],[139.0,-33.75]]]},"properties":{"cell":"556_-135","r7":14.1,"r14":43.3,"rmax24":6.1}},{"type":"Feature","geometry":{"type":"Polygon","coordinates":[[[139.0,-33.5],[139.25,-33.5],[139.25,-33.25],[139.0,-33.25],[139.0,-33.5]]]},"properties":{"cell":"556_-134","r7":19.3,"r14":39.4,"rmax24":7.2}},{"type":"Feature","geometry":{"type":"Polygon","coordinates":[[[139.0,-32.75],[139.25,-32.75],[139.25,-32.5],[139.0,-32.5],[139.0,-32.75]]]},"properties":{"cell":"556_-131","r7":25.1,"r14":61.9,"rmax24":14.8}},{"type":"Feature","geometry":{"type":"Polygon","coordinates":[[[139.0,-32.5],[139.25,-32.5],[139.25,-32.25],[139.0,-32.25],[139.0,-32.5]]]},"properties":{"cell":"556_-130","r7":18.9,"r14":55.7,"rmax24":7.9}},{"type":"Feature","geometry":{"type":"Polygon","coordinates":[[[139.0,-32.25],[139.25,-32.25],[139.25,-32.0],[139.0,-32.0],[139.0,-32.25]]]},"properties":{"cell":"556_-129","r7":28.2,"r14":69.5,"rmax24":17.1}},{"type":"Feature","geometry":{"type":"Polygon","coordinates":[[[139.0,-32.0],[139.25,-32.0],[139.25,-31.75],[139.0,-31.75],[139.0,-32.0]]]},"properties":{"cell":"556_-128","r7":49.3,"r14":95.9,"rmax24":24.7}},{"type":"Feature","geometry":{"type":"Polygon","coordinates":[[[139.0,-31.75],[139.25,-31.75],[139.25,-31.5],[139.0,-31.5],[139.0,-31.75]]]},"properties":{"cell":"556_-127","r7":36.6,"r14":83.3,"rmax24":17.0}},{"type":"Feature","geometry":{"type":"Polygon","coordinates":[[[139.0,-20.25],[139.25,-20.25],[139.25,-20.0],[139.0,-20.0],[139.0,-20.25]]]},"properties":{"cell":"556_-81","r7":0.1,"r14":1.1,"rmax24":0.1}},{"type":"Feature","geometry":{"type":"Polygon","coordinates":[[[139.0,-19.75],[139.25,-19.75],[139.25,-19.5],[139.0,-19.5],[139.0,-19.75]]]},"properties":{"cell":"556_-79","r7":0.4,"r14":0.6,"rmax24":0.4}},{"type":"Feature","geometry":{"type":"Polygon","coordinates":[[[139.25,-35.5],[139.5,-35.5],[139.5,-35.25],[139.25,-35.25],[139.25,-35.5]]]},"properties":{"cell":"557_-142","r7":6.9,"r14":38.5,"rmax24":3.8}},{"type":"Feature","geometry":{"type":"Polygon","coordinates":[[[139.25,-35.25],[139.5,-35.25],[139.5,-35.0],[139.25,-35.0],[139.25,-35.25]]]},"properties":{"cell":"557_-141","r7":9.9,"r14":39.7,"rmax24":6.3}},{"type":"Feature","geometry":{"type":"Polygon","coordinates":[[[139.25,-35.0],[139.5,-35.0],[139.5,-34.75],[139.25,-34.75],[139.25,-35.0]]]},"properties":{"cell":"557_-140","r7":7.8,"r14":43.8,"rmax24":4.9}},{"type":"Feature","geometry":{"type":"Polygon","coordinates":[[[139.25,-34.75],[139.5,-34.75],[139.5,-34.5],[139.25,-34.5],[139.25,-34.75]]]},"properties":{"cell":"557_-139","r7":10.3,"r14":54.0,"rmax24":5.5}},{"type":"Feature","geometry":{"type":"Polygon","coordinates":[[[139.25,-34.0],[139.5,-34.0],[139.5,-33.75],[139.25,-33.75],[139.25,-34.0]]]},"properties":{"cell":"557_-136","r7":24.7,"r14":60.0,"rmax24":17.3}},{"type":"Feature","geometry":{"type":"Polygon","coordinates":[[[139.25,-33.75],[139.5,-33.75],[139.5,-33.5],[139.25,-33.5],[139.25,-33.75]]]},"properties":{"cell":"557_-135","r7":20.4,"r14":47.8,"rmax24":15.8}},{"type":"Feature","geometry":{"type":"Polygon","coordinates":[[[139.25,-33.5],[139.5,-33.5],[139.5,-33.25],[139.25,-33.25],[139.25,-33.5]]]},"properties":{"cell":"557_-134","r7":28.1,"r14":56.9,"rmax24":17.4}},{"type":"Feature","geometry":{"type":"Polygon","coordinates":[[[139.25,-32.75],[139.5,-32.75],[139.5,-32.5],[139.25,-32.5],[139.25,-32.75]]]},"properties":{"cell":"557_-131","r7":19.1,"r14":46.7,"rmax24":8.3}},{"type":"Feature","geometry":{"type":"Polygon","coordinates":[[[139.25,-32.5],[139.5,-32.5],[139.5,-32.25],[139.25,-32.25],[139.25,-32.5]]]},"properties":{"cell":"557_-130","r7":32.7,"r14":70.6,"rmax24":16.7}},{"type":"Feature","geometry":{"type":"Polygon","coordinates":[[[139.25,-32.25],[139.5,-32.25],[139.5,-32.0],[139.25,-32.0],[139.25,-32.25]]]},"properties":{"cell":"557_-129","r7":52.4,"r14":94.6,"rmax24":26.6}},{"type":"Feature","geometry":{"type":"Polygon","coordinates":[[[139.25,-32.0],[139.5,-32.0],[139.5,-31.75],[139.25,-31.75],[139.25,-32.0]]]},"properties":{"cell":"557_-128","r7":26.7,"r14":73.6,"rmax24":9.6}},{"type":"Feature","geometry":{"type":"Polygon","coordinates":[[[139.25,-31.75],[139.5,-31.75],[139.5,-31.5],[139.25,-31.5],[139.25,-31.75]]]},"properties":{"cell":"557_-127","r7":28.0,"r14":72.7,"rmax24":9.2}},{"type":"Feature","geometry":{"type":"Polygon","coordinates":[[[139.25,-21.0],[139.5,-21.0],[139.5,-20.75],[139.25,-20.75],[139.25,-21.0]]]},"properties":{"cell":"557_-84","r7":0.8,"r14":1.2,"rmax24":0.8}},{"type":"Feature","geometry":{"type":"Polygon","coordinates":[[[139.25,-20.75],[139.5,-20.75],[139.5,-20.5],[139.25,-20.5],[139.25,-20.75]]]},"properties":{"cell":"557_-83","r7":0.7,"r14":1.3,"rmax24":0.7}},{"type":"Feature","geometry":{"type":"Polygon","coordinates":[[[139.25,-20.5],[139.5,-20.5],[139.5,-20.25],[139.25,-20.25],[139.25,-20.5]]]},"properties":{"cell":"557_-82","r7":0.4,"r14":1.5,"rmax24":0.4}},{"type":"Feature","geometry":{"type":"Polygon","coordinates":[[[139.25,-20.25],[139.5,-20.25],[139.5,-20.0],[139.25,-20.0],[139.25,-20.25]]]},"properties":{"cell":"557_-81","r7":0.0,"r14":0.6,"rmax24":0.0}},{"type":"Feature","geometry":{"type":"Polygon","coordinates":[[[139.5,-32.75],[139.75,-32.75],[139.75,-32.5],[139.5,-32.5],[139.5,-32.75]]]},"properties":{"cell":"558_-131","r7":27.9,"r14":55.7,"rmax24":14.4}},{"type":"Feature","geometry":{"type":"Polygon","coordinates":[[[139.5,-32.5],[139.75,-32.5],[139.75,-32.25],[139.5,-32.25],[139.5,-32.5]]]},"properties":{"cell":"558_-130","r7":39.3,"r14":82.7,"rmax24":22.7}},{"type":"Feature","geometry":{"type":"Polygon","coordinates":[[[139.5,-32.25],[139.75,-32.25],[139.75,-32.0],[139.5,-32.0],[139.5,-32.25]]]},"properties":{"cell":"558_-129","r7":31.7,"r14":73.9,"rmax24":13.4}},{"type":"Feature","geometry":{"type":"Polygon","coordinates":[[[139.5,-21.5],[139.75,-21.5],[139.75,-21.25],[139.5,-21.25],[139.5,-21.5]]]},"properties":{"cell":"558_-86","r7":1.0,"r14":1.0,"rmax24":1.0}},{"type":"Feature","geometry":{"type":"Polygon","coordinates":[[[139.5,-21.0],[139.75,-21.0],[139.75,-20.75],[139.5,-20.75],[139.5,-21.0]]]},"properties":{"cell":"558_-84","r7":0.2,"r14":0.8,"rmax24":0.2}},{"type":"Feature","geometry":{"type":"Polygon","coordinates":[[[139.5,-20.75],[139.75,-20.75],[139.75,-20.5],[139.5,-20.5],[139.5,-20.75]]]},"properties":{"cell":"558_-83","r7":4.7,"r14":5.3,"rmax24":4.7}},{"type":"Feature","geometry":{"type":"Polygon","coordinates":[[[139.5,-20.5],[139.75,-20.5],[139.75,-20.25],[139.5,-20.25],[139.5,-20.5]]]},"properties":{"cell":"558_-82","r7":2.1,"r14":3.1,"rmax24":2.1}},{"type":"Feature","geometry":{"type":"Polygon","coordinates":[[[139.5,-20.25],[139.75,-20.25],[139.75,-20.0],[139.5,-20.0],[139.5,-20.25]]]},"properties":{"cell":"558_-81","r7":1.6,"r14":2.0,"rmax24":1.6}},{"type":"Feature","geometry":{"type":"Polygon","coordinates":[[[139.5,-20.0],[139.75,-20.0],[139.75,-19.75],[139.5,-19.75],[139.5,-20.0]]]},"properties":{"cell":"558_-80","r7":0.4,"r14":0.8,"rmax24":0.4}},{"type":"Feature","geometry":{"type":"Polygon","coordinates":[[[139.75,-33.0],[140.0,-33.0],[140.0,-32.75],[139.75,-32.75],[139.75,-33.0]]]},"properties":{"cell":"559_-132","r7":18.7,"r14":46.2,"rmax24":14.8}},{"type":"Feature","geometry":{"type":"Polygon","coordinates":[[[139.75,-32.75],[140.0,-32.75],[140.0,-32.5],[139.75,-32.5],[139.75,-32.75]]]},"properties":{"cell":"559_-131","r7":29.6,"r14":64.5,"rmax24":17.9}},{"type":"Feature","geometry":{"type":"Polygon","coordinates":[[[139.75,-32.5],[140.0,-32.5],[140.0,-32.25],[139.75,-32.25],[139.75,-32.5]]]},"properties":{"cell":"559_-130","r7":30.1,"r14":74.9,"rmax24":16.9}},{"type":"Feature","geometry":{"type":"Polygon","coordinates":[[[139.75,-32.25],[140.0,-32.25],[140.0,-32.0],[139.75,-32.0],[139.75,-32.25]]]},"properties":{"cell":"559_-129","r7":45.1,"r14":95.3,"rmax24":17.1}},{"type":"Feature","geometry":{"type":"Polygon","coordinates":[[[139.75,-21.5],[140.0,-21.5],[140.0,-21.25],[139.75,-21.25],[139.75,-21.5]]]},"properties":{"cell":"559_-86","r7":0.8,"r14":0.8,"rmax24":0.8}},{"type":"Feature","geometry":{"type":"Polygon","coordinates":[[[139.75,-21.25],[140.0,-21.25],[140.0,-21.0],[139.75,-21.0],[139.75,-21.25]]]},"properties":{"cell":"559_-85","r7":4.4,"r14":4.4,"rmax24":4.4}},{"type":"Feature","geometry":{"type":"Polygon","coordinates":[[[139.75,-21.0],[140.0,-21.0],[140.0,-20.75],[139.75,-20.75],[139.75,-21.0]]]},"properties":{"cell":"559_-84","r7":0.4,"r14":0.6,"rmax24":0.4}},{"type":"Feature","geometry":{"type":"Polygon","coordinates":[[[139.75,-20.75],[140.0,-20.75],[140.0,-20.5],[139.75,-20.5],[139.75,-20.75]]]},"properties":{"cell":"559_-83","r7":1.6,"r14":1.7,"rmax24":1.6}},{"type":"Feature","geometry":{"type":"Polygon","coordinates":[[[139.75,-20.5],[140.0,-20.5],[140.0,-20.25],[139.75,-20.25],[139.75,-20.5]]]},"properties":{"cell":"559_-82","r7":0.8,"r14":2.2,"rmax24":0.8}},{"type":"Feature","geometry":{"type":"Polygon","coordinates":[[[139.75,-20.25],[140.0,-20.25],[140.0,-20.0],[139.75,-20.0],[139.75,-20.25]]]},"properties":{"cell":"559_-81","r7":0.7,"r14":0.7,"rmax24":0.7}},{"type":"Feature","geometry":{"type":"Polygon","coordinates":[[[139.75,-20.0],[140.0,-20.0],[140.0,-19.75],[139.75,-19.75],[139.75,-20.0]]]},"properties":{"cell":"559_-80","r7":0.7,"r14":1.1,"rmax24":0.7}},{"type":"Feature","geometry":{"type":"Polygon","coordinates":[[[139.75,-19.75],[140.0,-19.75],[140.0,-19.5],[139.75,-19.5],[139.75,-19.75]]]},"properties":{"cell":"559_-79","r7":0.3,"r14":0.8,"rmax24":0.3}},{"type":"Feature","geometry":{"type":"Polygon","coordinates":[[[140.0,-33.0],[140.25,-33.0],[140.25,-32.75],[140.0,-32.75],[140.0,-33.0]]]},"properties":{"cell":"560_-132","r7":25.7,"r14":51.2,"rmax24":21.4}},{"type":"Feature","geometry":{"type":"Polygon","coordinates":[[[140.0,-32.75],[140.25,-32.75],[140.25,-32.5],[140.0,-32.5],[140.0,-32.75]]]},"properties":{"cell":"560_-131","r7":18.6,"r14":52.7,"rmax24":11.9}},{"type":"Feature","geometry":{"type":"Polygon","coordinates":[[[140.0,-32.5],[140.25,-32.5],[140.25,-32.25],[140.0,-32.25],[140.0,-32.5]]]},"properties":{"cell":"560_-130","r7":39.3,"r14":86.1,"rmax24":14.6}},{"type":"Feature","geometry":{"type":"Polygon","coordinates":[[[140.0,-32.25],[140.25,-32.25],[140.25,-32.0],[140.0,-32.0],[140.0,-32.25]]]},"properties":{"cell":"560_-129","r7":57.3,"r14":117.2,"rmax24":20.8}},{"type":"Feature","geometry":{"type":"Polygon","coordinates":[[[140.0,-32.0],[140.25,-32.0],[140.25,-31.75],[140.0,-31.75],[140.0,-32.0]]]},"properties":{"cell":"560_-128","r7":80.2,"r14":144.1,"rmax24":41.0}},{"type":"Feature","geometry":{"type":"Polygon","coordinates":[[[140.0,-31.75],[140.25,-31.75],[140.25,-31.5],[140.0,-31.5],[140.0,-31.75]]]},"properties":{"cell":"560_-127","r7":29.1,"r14":82.6,"rmax24":12.9}},{"type":"Feature","geometry":{"type":"Polygon","coordinates":[[[140.0,-31.5],[140.25,-31.5],[140.25,-31.25],[140.0,-31.25],[140.0,-31.5]]]},"properties":{"cell":"560_-126","r7":46.0,"r14":92.6,"rmax24":22.5}},{"type":"Feature","geometry":{"type":"Polygon","coordinates":[[[140.0,-31.25],[140.25,-31.25],[140.25,-31.0],[140.0,-31.0],[140.0,-31.25]]]},"properties":{"cell":"560_-125","r7":27.4,"r14":71.5,"rmax24":12.0}},{"type":"Feature","geometry":{"type":"Polygon","coordinates":[[[140.0,-22.0],[140.25,-22.0],[140.25,-21.75],[140.0,-21.75],[140.0,-22.0]]]},"properties":{"cell":"560_-88","r7":0.6,"r14":0.6,"rmax24":0.6}},{"type":"Feature","geometry":{"type":"Polygon","coordinates":[[[140.0,-21.5],[140.25,-21.5],[140.25,-21.25],[140.0,-21.25],[140.0,-21.5]]]},"properties":{"cell":"560_-86","r7":0.8,"r14":0.9,"rmax24":0.8}},{"type":"Feature","geometry":{"type":"Polygon","coordinates":[[[140.0,-21.0],[140.25,-21.0],[140.25,-20.75],[140.0,-20.75],[140.0,-21.0]]]},"properties":{"cell":"560_-84","r7":0.8,"r14":0.9,"rmax24":0.8}},{"type":"Feature","geometry":{"type":"Polygon","coordinates":[[[140.0,-20.75],[140.25,-20.75],[140.25,-20.5],[140.0,-20.5],[140.0,-20.75]]]},"properties":{"cell":"560_-83","r7":5.8,"r14":7.0,"rmax24":5.8}},{"type":"Feature","geometry":{"type":"Polygon","coordinates":[[[140.0,-20.5],[140.25,-20.5],[140.25,-20.25],[140.0,-20.25],[140.0,-20.5]]]},"properties":{"cell":"560_-82","r7":1.0,"r14":1.1,"rmax24":1.0}},{"type":"Feature","geometry":{"type":"Polygon","coordinates":[[[140.0,-20.25],[140.25,-20.25],[140.25,-20.0],[140.0,-20.0],[140.0,-20.25]]]},"properties":{"cell":"560_-81","r7":0.5,"r14":0.6,"rmax24":0.5}},{"type":"Feature","geometry":{"type":"Polygon","coordinates":[[[140.0,-20.0],[140.25,-20.0],[140.25,-19.75],[140.0,-19.75],[140.0,-20.0]]]},"properties":{"cell":"560_-80","r7":0.9,"r14":1.0,"rmax24":0.9}},{"type":"Feature","geometry":{"type":"Polygon","coordinates":[[[140.0,-19.75],[140.25,-19.75],[140.25,-19.5],[140.0,-19.5],[140.0,-19.75]]]},"properties":{"cell":"560_-79","r7":0.5,"r14":0.6,"rmax24":0.5}},{"type":"Feature","geometry":{"type":"Polygon","coordinates":[[[140.25,-33.0],[140.5,-33.0],[140.5,-32.75],[140.25,-32.75],[140.25,-33.0]]]},"properties":{"cell":"561_-132","r7":20.9,"r14":54.9,"rmax24":15.4}},{"type":"Feature","geometry":{"type":"Polygon","coordinates":[[[140.25,-32.75],[140.5,-32.75],[140.5,-32.5],[140.25,-32.5],[140.25,-32.75]]]},"properties":{"cell":"561_-131","r7":27.8,"r14":62.6,"rmax24":17.7}},{"type":"Feature","geometry":{"type":"Polygon","coordinates":[[[140.25,-32.5],[140.5,-32.5],[140.5,-32.25],[140.25,-32.25],[140.25,-32.5]]]},"properties":{"cell":"561_-130","r7":42.7,"r14":92.1,"rmax24":22.9}},{"type":"Feature","geometry":{"type":"Polygon","coordinates":[[[140.25,-32.25],[140.5,-32.25],[140.5,-32.0],[140.25,-32.0],[140.25,-32.25]]]},"properties":{"cell":"561_-129","r7":63.2,"r14":123.5,"rmax24":25.4}},{"type":"Feature","geometry":{"type":"Polygon","coordinates":[[[140.25,-32.0],[140.5,-32.0],[140.5,-31.75],[140.25,-31.75],[140.25,-32.0]]]},"properties":{"cell":"561_-128","r7":39.0,"r14":99.0,"rmax24":14.3}},{"type":"Feature","geometry":{"type":"Polygon","coordinates":[[[140.25,-31.75],[140.5,-31.75],[140.5,-31.5],[140.25,-31.5],[140.25,-31.75]]]},"properties":{"cell":"561_-127","r7":39.0,"r14":85.5,"rmax24":17.1}},{"type":"Feature","geometry":{"type":"Polygon","coordinates":[[[140.25,-31.5],[140.5,-31.5],[140.5,-31.25],[140.25,-31.25],[140.25,-31.5]]]},"properties":{"cell":"561_-126","r7":24.9,"r14":67.5,"rmax24":9.7}},{"type":"Feature","geometry":{"type":"Polygon","coordinates":[[[140.25,-31.25],[140.5,-31.25],[140.5,-31.0],[140.25,-31.0],[140.25,-31.25]]]},"properties":{"cell":"561_-125","r7":22.6,"r14":59.2,"rmax24":11.6}},{"type":"Feature","geometry":{"type":"Polygon","coordinates":[[[140.25,-22.5],[140.5,-22.5],[140.5,-22.25],[140.25,-22.25],[140.25,-22.5]]]},"properties":{"cell":"561_-90","r7":1.0,"r14":1.1,"rmax24":1.0}},{"type":"Feature","geometry":{"type":"Polygon","coordinates":[[[140.25,-22.0],[140.5,-22.0],[140.5,-21.75],[140.25,-21.75],[140.25,-22.0]]]},"properties":{"cell":"561_-88","r7":0.9,"r14":0.9,"rmax24":0.6}},{"type":"Feature","geometry":{"type":"Polygon","coordinates":[[[140.25,-21.75],[140.5,-21.75],[140.5,-21.5],[140.25,-21.5],[140.25,-21.75]]]},"properties":{"cell":"561_-87","r7":1.0,"r14":1.0,"rmax24":1.0}},{"type":"Feature","geometry":{"type":"Polygon","coordinates":[[[140.25,-21.5],[140.5,-21.5],[140.5,-21.25],[140.25,-21.25],[140.25,-21.5]]]},"properties":{"cell":"561_-86","r7":1.2,"r14":1.2,"rmax24":1.2}},{"type":"Feature","geometry":{"type":"Polygon","coordinates":[[[140.25,-21.25],[140.5,-21.25],[140.5,-21.0],[140.25,-21.0],[140.25,-21.25]]]},"properties":{"cell":"561_-85","r7":0.6,"r14":0.6,"rmax24":0.6}},{"type":"Feature","geometry":{"type":"Polygon","coordinates":[[[140.25,-21.0],[140.5,-21.0],[140.5,-20.75],[140.25,-20.75],[140.25,-21.0]]]},"properties":{"cell":"561_-84","r7":0.4,"r14":0.8,"rmax24":0.4}},{"type":"Feature","geometry":{"type":"Polygon","coordinates":[[[140.25,-20.75],[140.5,-20.75],[140.5,-20.5],[140.25,-20.5],[140.25,-20.75]]]},"properties":{"cell":"561_-83","r7":2.3,"r14":2.6,"rmax24":2.3}},{"type":"Feature","geometry":{"type":"Polygon","coordinates":[[[140.5,-32.75],[140.75,-32.75],[140.75,-32.5],[140.5,-32.5],[140.5,-32.75]]]},"properties":{"cell":"562_-131","r7":39.7,"r14":75.3,"rmax24":20.5}},{"type":"Feature","geometry":{"type":"Polygon","coordinates":[[[140.5,-32.5],[140.75,-32.5],[140.75,-32.25],[140.5,-32.25],[140.5,-32.5]]]},"properties":{"cell":"562_-130","r7":27.9,"r14":80.8,"rmax24":11.6}},{"type":"Feature","geometry":{"type":"Polygon","coordinates":[[[140.5,-32.25],[140.75,-32.25],[140.75,-32.0],[140.5,-32.0],[140.5,-32.25]]]},"properties":{"cell":"562_-129","r7":31.3,"r14":83.4,"rmax24":10.3}},{"type":"Feature","geometry":{"type":"Polygon","coordinates":[[[140.5,-32.0],[140.75,-32.0],[140.75,-31.75],[140.5,-31.75],[140.5,-32.0]]]},"properties":{"cell":"562_-128","r7":26.3,"r14":72.2,"rmax24":10.1}},{"type":"Feature","geometry":{"type":"Polygon","coordinates":[[[140.5,-31.75],[140.75,-31.75],[140.75,-31.5],[140.5,-31.5],[140.5,-31.75]]]},"properties":{"cell":"562_-127","r7":27.2,"r14":69.8,"rmax24":13.7}},{"type":"Feature","geometry":{"type":"Polygon","coordinates":[[[140.5,-31.5],[140.75,-31.5],[140.75,-31.25],[140.5,-31.25],[140.5,-31.5]]]},"properties":{"cell":"562_-126","r7":22.3,"r14":66.0,"rmax24":12.5}},{"type":"Feature","geometry":{"type":"Polygon","coordinates":[[[140.5,-31.25],[140.75,-31.25],[140.75,-31.0],[140.5,-31.0],[140.5,-31.25]]]},"properties":{"cell":"562_-125","r7":16.1,"r14":46.1,"rmax24":8.7}},{"type":"Feature","geometry":{"type":"Polygon","coordinates":[[[140.5,-22.0],[140.75,-22.0],[140.75,-21.75],[140.5,-21.75],[140.5,-22.0]]]},"properties":{"cell":"562_-88","r7":2.4,"r14":2.4,"rmax24":2.4}},{"type":"Feature","geometry":{"type":"Polygon","coordinates":[[[140.5,-21.75],[140.75,-21.75],[140.75,-21.5],[140.5,-21.5],[140.5,-21.75]]]},"properties":{"cell":"562_-87","r7":5.4,"r14":5.4,"rmax24":5.4}},{"type":"Feature","geometry":{"type":"Polygon","coordinates":[[[140.5,-21.5],[140.75,-21.5],[140.75,-21.25],[140.5,-21.25],[140.5,-21.5]]]},"properties":{"cell":"562_-86","r7":2.4,"r14":2.4,"rmax24":2.4}},{"type":"Feature","geometry":{"type":"Polygon","coordinates":[[[140.5,-21.25],[140.75,-21.25],[140.75,-21.0],[140.5,-21.0],[140.5,-21.25]]]},"properties":{"cell":"562_-85","r7":0.7,"r14":0.7,"rmax24":0.7}},{"type":"Feature","geometry":{"type":"Polygon","coordinates":[[[140.5,-21.0],[140.75,-21.0],[140.75,-20.75],[140.5,-20.75],[140.5,-21.0]]]},"properties":{"cell":"562_-84","r7":1.1,"r14":1.4,"rmax24":1.1}},{"type":"Feature","geometry":{"type":"Polygon","coordinates":[[[140.5,-20.75],[140.75,-20.75],[140.75,-20.5],[140.5,-20.5],[140.5,-20.75]]]},"properties":{"cell":"562_-83","r7":1.9,"r14":2.3,"rmax24":1.9}},{"type":"Feature","geometry":{"type":"Polygon","coordinates":[[[140.5,-20.5],[140.75,-20.5],[140.75,-20.25],[140.5,-20.25],[140.5,-20.5]]]},"properties":{"cell":"562_-82","r7":1.2,"r14":1.2,"rmax24":1.2}},{"type":"Feature","geometry":{"type":"Polygon","coordinates":[[[140.75,-32.75],[141.0,-32.75],[141.0,-32.5],[140.75,-32.5],[140.75,-32.75]]]},"properties":{"cell":"563_-131","r7":37.8,"r14":77.8,"rmax24":21.6}},{"type":"Feature","geometry":{"type":"Polygon","coordinates":[[[140.75,-32.5],[141.0,-32.5],[141.0,-32.25],[140.75,-32.25],[140.75,-32.5]]]},"properties":{"cell":"563_-130","r7":66.3,"r14":104.7,"rmax24":46.7}},{"type":"Feature","geometry":{"type":"Polygon","coordinates":[[[140.75,-32.25],[141.0,-32.25],[141.0,-32.0],[140.75,-32.0],[140.75,-32.25]]]},"properties":{"cell":"563_-129","r7":32.0,"r14":71.9,"rmax24":13.4}},{"type":"Feature","geometry":{"type":"Polygon","coordinates":[[[140.75,-32.0],[141.0,-32.0],[141.0,-31.75],[140.75,-31.75],[140.75,-32.0]]]},"properties":{"cell":"563_-128","r7":38.2,"r14":78.7,"rmax24":16.0}},{"type":"Feature","geometry":{"type":"Polygon","coordinates":[[[140.75,-31.75],[141.0,-31.75],[141.0,-31.5],[140.75,-31.5],[140.75,-31.75]]]},"properties":{"cell":"563_-127","r7":22.9,"r14":62.7,"rmax24":11.6}},{"type":"Feature","geometry":{"type":"Polygon","coordinates":[[[140.75,-31.5],[141.0,-31.5],[141.0,-31.25],[140.75,-31.25],[140.75,-31.5]]]},"properties":{"cell":"563_-126","r7":20.2,"r14":56.9,"rmax24":11.0}},{"type":"Feature","geometry":{"type":"Polygon","coordinates":[[[140.75,-22.0],[141.0,-22.0],[141.0,-21.75],[140.75,-21.75],[140.75,-22.0]]]},"properties":{"cell":"563_-88","r7":0.7,"r14":0.7,"rmax24":0.7}},{"type":"Feature","geometry":{"type":"Polygon","coordinates":[[[140.75,-21.75],[141.0,-21.75],[141.0,-21.5],[140.75,-21.5],[140.75,-21.75]]]},"properties":{"cell":"563_-87","r7":1.6,"r14":1.6,"rmax24":1.6}},{"type":"Feature","geometry":{"type":"Polygon","coordinates":[[[140.75,-21.0],[141.0,-21.0],[141.0,-20.75],[140.75,-20.75],[140.75,-21.0]]]},"properties":{"cell":"563_-84","r7":0.3,"r14":1.0,"rmax24":0.3}},{"type":"Feature","geometry":{"type":"Polygon","coordinates":[[[141.0,-32.75],[141.25,-32.75],[141.25,-32.5],[141.0,-32.5],[141.0,-32.75]]]},"properties":{"cell":"564_-131","r7":47.7,"r14":84.5,"rmax24":19.6}},{"type":"Feature","geometry":{"type":"Polygon","coordinates":[[[141.0,-32.5],[141.25,-32.5],[141.25,-32.25],[141.0,-32.25],[141.0,-32.5]]]},"properties":{"cell":"564_-130","r7":56.4,"r14":97.1,"rmax24":37.4}},{"type":"Feature","geometry":{"type":"Polygon","coordinates":[[[141.0,-32.25],[141.25,-32.25],[141.25,-32.0],[141.0,-32.0],[141.0,-32.25]]]},"properties":{"cell":"564_-129","r7":27.4,"r14":62.4,"rmax24":10.7}},{"type":"Feature","geometry":{"type":"Polygon","coordinates":[[[141.0,-32.0],[141.25,-32.0],[141.25,-31.75],[141.0,-31.75],[141.0,-32.0]]]},"properties":{"cell":"564_-128","r7":34.9,"r14":72.7,"rmax24":16.0}},{"type":"Feature","geometry":{"type":"Polygon","coordinates":[[[141.0,-31.75],[141.25,-31.75],[141.25,-31.5],[141.0,-31.5],[141.0,-31.75]]]},"properties":{"cell":"564_-127","r7":20.6,"r14":57.7,"rmax24":13.7}},{"type":"Feature","geometry":{"type":"Polygon","coordinates":[[[141.0,-30.25],[141.25,-30.25],[141.25,-30.0],[141.0,-30.0],[141.0,-30.25]]]},"properties":{"cell":"564_-121","r7":16.2,"r14":30.1,"rmax24":10.1}},{"type":"Feature","geometry":{"type":"Polygon","coordinates":[[[141.0,-30.0],[141.25,-30.0],[141.25,-29.75],[141.0,-29.75],[141.0,-30.0]]]},"properties":{"cell":"564_-120","r7":22.7,"r14":34.8,"rmax24":17.6}},{"type":"Feature","geometry":{"type":"Polygon","coordinates":[[[141.0,-29.75],[141.25,-29.75],[141.25,-29.5],[141.0,-29.5],[141.0,-29.75]]]},"properties":{"cell":"564_-119","r7":6.2,"r14":18.5,"rmax24":3.9}},{"type":"Feature","geometry":{"type":"Polygon","coordinates":[[[141.0,-22.25],[141.25,-22.25],[141.25,-22.0],[141.0,-22.0],[141.0,-22.25]]]},"properties":{"cell":"564_-89","r7":0.9,"r14":0.9,"rmax24":0.9}},{"type":"Feature","geometry":{"type":"Polygon","coordinates":[[[141.0,-22.0],[141.25,-22.0],[141.25,-21.75],[141.0,-21.75],[141.0,-22.0]]]},"properties":{"cell":"564_-88","r7":0.7,"r14":0.7,"rmax24":0.7}},{"type":"Feature","geometry":{"type":"Polygon","coordinates":[[[141.25,-32.5],[141.5,-32.5],[141.5,-32.25],[141.25,-32.25],[141.25,-32.5]]]},"properties":{"cell":"565_-130","r7":41.1,"r14":73.6,"rmax24":26.3}},{"type":"Feature","geometry":{"type":"Polygon","coordinates":[[[141.25,-32.25],[141.5,-32.25],[141.5,-32.0],[141.25,-32.0],[141.25,-32.25]]]},"properties":{"cell":"565_-129","r7":33.4,"r14":64.6,"rmax24":12.6}},{"type":"Feature","geometry":{"type":"Polygon","coordinates":[[[141.25,-32.0],[141.5,-32.0],[141.5,-31.75],[141.25,-31.75],[141.25,-32.0]]]},"properties":{"cell":"565_-128","r7":23.9,"r14":61.3,"rmax24":10.9}},{"type":"Feature","geometry":{"type":"Polygon","coordinates":[[[141.25,-31.75],[141.5,-31.75],[141.5,-31.5],[141.25,-31.5],[141.25,-31.75]]]},"properties":{"cell":"565_-127","r7":21.3,"r14":61.0,"rmax24":12.3}},{"type":"Feature","geometry":{"type":"Polygon","coordinates":[[[141.25,-30.25],[141.5,-30.25],[141.5,-30.0],[141.25,-30.0],[141.25,-30.25]]]},"properties":{"cell":"565_-121","r7":19.0,"r14":30.9,"rmax24":15.7}},{"type":"Feature","geometry":{"type":"Polygon","coordinates":[[[141.25,-30.0],[141.5,-30.0],[141.5,-29.75],[141.25,-29.75],[141.25,-30.0]]]},"properties":{"cell":"565_-120","r7":8.5,"r14":19.6,"rmax24":5.6}},{"type":"Feature","geometry":{"type":"Polygon","coordinates":[[[141.25,-29.75],[141.5,-29.75],[141.5,-29.5],[141.25,-29.5],[141.25,-29.75]]]},"properties":{"cell":"565_-119","r7":4.3,"r14":16.6,"rmax24":3.8}},{"type":"Feature","geometry":{"type":"Polygon","coordinates":[[[141.25,-21.5],[141.5,-21.5],[141.5,-21.25],[141.25,-21.25],[141.25,-21.5]]]},"properties":{"cell":"565_-86","r7":1.3,"r14":1.3,"rmax24":1.3}},{"type":"Feature","geometry":{"type":"Polygon","coordinates":[[[141.5,-32.5],[141.75,-32.5],[141.75,-32.25],[141.5,-32.25],[141.5,-32.5]]]},"properties":{"cell":"566_-130","r7":28.4,"r14":54.8,"rmax24":12.0}},{"type":"Feature","geometry":{"type":"Polygon","coordinates":[[[141.5,-32.25],[141.75,-32.25],[141.75,-32.0],[141.5,-32.0],[141.5,-32.25]]]},"properties":{"cell":"566_-129","r7":23.9,"r14":50.3,"rmax24":13.2}},{"type":"Feature","geometry":{"type":"Polygon","coordinates":[[[141.5,-32.0],[141.75,-32.0],[141.75,-31.75],[141.5,-31.75],[141.5,-32.0]]]},"properties":{"cell":"566_-128","r7":14.9,"r14":46.5,"rmax24":7.8}},{"type":"Feature","geometry":{"type":"Polygon","coordinates":[[[141.5,-31.75],[141.75,-31.75],[141.75,-31.5],[141.5,-31.5],[141.5,-31.75]]]},"properties":{"cell":"566_-127","r7":21.5,"r14":56.0,"rmax24":11.1}},{"type":"Feature","geometry":{"type":"Polygon","coordinates":[[[141.5,-30.25],[141.75,-30.25],[141.75,-30.0],[141.5,-30.0],[141.5,-30.25]]]},"properties":{"cell":"566_-121","r7":13.2,"r14":24.0,"rmax24":11.2}},{"type":"Feature","geometry":{"type":"Polygon","coordinates":[[[141.5,-30.0],[141.75,-30.0],[141.75,-29.75],[141.5,-29.75],[141.5,-30.0]]]},"properties":{"cell":"566_-120","r7":8.2,"r14":20.3,"rmax24":7.2}},{"type":"Feature","geometry":{"type":"Polygon","coordinates":[[[141.5,-29.75],[141.75,-29.75],[141.75,-29.5],[141.5,-29.5],[141.5,-29.75]]]},"properties":{"cell":"566_-119","r7":10.4,"r14":23.1,"rmax24":10.2}},{"type":"Feature","geometry":{"type":"Polygon","coordinates":[[[141.5,-29.5],[141.75,-29.5],[141.75,-29.25],[141.5,-29.25],[141.5,-29.5]]]},"properties":{"cell":"566_-118","r7":13.1,"r14":23.7,"rmax24":11.8}},{"type":"Feature","geometry":{"type":"Polygon","coordinates":[[[141.75,-32.5],[142.0,-32.5],[142.0,-32.25],[141.75,-32.25],[141.75,-32.5]]]},"properties":{"cell":"567_-130","r7":15.0,"r14":36.7,"rmax24":6.5}},{"type":"Feature","geometry":{"type":"Polygon","coordinates":[[[141.75,-32.25],[142.0,-32.25],[142.0,-32.0],[141.75,-32.0],[141.75,-32.25]]]},"properties":{"cell":"567_-129","r7":10.0,"r14":33.7,"rmax24":5.0}},{"type":"Feature","geometry":{"type":"Polygon","coordinates":[[[141.75,-32.0],[142.0,-32.0],[142.0,-31.75],[141.75,-31.75],[141.75,-32.0]]]},"properties":{"cell":"567_-128","r7":11.9,"r14":38.1,"rmax24":5.8}},{"type":"Feature","geometry":{"type":"Polygon","coordinates":[[[141.75,-31.75],[142.0,-31.75],[142.0,-31.5],[141.75,-31.5],[141.75,-31.75]]]},"properties":{"cell":"567_-127","r7":15.3,"r14":43.7,"rmax24":10.1}},{"type":"Feature","geometry":{"type":"Polygon","coordinates":[[[141.75,-30.25],[142.0,-30.25],[142.0,-30.0],[141.75,-30.0],[141.75,-30.25]]]},"properties":{"cell":"567_-121","r7":14.3,"r14":24.1,"rmax24":10.7}},{"type":"Feature","geometry":{"type":"Polygon","coordinates":[[[141.75,-30.0],[142.0,-30.0],[142.0,-29.75],[141.75,-29.75],[141.75,-30.0]]]},"properties":{"cell":"567_-120","r7":9.6,"r14":20.4,"rmax24":8.4}},{"type":"Feature","geometry":{"type":"Polygon","coordinates":[[[141.75,-29.75],[142.0,-29.75],[142.0,-29.5],[141.75,-29.5],[141.75,-29.75]]]},"properties":{"cell":"567_-119","r7":13.0,"r14":24.4,"rmax24":10.6}},{"type":"Feature","geometry":{"type":"Polygon","coordinates":[[[141.75,-29.5],[142.0,-29.5],[142.0,-29.25],[141.75,-29.25],[141.75,-29.5]]]},"properties":{"cell":"567_-118","r7":13.4,"r14":23.5,"rmax24":6.5}},{"type":"Feature","geometry":{"type":"Polygon","coordinates":[[[141.75,-21.25],[142.0,-21.25],[142.0,-21.0],[141.75,-21.0],[141.75,-21.25]]]},"properties":{"cell":"567_-85","r7":0.0,"r14":0.6,"rmax24":0.0}},{"type":"Feature","geometry":{"type":"Polygon","coordinates":[[[142.0,-31.75],[142.25,-31.75],[142.25,-31.5],[142.0,-31.5],[142.0,-31.75]]]},"properties":{"cell":"568_-127","r7":14.5,"r14":36.6,"rmax24":8.4}},{"type":"Feature","geometry":{"type":"Polygon","coordinates":[[[142.0,-31.5],[142.25,-31.5],[142.25,-31.25],[142.0,-31.25],[142.0,-31.5]]]},"properties":{"cell":"568_-126","r7":12.8,"r14":33.2,"rmax24":6.4}},{"type":"Feature","geometry":{"type":"Polygon","coordinates":[[[142.0,-31.25],[142.25,-31.25],[142.25,-31.0],[142.0,-31.0],[142.0,-31.25]]]},"properties":{"cell":"568_-125","r7":13.0,"r14":27.1,"rmax24":6.9}},{"type":"Feature","geometry":{"type":"Polygon","coordinates":[[[142.0,-30.25],[142.25,-30.25],[142.25,-30.0],[142.0,-30.0],[142.0,-30.25]]]},"properties":{"cell":"568_-121","r7":19.6,"r14":29.0,"rmax24":14.3}},{"type":"Feature","geometry":{"type":"Polygon","coordinates":[[[142.0,-30.0],[142.25,-30.0],[142.25,-29.75],[142.0,-29.75],[142.0,-30.0]]]},"properties":{"cell":"568_-120","r7":16.8,"r14":26.4,"rmax24":13.4}},{"type":"Feature","geometry":{"type":"Polygon","coordinates":[[[142.0,-29.75],[142.25,-29.75],[142.25,-29.5],[142.0,-29.5],[142.0,-29.75]]]},"properties":{"cell":"568_-119","r7":14.6,"r14":23.7,"rmax24":11.0}},{"type":"Feature","geometry":{"type":"Polygon","coordinates":[[[142.0,-29.5],[142.25,-29.5],[142.25,-29.25],[142.0,-29.25],[142.0,-29.5]]]},"properties":{"cell":"568_-118","r7":14.6,"r14":24.6,"rmax24":9.7}},{"type":"Feature","geometry":{"type":"Polygon","coordinates":[[[142.0,-11.0],[142.25,-11.0],[142.25,-10.75],[142.0,-10.75],[142.0,-11.0]]]},"properties":{"cell":"568_-44","r7":3.1,"r14":3.4,"rmax24":2.3}},{"type":"Feature","geometry":{"type":"Polygon","coordinates":[[[142.0,-10.75],[142.25,-10.75],[142.25,-10.5],[142.0,-10.5],[142.0,-10.75]]]},"properties":{"cell":"568_-43","r7":2.4,"r14":2.7,"rmax24":1.8}},{"type":"Feature","geometry":{"type":"Polygon","coordinates":[[[142.0,-10.5],[142.25,-10.5],[142.25,-10.25],[142.0,-10.25],[142.0,-10.5]]]},"properties":{"cell":"568_-42","r7":7.6,"r14":7.9,"rmax24":3.0}},{"type":"Feature","geometry":{"type":"Polygon","coordinates":[[[142.25,-38.0],[142.5,-38.0],[142.5,-37.75],[142.25,-37.75],[142.25,-38.0]]]},"properties":{"cell":"569_-152","r7":8.7,"r14":22.6,"rmax24":5.4}},{"type":"Feature","geometry":{"type":"Polygon","coordinates":[[[142.25,-37.75],[142.5,-37.75],[142.5,-37.5],[142.25,-37.5],[142.25,-37.75]]]},"properties":{"cell":"569_-151","r7":16.9,"r14":30.2,"rmax24":12.0}},{"type":"Feature","geometry":{"type":"Polygon","coordinates":[[[142.25,-37.5],[142.5,-37.5],[142.5,-37.25],[142.25,-37.25],[142.25,-37.5]]]},"properties":{"cell":"569_-150","r7":27.0,"r14":45.2,"rmax24":18.7}},{"type":"Feature","geometry":{"type":"Polygon","coordinates":[[[142.25,-37.25],[142.5,-37.25],[142.5,-37.0],[142.25,-37.0],[142.25,-37.25]]]},"properties":{"cell":"569_-149","r7":26.3,"r14":57.5,"rmax24":19.5}},{"type":"Feature","geometry":{"type":"Polygon","coordinates":[[[142.25,-37.0],[142.5,-37.0],[142.5,-36.75],[142.25,-36.75],[142.25,-37.0]]]},"properties":{"cell":"569_-148","r7":25.7,"r14":54.8,"rmax24":21.1}},{"type":"Feature","geometry":{"type":"Polygon","coordinates":[[[142.25,-36.75],[142.5,-36.75],[142.5,-36.5],[142.25,-36.5],[142.25,-36.75]]]},"properties":{"cell":"569_-147","r7":27.7,"r14":62.1,"rmax24":25.6}},{"type":"Feature","geometry":{"type":"Polygon","coordinates":[[[142.25,-31.75],[142.5,-31.75],[142.5,-31.5],[142.25,-31.5],[142.25,-31.75]]]},"properties":{"cell":"569_-127","r7":13.2,"r14":32.2,"rmax24":7.7}},{"type":"Feature","geometry":{"type":"Polygon","coordinates":[[[142.25,-31.5],[142.5,-31.5],[142.5,-31.25],[142.25,-31.25],[142.25,-31.5]]]},"properties":{"cell":"569_-126","r7":13.8,"r14":29.9,"rmax24":7.1}},{"type":"Feature","geometry":{"type":"Polygon","coordinates":[[[142.25,-31.25],[142.5,-31.25],[142.5,-31.0],[142.25,-31.0],[142.25,-31.25]]]},"properties":{"cell":"569_-125","r7":9.0,"r14":22.9,"rmax24":6.2}},{"type":"Feature","geometry":{"type":"Polygon","coordinates":[[[142.25,-11.0],[142.5,-11.0],[142.5,-10.75],[142.25,-10.75],[142.25,-11.0]]]},"properties":{"cell":"569_-44","r7":3.7,"r14":8.1,"rmax24":2.5}},{"type":"Feature","geometry":{"type":"Polygon","coordinates":[[[142.25,-10.75],[142.5,-10.75],[142.5,-10.5],[142.25,-10.5],[142.25,-10.75]]]},"properties":{"cell":"569_-43","r7":2.2,"r14":2.7,"rmax24":0.9}},{"type":"Feature","geometry":{"type":"Polygon","coordinates":[[[142.25,-10.5],[142.5,-10.5],[142.5,-10.25],[142.25,-10.25],[142.25,-10.5]]]},"properties":{"cell":"569_-42","r7":5.4,"r14":5.6,"rmax24":2.0}},{"type":"Feature","geometry":{"type":"Polygon","coordinates":[[[142.5,-38.0],[142.75,-38.0],[142.75,-37.75],[142.5,-37.75],[142.5,-38.0]]]},"properties":{"cell":"570_-152","r7":11.9,"r14":27.1,"rmax24":7.0}},{"type":"Feature","geometry":{"type":"Polygon","coordinates":[[[142.5,-37.75],[142.75,-37.75],[142.75,-37.5],[142.5,-37.5],[142.5,-37.75]]]},"properties":{"cell":"570_-151","r7":14.7,"r14":24.8,"rmax24":9.4}},{"type":"Feature","geometry":{"type":"Polygon","coordinates":[[[142.5,-37.5],[142.75,-37.5],[142.75,-37.25],[142.5,-37.25],[142.5,-37.5]]]},"properties":{"cell":"570_-150","r7":23.8,"r14":46.2,"rmax24":16.9}},{"type":"Feature","geometry":{"type":"Polygon","coordinates":[[[142.5,-37.25],[142.75,-37.25],[142.75,-37.0],[142.5,-37.0],[142.5,-37.25]]]},"properties":{"cell":"570_-149","r7":34.0,"r14":64.6,"rmax24":24.9}},{"type":"Feature","geometry":{"type":"Polygon","coordinates":[[[142.5,-37.0],[142.75,-37.0],[142.75,-36.75],[142.5,-36.75],[142.5,-37.0]]]},"properties":{"cell":"570_-148","r7":20.0,"r14":47.7,"rmax24":16.9}},{"type":"Feature","geometry":{"type":"Polygon","coordinates":[[[142.5,-36.75],[142.75,-36.75],[142.75,-36.5],[142.5,-36.5],[142.5,-36.75]]]},"properties":{"cell":"570_-147","r7":16.0,"r14":59.9,"rmax24":13.3}},{"type":"Feature","geometry":{"type":"Polygon","coordinates":[[[142.5,-31.75],[142.75,-31.75],[142.75,-31.5],[142.5,-31.5],[142.5,-31.75]]]},"properties":{"cell":"570_-127","r7":19.9,"r14":35.1,"rmax24":10.1}},{"type":"Feature","geometry":{"type":"Polygon","coordinates":[[[142.5,-31.5],[142.75,-31.5],[142.75,-31.25],[142.5,-31.25],[142.5,-31.5]]]},"properties":{"cell":"570_-126","r7":7.2,"r14":21.0,"rmax24":4.3}},{"type":"Feature","geometry":{"type":"Polygon","coordinates":[[[142.5,-31.25],[142.75,-31.25],[142.75,-31.0],[142.5,-31.0],[142.5,-31.25]]]},"properties":{"cell":"570_-125","r7":11.8,"r14":26.2,"rmax24":6.9}},{"type":"Feature","geometry":{"type":"Polygon","coordinates":[[[142.5,-11.0],[142.75,-11.0],[142.75,-10.75],[142.5,-10.75],[142.5,-11.0]]]},"properties":{"cell":"570_-44","r7":8.2,"r14":8.7,"rmax24":4.6}},{"type":"Feature","geometry":{"type":"Polygon","coordinates":[[[142.5,-10.75],[142.75,-10.75],[142.75,-10.5],[142.5,-10.5],[142.5,-10.75]]]},"properties":{"cell":"570_-43","r7":15.9,"r14":17.3,"rmax24":6.4}},{"type":"Feature","geometry":{"type":"Polygon","coordinates":[[[142.5,-10.5],[142.75,-10.5],[142.75,-10.25],[142.5,-10.25],[142.5,-10.5]]]},"properties":{"cell":"570_-42","r7":6.1,"r14":6.9,"rmax24":1.4}},{"type":"Feature","geometry":{"type":"Polygon","coordinates":[[[142.75,-38.0],[143.0,-38.0],[143.0,-37.75],[142.75,-37.75],[142.75,-38.0]]]},"properties":{"cell":"571_-152","r7":12.4,"r14":24.2,"rmax24":6.5}},{"type":"Feature","geometry":{"type":"Polygon","coordinates":[[[142.75,-37.75],[143.0,-37.75],[143.0,-37.5],[142.75,-37.5],[142.75,-37.75]]]},"properties":{"cell":"571_-151","r7":12.0,"r14":23.6,"rmax24":5.9}},{"type":"Feature","geometry":{"type":"Polygon","coordinates":[[[142.75,-37.5],[143.0,-37.5],[143.0,-37.25],[142.75,-37.25],[142.75,-37.5]]]},"properties":{"cell":"571_-150","r7":17.2,"r14":32.4,"rmax24":11.1}},{"type":"Feature","geometry":{"type":"Polygon","coordinates":[[[142.75,-37.25],[143.0,-37.25],[143.0,-37.0],[142.75,-37.0],[142.75,-37.25]]]},"properties":{"cell":"571_-149","r7":16.9,"r14":44.6,"rmax24":11.8}},{"type":"Feature","geometry":{"type":"Polygon","coordinates":[[[142.75,-37.0],[143.0,-37.0],[143.0,-36.75],[142.75,-36.75],[142.75,-37.0]]]},"properties":{"cell":"571_-148","r7":19.4,"r14":52.2,"rmax24":14.5}},{"type":"Feature","geometry":{"type":"Polygon","coordinates":[[[142.75,-36.75],[143.0,-36.75],[143.0,-36.5],[142.75,-36.5],[142.75,-36.75]]]},"properties":{"cell":"571_-147","r7":22.1,"r14":79.2,"rmax24":17.6}},{"type":"Feature","geometry":{"type":"Polygon","coordinates":[[[142.75,-36.5],[143.0,-36.5],[143.0,-36.25],[142.75,-36.25],[142.75,-36.5]]]},"properties":{"cell":"571_-146","r7":22.8,"r14":74.6,"rmax24":16.7}},{"type":"Feature","geometry":{"type":"Polygon","coordinates":[[[142.75,-31.75],[143.0,-31.75],[143.0,-31.5],[142.75,-31.5],[142.75,-31.75]]]},"properties":{"cell":"571_-127","r7":13.1,"r14":25.6,"rmax24":8.6}},{"type":"Feature","geometry":{"type":"Polygon","coordinates":[[[142.75,-31.5],[143.0,-31.5],[143.0,-31.25],[142.75,-31.25],[142.75,-31.5]]]},"properties":{"cell":"571_-126","r7":12.4,"r14":24.6,"rmax24":7.8}},{"type":"Feature","geometry":{"type":"Polygon","coordinates":[[[142.75,-31.25],[143.0,-31.25],[143.0,-31.0],[142.75,-31.0],[142.75,-31.25]]]},"properties":{"cell":"571_-125","r7":8.8,"r14":21.7,"rmax24":5.6}},{"type":"Feature","geometry":{"type":"Polygon","coordinates":[[[142.75,-14.25],[143.0,-14.25],[143.0,-14.0],[142.75,-14.0],[142.75,-14.25]]]},"properties":{"cell":"571_-57","r7":1.8,"r14":1.8,"rmax24":1.7}},{"type":"Feature","geometry":{"type":"Polygon","coordinates":[[[142.75,-14.0],[143.0,-14.0],[143.0,-13.75],[142.75,-13.75],[142.75,-14.0]]]},"properties":{"cell":"571_-56","r7":2.8,"r14":2.8,"rmax24":2.7}},{"type":"Feature","geometry":{"type":"Polygon","coordinates":[[[142.75,-13.75],[143.0,-13.75],[143.0,-13.5],[142.75,-13.5],[142.75,-13.75]]]},"properties":{"cell":"571_-55","r7":1.3,"r14":1.3,"rmax24":1.1}},{"type":"Feature","geometry":{"type":"Polygon","coordinates":[[[143.0,-37.75],[143.25,-37.75],[143.25,-37.5],[143.0,-37.5],[143.0,-37.75]]]},"properties":{"cell":"572_-151","r7":9.0,"r14":26.0,"rmax24":4.0}},{"type":"Feature","geometry":{"type":"Polygon","coordinates":[[[143.0,-37.5],[143.25,-37.5],[143.25,-37.25],[143.0,-37.25],[143.0,-37.5]]]},"properties":{"cell":"572_-150","r7":15.2,"r14":41.0,"rmax24":7.7}},{"type":"Feature","geometry":{"type":"Polygon","coordinates":[[[143.0,-37.25],[143.25,-37.25],[143.25,-37.0],[143.0,-37.0],[143.0,-37.25]]]},"properties":{"cell":"572_-149","r7":21.4,"r14":66.4,"rmax24":10.9}},{"type":"Feature","geometry":{"type":"Polygon","coordinates":[[[143.0,-37.0],[143.25,-37.0],[143.25,-36.75],[143.0,-36.75],[143.0,-37.0]]]},"properties":{"cell":"572_-148","r7":26.6,"r14":82.3,"rmax24":18.0}},{"type":"Feature","geometry":{"type":"Polygon","coordinates":[[[143.0,-36.75],[143.25,-36.75],[143.25,-36.5],[143.0,-36.5],[143.0,-36.75]]]},"properties":{"cell":"572_-147","r7":29.4,"r14":87.9,"rmax24":21.2}},{"type":"Feature","geometry":{"type":"Polygon","coordinates":[[[143.0,-36.5],[143.25,-36.5],[143.25,-36.25],[143.0,-36.25],[143.0,-36.5]]]},"properties":{"cell":"572_-146","r7":19.7,"r14":74.1,"rmax24":10.6}},{"type":"Feature","geometry":{"type":"Polygon","coordinates":[[[143.0,-15.5],[143.25,-15.5],[143.25,-15.25],[143.0,-15.25],[143.0,-15.5]]]},"properties":{"cell":"572_-62","r7":0.8,"r14":0.8,"rmax24":0.8}},{"type":"Feature","geometry":{"type":"Polygon","coordinates":[[[143.0,-14.25],[143.25,-14.25],[143.25,-14.0],[143.0,-14.0],[143.0,-14.25]]]},"properties":{"cell":"572_-57","r7":1.7,"r14":2.1,"rmax24":1.0}},{"type":"Feature","geometry":{"type":"Polygon","coordinates":[[[143.0,-14.0],[143.25,-14.0],[143.25,-13.75],[143.0,-13.75],[143.0,-14.0]]]},"properties":{"cell":"572_-56","r7":2.8,"r14":3.1,"rmax24":1.1}},{"type":"Feature","geometry":{"type":"Polygon","coordinates":[[[143.0,-13.75],[143.25,-13.75],[143.25,-13.5],[143.0,-13.5],[143.0,-13.75]]]},"properties":{"cell":"572_-55","r7":1.9,"r14":1.9,"rmax24":1.0}},{"type":"Feature","geometry":{"type":"Polygon","coordinates":[[[143.25,-38.25],[143.5,-38.25],[143.5,-38.0],[143.25,-38.0],[143.25,-38.25]]]},"properties":{"cell":"573_-153","r7":7.2,"r14":29.8,"rmax24":3.4}},{"type":"Feature","geometry":{"type":"Polygon","coordinates":[[[143.25,-38.0],[143.5,-38.0],[143.5,-37.75],[143.25,-37.75],[143.25,-38.0]]]},"properties":{"cell":"573_-152","r7":7.4,"r14":29.7,"rmax24":2.9}},{"type":"Feature","geometry":{"type":"Polygon","coordinates":[[[143.25,-37.75],[143.5,-37.75],[143.5,-37.5],[143.25,-37.5],[143.25,-37.75]]]},"properties":{"cell":"573_-151","r7":11.0,"r14":37.3,"rmax24":5.2}},{"type":"Feature","geometry":{"type":"Polygon","coordinates":[[[143.25,-37.5],[143.5,-37.5],[143.5,-37.25],[143.25,-37.25],[143.25,-37.5]]]},"properties":{"cell":"573_-150","r7":22.3,"r14":71.8,"rmax24":12.5}},{"type":"Feature","geometry":{"type":"Polygon","coordinates":[[[143.25,-37.25],[143.5,-37.25],[143.5,-37.0],[143.25,-37.0],[143.25,-37.25]]]},"properties":{"cell":"573_-149","r7":28.9,"r14":82.0,"rmax24":15.2}},{"type":"Feature","geometry":{"type":"Polygon","coordinates":[[[143.25,-37.0],[143.5,-37.0],[143.5,-36.75],[143.25,-36.75],[143.25,-37.0]]]},"properties":{"cell":"573_-148","r7":27.2,"r14":86.7,"rmax24":17.1}},{"type":"Feature","geometry":{"type":"Polygon","coordinates":[[[143.25,-36.75],[143.5,-36.75],[143.5,-36.5],[143.25,-36.5],[143.25,-36.75]]]},"properties":{"cell":"573_-147","r7":22.4,"r14":80.1,"rmax24":11.3}},{"type":"Feature","geometry":{"type":"Polygon","coordinates":[[[143.25,-36.5],[143.5,-36.5],[143.5,-36.25],[143.25,-36.25],[143.25,-36.5]]]},"properties":{"cell":"573_-146","r7":22.9,"r14":79.0,"rmax24":11.0}},{"type":"Feature","geometry":{"type":"Polygon","coordinates":[[[143.25,-36.25],[143.5,-36.25],[143.5,-36.0],[143.25,-36.0],[143.25,-36.25]]]},"properties":{"cell":"573_-145","r7":22.0,"r14":68.0,"rmax24":11.0}},{"type":"Feature","geometry":{"type":"Polygon","coordinates":[[[143.25,-15.75],[143.5,-15.75],[143.5,-15.5],[143.25,-15.5],[143.25,-15.75]]]},"properties":{"cell":"573_-63","r7":1.4,"r14":1.4,"rmax24":1.0}},{"type":"Feature","geometry":{"type":"Polygon","coordinates":[[[143.25,-15.5],[143.5,-15.5],[143.5,-15.25],[143.25,-15.25],[143.25,-15.5]]]},"properties":{"cell":"573_-62","r7":1.3,"r14":1.3,"rmax24":0.7}},{"type":"Feature","geometry":{"type":"Polygon","coordinates":[[[143.25,-14.25],[143.5,-14.25],[143.5,-14.0],[143.25,-14.0],[143.25,-14.25]]]},"properties":{"cell":"573_-57","r7":9.0,"r14":9.2,"rmax24":3.3}},{"type":"Feature","geometry":{"type":"Polygon","coordinates":[[[143.25,-14.0],[143.5,-14.0],[143.5,-13.75],[143.25,-13.75],[143.25,-14.0]]]},"properties":{"cell":"573_-56","r7":18.7,"r14":21.4,"rmax24":6.7}},{"type":"Feature","geometry":{"type":"Polygon","coordinates":[[[143.25,-13.75],[143.5,-13.75],[143.5,-13.5],[143.25,-13.5],[143.25,-13.75]]]},"properties":{"cell":"573_-55","r7":22.7,"r14":24.9,"rmax24":7.0}},{"type":"Feature","geometry":{"type":"Polygon","coordinates":[[[143.5,-38.25],[143.75,-38.25],[143.75,-38.0],[143.5,-38.0],[143.5,-38.25]]]},"properties":{"cell":"574_-153","r7":10.9,"r14":32.0,"rmax24":6.5}},{"type":"Feature","geometry":{"type":"Polygon","coordinates":[[[143.5,-38.0],[143.75,-38.0],[143.75,-37.75],[143.5,-37.75],[143.5,-38.0]]]},"properties":{"cell":"574_-152","r7":11.0,"r14":28.8,"rmax24":7.6}},{"type":"Feature","geometry":{"type":"Polygon","coordinates":[[[143.5,-37.75],[143.75,-37.75],[143.75,-37.5],[143.5,-37.5],[143.5,-37.75]]]},"properties":{"cell":"574_-151","r7":18.4,"r14":56.8,"rmax24":10.8}},{"type":"Feature","geometry":{"type":"Polygon","coordinates":[[[143.5,-37.5],[143.75,-37.5],[143.75,-37.25],[143.5,-37.25],[143.5,-37.5]]]},"properties":{"cell":"574_-150","r7":27.7,"r14":80.6,"rmax24":13.9}},{"type":"Feature","geometry":{"type":"Polygon","coordinates":[[[143.5,-37.25],[143.75,-37.25],[143.75,-37.0],[143.5,-37.0],[143.5,-37.25]]]},"properties":{"cell":"574_-149","r7":34.8,"r14":84.8,"rmax24":20.7}},{"type":"Feature","geometry":{"type":"Polygon","coordinates":[[[143.5,-37.0],[143.75,-37.0],[143.75,-36.75],[143.5,-36.75],[143.5,-37.0]]]},"properties":{"cell":"574_-148","r7":24.2,"r14":89.2,"rmax24":12.6}},{"type":"Feature","geometry":{"type":"Polygon","coordinates":[[[143.5,-36.75],[143.75,-36.75],[143.75,-36.5],[143.5,-36.5],[143.5,-36.75]]]},"properties":{"cell":"574_-147","r7":19.5,"r14":83.0,"rmax24":10.3}},{"type":"Feature","geometry":{"type":"Polygon","coordinates":[[[143.5,-36.5],[143.75,-36.5],[143.75,-36.25],[143.5,-36.25],[143.5,-36.5]]]},"properties":{"cell":"574_-146","r7":26.1,"r14":91.1,"rmax24":15.5}},{"type":"Feature","geometry":{"type":"Polygon","coordinates":[[[143.5,-36.25],[143.75,-36.25],[143.75,-36.0],[143.5,-36.0],[143.5,-36.25]]]},"properties":{"cell":"574_-145","r7":29.0,"r14":77.8,"rmax24":21.1}},{"type":"Feature","geometry":{"type":"Polygon","coordinates":[[[143.5,-15.25],[143.75,-15.25],[143.75,-15.0],[143.5,-15.0],[143.5,-15.25]]]},"properties":{"cell":"574_-61","r7":0.7,"r14":0.7,"rmax24":0.7}},{"type":"Feature","geometry":{"type":"Polygon","coordinates":[[[143.75,-38.25],[144.0,-38.25],[144.0,-38.0],[143.75,-38.0],[143.75,-38.25]]]},"properties":{"cell":"575_-153","r7":15.3,"r14":33.8,"rmax24":9.8}},{"type":"Feature","geometry":{"type":"Polygon","coordinates":[[[143.75,-38.0],[144.0,-38.0],[144.0,-37.75],[143.75,-37.75],[143.75,-38.0]]]},"properties":{"cell":"575_-152","r7":11.9,"r14":41.2,"rmax24":8.3}},{"type":"Feature","geometry":{"type":"Polygon","coordinates":[[[143.75,-37.75],[144.0,-37.75],[144.0,-37.5],[143.75,-37.5],[143.75,-37.75]]]},"properties":{"cell":"575_-151","r7":13.6,"r14":56.2,"rmax24":6.7}},{"type":"Feature","geometry":{"type":"Polygon","coordinates":[[[143.75,-37.5],[144.0,-37.5],[144.0,-37.25],[143.75,-37.25],[143.75,-37.5]]]},"properties":{"cell":"575_-150","r7":25.8,"r14":81.1,"rmax24":15.7}},{"type":"Feature","geometry":{"type":"Polygon","coordinates":[[[143.75,-37.25],[144.0,-37.25],[144.0,-37.0],[143.75,-37.0],[143.75,-37.25]]]},"properties":{"cell":"575_-149","r7":23.7,"r14":87.3,"rmax24":14.2}},{"type":"Feature","geometry":{"type":"Polygon","coordinates":[[[143.75,-37.0],[144.0,-37.0],[144.0,-36.75],[143.75,-36.75],[143.75,-37.0]]]},"properties":{"cell":"575_-148","r7":20.7,"r14":93.3,"rmax24":12.0}},{"type":"Feature","geometry":{"type":"Polygon","coordinates":[[[143.75,-36.75],[144.0,-36.75],[144.0,-36.5],[143.75,-36.5],[143.75,-36.75]]]},"properties":{"cell":"575_-147","r7":24.8,"r14":91.6,"rmax24":13.5}},{"type":"Feature","geometry":{"type":"Polygon","coordinates":[[[143.75,-36.5],[144.0,-36.5],[144.0,-36.25],[143.75,-36.25],[143.75,-36.5]]]},"properties":{"cell":"575_-146","r7":21.3,"r14":75.0,"rmax24":10.9}},{"type":"Feature","geometry":{"type":"Polygon","coordinates":[[[143.75,-36.25],[144.0,-36.25],[144.0,-36.0],[143.75,-36.0],[143.75,-36.25]]]},"properties":{"cell":"575_-145","r7":18.6,"r14":61.8,"rmax24":11.8}},{"type":"Feature","geometry":{"type":"Polygon","coordinates":[[[143.75,-36.0],[144.0,-36.0],[144.0,-35.75],[143.75,-35.75],[143.75,-36.0]]]},"properties":{"cell":"575_-144","r7":18.4,"r14":55.6,"rmax24":12.1}},{"type":"Feature","geometry":{"type":"Polygon","coordinates":[[[144.0,-38.0],[144.25,-38.0],[144.25,-37.75],[144.0,-37.75],[144.0,-38.0]]]},"properties":{"cell":"576_-152","r7":11.4,"r14":44.5,"rmax24":7.6}},{"type":"Feature","geometry":{"type":"Polygon","coordinates":[[[144.0,-37.75],[144.25,-37.75],[144.25,-37.5],[144.0,-37.5],[144.0,-37.75]]]},"properties":{"cell":"576_-151","r7":15.8,"r14":56.6,"rmax24":7.0}},{"type":"Feature","geometry":{"type":"Polygon","coordinates":[[[144.0,-37.5],[144.25,-37.5],[144.25,-37.25],[144.0,-37.25],[144.0,-37.5]]]},"properties":{"cell":"576_-150","r7":30.8,"r14":98.9,"rmax24":17.9}},{"type":"Feature","geometry":{"type":"Polygon","coordinates":[[[144.0,-37.25],[144.25,-37.25],[144.25,-37.0],[144.0,-37.0],[144.0,-37.25]]]},"properties":{"cell":"576_-149","r7":24.9,"r14":81.8,"rmax24":12.6}},{"type":"Feature","geometry":{"type":"Polygon","coordinates":[[[144.0,-37.0],[144.25,-37.0],[144.25,-36.75],[144.0,-36.75],[144.0,-37.0]]]},"properties":{"cell":"576_-148","r7":31.3,"r14":96.6,"rmax24":17.5}},{"type":"Feature","geometry":{"type":"Polygon","coordinates":[[[144.0,-36.75],[144.25,-36.75],[144.25,-36.5],[144.0,-36.5],[144.0,-36.75]]]},"properties":{"cell":"576_-147","r7":35.1,"r14":94.0,"rmax24":21.6}},{"type":"Feature","geometry":{"type":"Polygon","coordinates":[[[144.0,-36.5],[144.25,-36.5],[144.25,-36.25],[144.0,-36.25],[144.0,-36.5]]]},"properties":{"cell":"576_-146","r7":28.4,"r14":72.8,"rmax24":17.3}},{"type":"Feature","geometry":{"type":"Polygon","coordinates":[[[144.0,-36.25],[144.25,-36.25],[144.25,-36.0],[144.0,-36.0],[144.0,-36.25]]]},"properties":{"cell":"576_-145","r7":28.9,"r14":68.5,"rmax24":16.9}},{"type":"Feature","geometry":{"type":"Polygon","coordinates":[[[144.0,-36.0],[144.25,-36.0],[144.25,-35.75],[144.0,-35.75],[144.0,-36.0]]]},"properties":{"cell":"576_-144","r7":21.7,"r14":55.3,"rmax24":11.0}},{"type":"Feature","geometry":{"type":"Polygon","coordinates":[[[144.0,-16.0],[144.25,-16.0],[144.25,-15.75],[144.0,-15.75],[144.0,-16.0]]]},"properties":{"cell":"576_-64","r7":1.3,"r14":1.3,"rmax24":0.7}},{"type":"Feature","geometry":{"type":"Polygon","coordinates":[[[144.25,-37.75],[144.5,-37.75],[144.5,-37.5],[144.25,-37.5],[144.25,-37.75]]]},"properties":{"cell":"577_-151","r7":13.7,"r14":56.4,"rmax24":6.8}},{"type":"Feature","geometry":{"type":"Polygon","coordinates":[[[144.25,-37.5],[144.5,-37.5],[144.5,-37.25],[144.25,-37.25],[144.25,-37.5]]]},"properties":{"cell":"577_-150","r7":24.2,"r14":82.9,"rmax24":13.3}},{"type":"Feature","geometry":{"type":"Polygon","coordinates":[[[144.25,-37.25],[144.5,-37.25],[144.5,-37.0],[144.25,-37.0],[144.25,-37.25]]]},"properties":{"cell":"577_-149","r7":26.7,"r14":82.8,"rmax24":14.8}},{"type":"Feature","geometry":{"type":"Polygon","coordinates":[[[144.25,-37.0],[144.5,-37.0],[144.5,-36.75],[144.25,-36.75],[144.25,-37.0]]]},"properties":{"cell":"577_-148","r7":31.5,"r14":93.0,"rmax24":19.2}},{"type":"Feature","geometry":{"type":"Polygon","coordinates":[[[144.25,-36.75],[144.5,-36.75],[144.5,-36.5],[144.25,-36.5],[144.25,-36.75]]]},"properties":{"cell":"577_-147","r7":33.3,"r14":84.0,"rmax24":21.2}},{"type":"Feature","geometry":{"type":"Polygon","coordinates":[[[144.25,-36.5],[144.5,-36.5],[144.5,-36.25],[144.25,-36.25],[144.25,-36.5]]]},"properties":{"cell":"577_-146","r7":37.6,"r14":81.6,"rmax24":21.6}},{"type":"Feature","geometry":{"type":"Polygon","coordinates":[[[144.25,-36.25],[144.5,-36.25],[144.5,-36.0],[144.25,-36.0],[144.25,-36.25]]]},"properties":{"cell":"577_-145","r7":25.1,"r14":62.2,"rmax24":18.2}},{"type":"Feature","geometry":{"type":"Polygon","coordinates":[[[144.25,-36.0],[144.5,-36.0],[144.5,-35.75],[144.25,-35.75],[144.25,-36.0]]]},"properties":{"cell":"577_-144","r7":23.5,"r14":59.7,"rmax24":14.4}},{"type":"Feature","geometry":{"type":"Polygon","coordinates":[[[144.25,-19.0],[144.5,-19.0],[144.5,-18.75],[144.25,-18.75],[144.25,-19.0]]]},"properties":{"cell":"577_-76","r7":2.8,"r14":2.8,"rmax24":2.8}},{"type":"Feature","geometry":{"type":"Polygon","coordinates":[[[144.25,-18.75],[144.5,-18.75],[144.5,-18.5],[144.25,-18.5],[144.25,-18.75]]]},"properties":{"cell":"577_-75","r7":2.3,"r14":2.3,"rmax24":2.3}},{"type":"Feature","geometry":{"type":"Polygon","coordinates":[[[144.25,-18.5],[144.5,-18.5],[144.5,-18.25],[144.25,-18.25],[144.25,-18.5]]]},"properties":{"cell":"577_-74","r7":5.3,"r14":5.3,"rmax24":5.3}},{"type":"Feature","geometry":{"type":"Polygon","coordinates":[[[144.25,-18.25],[144.5,-18.25],[144.5,-18.0],[144.25,-18.0],[144.25,-18.25]]]},"properties":{"cell":"577_-73","r7":1.0,"r14":1.0,"rmax24":1.0}},{"type":"Feature","geometry":{"type":"Polygon","coordinates":[[[144.25,-18.0],[144.5,-18.0],[144.5,-17.75],[144.25,-17.75],[144.25,-18.0]]]},"properties":{"cell":"577_-72","r7":0.8,"r14":0.8,"rmax24":0.8}},{"type":"Feature","geometry":{"type":"Polygon","coordinates":[[[144.25,-17.75],[144.5,-17.75],[144.5,-17.5],[144.25,-17.5],[144.25,-17.75]]]},"properties":{"cell":"577_-71","r7":0.8,"r14":0.8,"rmax24":0.8}},{"type":"Feature","geometry":{"type":"Polygon","coordinates":[[[144.25,-17.0],[144.5,-17.0],[144.5,-16.75],[144.25,-16.75],[144.25,-17.0]]]},"properties":{"cell":"577_-68","r7":1.1,"r14":1.1,"rmax24":1.1}},{"type":"Feature","geometry":{"type":"Polygon","coordinates":[[[144.25,-16.5],[144.5,-16.5],[144.5,-16.25],[144.25,-16.25],[144.25,-16.5]]]},"properties":{"cell":"577_-66","r7":1.1,"r14":1.1,"rmax24":1.0}},{"type":"Feature","geometry":{"type":"Polygon","coordinates":[[[144.25,-16.25],[144.5,-16.25],[144.5,-16.0],[144.25,-16.0],[144.25,-16.25]]]},"properties":{"cell":"577_-65","r7":0.7,"r14":0.7,"rmax24":0.3}},{"type":"Feature","geometry":{"type":"Polygon","coordinates":[[[144.25,-16.0],[144.5,-16.0],[144.5,-15.75],[144.25,-15.75],[144.25,-16.0]]]},"properties":{"cell":"577_-64","r7":1.2,"r14":1.2,"rmax24":0.6}},{"type":"Feature","geometry":{"type":"Polygon","coordinates":[[[144.5,-37.75],[144.75,-37.75],[144.75,-37.5],[144.5,-37.5],[144.5,-37.75]]]},"properties":{"cell":"578_-151","r7":11.7,"r14":59.7,"rmax24":7.2}},{"type":"Feature","geometry":{"type":"Polygon","coordinates":[[[144.5,-37.5],[144.75,-37.5],[144.75,-37.25],[144.5,-37.25],[144.5,-37.5]]]},"properties":{"cell":"578_-150","r7":19.8,"r14":73.0,"rmax24":10.7}},{"type":"Feature","geometry":{"type":"Polygon","coordinates":[[[144.5,-37.25],[144.75,-37.25],[144.75,-37.0],[144.5,-37.0],[144.5,-37.25]]]},"properties":{"cell":"578_-149","r7":31.1,"r14":93.7,"rmax24":21.9}},{"type":"Feature","geometry":{"type":"Polygon","coordinates":[[[144.5,-37.0],[144.75,-37.0],[144.75,-36.75],[144.5,-36.75],[144.5,-37.0]]]},"properties":{"cell":"578_-148","r7":33.9,"r14":81.2,"rmax24":24.5}},{"type":"Feature","geometry":{"type":"Polygon","coordinates":[[[144.5,-36.75],[144.75,-36.75],[144.75,-36.5],[144.5,-36.5],[144.5,-36.75]]]},"properties":{"cell":"578_-147","r7":29.2,"r14":75.1,"rmax24":22.3}},{"type":"Feature","geometry":{"type":"Polygon","coordinates":[[[144.5,-36.5],[144.75,-36.5],[144.75,-36.25],[144.5,-36.25],[144.5,-36.5]]]},"properties":{"cell":"578_-146","r7":23.0,"r14":62.9,"rmax24":14.9}},{"type":"Feature","geometry":{"type":"Polygon","coordinates":[[[144.5,-36.25],[144.75,-36.25],[144.75,-36.0],[144.5,-36.0],[144.5,-36.25]]]},"properties":{"cell":"578_-145","r7":29.1,"r14":66.0,"rmax24":23.1}},{"type":"Feature","geometry":{"type":"Polygon","coordinates":[[[144.5,-19.25],[144.75,-19.25],[144.75,-19.0],[144.5,-19.0],[144.5,-19.25]]]},"properties":{"cell":"578_-77","r7":0.8,"r14":0.8,"rmax24":0.8}},{"type":"Feature","geometry":{"type":"Polygon","coordinates":[[[144.5,-19.0],[144.75,-19.0],[144.75,-18.75],[144.5,-18.75],[144.5,-19.0]]]},"properties":{"cell":"578_-76","r7":1.8,"r14":1.8,"rmax24":1.8}},{"type":"Feature","geometry":{"type":"Polygon","coordinates":[[[144.5,-18.75],[144.75,-18.75],[144.75,-18.5],[144.5,-18.5],[144.5,-18.75]]]},"properties":{"cell":"578_-75","r7":1.0,"r14":1.0,"rmax24":0.9}},{"type":"Feature","geometry":{"type":"Polygon","coordinates":[[[144.5,-18.25],[144.75,-18.25],[144.75,-18.0],[144.5,-18.0],[144.5,-18.25]]]},"properties":{"cell":"578_-73","r7":1.0,"r14":1.0,"rmax24":1.0}},{"type":"Feature","geometry":{"type":"Polygon","coordinates":[[[144.5,-18.0],[144.75,-18.0],[144.75,-17.75],[144.5,-17.75],[144.5,-18.0]]]},"properties":{"cell":"578_-72","r7":1.4,"r14":1.4,"rmax24":1.4}},{"type":"Feature","geometry":{"type":"Polygon","coordinates":[[[144.5,-17.75],[144.75,-17.75],[144.75,-17.5],[144.5,-17.5],[144.5,-17.75]]]},"properties":{"cell":"578_-71","r7":0.8,"r14":0.8,"rmax24":0.8}},{"type":"Feature","geometry":{"type":"Polygon","coordinates":[[[144.5,-17.5],[144.75,-17.5],[144.75,-17.25],[144.5,-17.25],[144.5,-17.5]]]},"properties":{"cell":"578_-70","r7":0.8,"r14":0.8,"rmax24":0.8}},{"type":"Feature","geometry":{"type":"Polygon","coordinates":[[[144.5,-17.25],[144.75,-17.25],[144.75,-17.0],[144.5,-17.0],[144.5,-17.25]]]},"properties":{"cell":"578_-69","r7":0.8,"r14":0.8,"rmax24":0.8}},{"type":"Feature","geometry":{"type":"Polygon","coordinates":[[[144.5,-17.0],[144.75,-17.0],[144.75,-16.75],[144.5,-16.75],[144.5,-17.0]]]},"properties":{"cell":"578_-68","r7":0.6,"r14":0.6,"rmax24":0.4}},{"type":"Feature","geometry":{"type":"Polygon","coordinates":[[[144.5,-16.75],[144.75,-16.75],[144.75,-16.5],[144.5,-16.5],[144.5,-16.75]]]},"properties":{"cell":"578_-67","r7":0.6,"r14":0.6,"rmax24":0.4}},{"type":"Feature","geometry":{"type":"Polygon","coordinates":[[[144.5,-16.25],[144.75,-16.25],[144.75,-16.0],[144.5,-16.0],[144.5,-16.25]]]},"properties":{"cell":"578_-65","r7":2.7,"r14":2.7,"rmax24":0.9}},{"type":"Feature","geometry":{"type":"Polygon","coordinates":[[[144.5,-16.0],[144.75,-16.0],[144.75,-15.75],[144.5,-15.75],[144.5,-16.0]]]},"properties":{"cell":"578_-64","r7":1.0,"r14":1.0,"rmax24":0.4}},{"type":"Feature","geometry":{"type":"Polygon","coordinates":[[[144.75,-37.75],[145.0,-37.75],[145.0,-37.5],[144.75,-37.5],[144.75,-37.75]]]},"properties":{"cell":"579_-151","r7":16.3,"r14":60.3,"rmax24":10.8}},{"type":"Feature","geometry":{"type":"Polygon","coordinates":[[[144.75,-37.5],[145.0,-37.5],[145.0,-37.25],[144.75,-37.25],[144.75,-37.5]]]},"properties":{"cell":"579_-150","r7":22.4,"r14":75.0,"rmax24":13.9}},{"type":"Feature","geometry":{"type":"Polygon","coordinates":[[[144.75,-37.25],[145.0,-37.25],[145.0,-37.0],[144.75,-37.0],[144.75,-37.25]]]},"properties":{"cell":"579_-149","r7":33.0,"r14":94.8,"rmax24":20.9}},{"type":"Feature","geometry":{"type":"Polygon","coordinates":[[[144.75,-37.0],[145.0,-37.0],[145.0,-36.75],[144.75,-36.75],[144.75,-37.0]]]},"properties":{"cell":"579_-148","r7":29.6,"r14":83.0,"rmax24":20.6}},{"type":"Feature","geometry":{"type":"Polygon","coordinates":[[[144.75,-36.75],[145.0,-36.75],[145.0,-36.5],[144.75,-36.5],[144.75,-36.75]]]},"properties":{"cell":"579_-147","r7":19.5,"r14":66.1,"rmax24":14.6}},{"type":"Feature","geometry":{"type":"Polygon","coordinates":[[[144.75,-36.5],[145.0,-36.5],[145.0,-36.25],[144.75,-36.25],[144.75,-36.5]]]},"properties":{"cell":"579_-146","r7":24.9,"r14":65.4,"rmax24":21.6}},{"type":"Feature","geometry":{"type":"Polygon","coordinates":[[[144.75,-36.25],[145.0,-36.25],[145.0,-36.0],[144.75,-36.0],[144.75,-36.25]]]},"properties":{"cell":"579_-145","r7":22.0,"r14":62.7,"rmax24":20.2}},{"type":"Feature","geometry":{"type":"Polygon","coordinates":[[[144.75,-19.5],[145.0,-19.5],[145.0,-19.25],[144.75,-19.25],[144.75,-19.5]]]},"properties":{"cell":"579_-78","r7":0.9,"r14":0.9,"rmax24":0.9}},{"type":"Feature","geometry":{"type":"Polygon","coordinates":[[[144.75,-19.25],[145.0,-19.25],[145.0,-19.0],[144.75,-19.0],[144.75,-19.25]]]},"properties":{"cell":"579_-77","r7":4.0,"r14":4.0,"rmax24":4.0}},{"type":"Feature","geometry":{"type":"Polygon","coordinates":[[[144.75,-19.0],[145.0,-19.0],[145.0,-18.75],[144.75,-18.75],[144.75,-19.0]]]},"properties":{"cell":"579_-76","r7":1.6,"r14":1.6,"rmax24":1.5}},{"type":"Feature","geometry":{"type":"Polygon","coordinates":[[[144.75,-18.75],[145.0,-18.75],[145.0,-18.5],[144.75,-18.5],[144.75,-18.75]]]},"properties":{"cell":"579_-75","r7":1.4,"r14":1.4,"rmax24":1.3}},{"type":"Feature","geometry":{"type":"Polygon","coordinates":[[[144.75,-18.0],[145.0,-18.0],[145.0,-17.75],[144.75,-17.75],[144.75,-18.0]]]},"properties":{"cell":"579_-72","r7":3.4,"r14":3.4,"rmax24":2.3}},{"type":"Feature","geometry":{"type":"Polygon","coordinates":[[[144.75,-17.75],[145.0,-17.75],[145.0,-17.5],[144.75,-17.5],[144.75,-17.75]]]},"properties":{"cell":"579_-71","r7":0.8,"r14":0.8,"rmax24":0.8}},{"type":"Feature","geometry":{"type":"Polygon","coordinates":[[[144.75,-17.5],[145.0,-17.5],[145.0,-17.25],[144.75,-17.25],[144.75,-17.5]]]},"properties":{"cell":"579_-70","r7":1.5,"r14":1.5,"rmax24":1.2}},{"type":"Feature","geometry":{"type":"Polygon","coordinates":[[[144.75,-17.25],[145.0,-17.25],[145.0,-17.0],[144.75,-17.0],[144.75,-17.25]]]},"properties":{"cell":"579_-69","r7":1.6,"r14":1.6,"rmax24":1.2}},{"type":"Feature","geometry":{"type":"Polygon","coordinates":[[[144.75,-17.0],[145.0,-17.0],[145.0,-16.75],[144.75,-16.75],[144.75,-17.0]]]},"properties":{"cell":"579_-68","r7":2.4,"r14":2.4,"rmax24":1.0}},{"type":"Feature","geometry":{"type":"Polygon","coordinates":[[[144.75,-16.75],[145.0,-16.75],[145.0,-16.5],[144.75,-16.5],[144.75,-16.75]]]},"properties":{"cell":"579_-67","r7":1.0,"r14":1.0,"rmax24":0.5}},{"type":"Feature","geometry":{"type":"Polygon","coordinates":[[[144.75,-16.5],[145.0,-16.5],[145.0,-16.25],[144.75,-16.25],[144.75,-16.5]]]},"properties":{"cell":"579_-66","r7":1.1,"r14":1.1,"rmax24":0.9}},{"type":"Feature","geometry":{"type":"Polygon","coordinates":[[[145.0,-42.5],[145.25,-42.5],[145.25,-42.25],[145.0,-42.25],[145.0,-42.5]]]},"properties":{"cell":"580_-170","r7":32.3,"r14":79.1,"rmax24":24.2}},{"type":"Feature","geometry":{"type":"Polygon","coordinates":[[[145.0,-42.25],[145.25,-42.25],[145.25,-42.0],[145.0,-42.0],[145.0,-42.25]]]},"properties":{"cell":"580_-169","r7":27.3,"r14":68.0,"rmax24":17.0}},{"type":"Feature","geometry":{"type":"Polygon","coordinates":[[[145.0,-42.0],[145.25,-42.0],[145.25,-41.75],[145.0,-41.75],[145.0,-42.0]]]},"properties":{"cell":"580_-168","r7":31.5,"r14":85.1,"rmax24":17.1}},{"type":"Feature","geometry":{"type":"Polygon","coordinates":[[[145.0,-41.75],[145.25,-41.75],[145.25,-41.5],[145.0,-41.5],[145.0,-41.75]]]},"properties":{"cell":"580_-167","r7":29.4,"r14":70.4,"rmax24":15.8}},{"type":"Feature","geometry":{"type":"Polygon","coordinates":[[[145.0,-41.5],[145.25,-41.5],[145.25,-41.25],[145.0,-41.25],[145.0,-41.5]]]},"properties":{"cell":"580_-166","r7":44.7,"r14":90.6,"rmax24":29.9}},{"type":"Feature","geometry":{"type":"Polygon","coordinates":[[[145.0,-37.75],[145.25,-37.75],[145.25,-37.5],[145.0,-37.5],[145.0,-37.75]]]},"properties":{"cell":"580_-151","r7":17.8,"r14":55.7,"rmax24":12.5}},{"type":"Feature","geometry":{"type":"Polygon","coordinates":[[[145.0,-37.5],[145.25,-37.5],[145.25,-37.25],[145.0,-37.25],[145.0,-37.5]]]},"properties":{"cell":"580_-150","r7":20.1,"r14":74.6,"rmax24":13.6}},{"type":"Feature","geometry":{"type":"Polygon","coordinates":[[[145.0,-37.25],[145.25,-37.25],[145.25,-37.0],[145.0,-37.0],[145.0,-37.25]]]},"properties":{"cell":"580_-149","r7":25.4,"r14":75.8,"rmax24":18.5}},{"type":"Feature","geometry":{"type":"Polygon","coordinates":[[[145.0,-37.0],[145.25,-37.0],[145.25,-36.75],[145.0,-36.75],[145.0,-37.0]]]},"properties":{"cell":"580_-148","r7":28.3,"r14":77.1,"rmax24":20.5}},{"type":"Feature","geometry":{"type":"Polygon","coordinates":[[[145.0,-36.75],[145.25,-36.75],[145.25,-36.5],[145.0,-36.5],[145.0,-36.75]]]},"properties":{"cell":"580_-147","r7":20.8,"r14":67.1,"rmax24":17.1}},{"type":"Feature","geometry":{"type":"Polygon","coordinates":[[[145.0,-36.5],[145.25,-36.5],[145.25,-36.25],[145.0,-36.25],[145.0,-36.5]]]},"properties":{"cell":"580_-146","r7":21.8,"r14":65.4,"rmax24":19.4}},{"type":"Feature","geometry":{"type":"Polygon","coordinates":[[[145.0,-19.75],[145.25,-19.75],[145.25,-19.5],[145.0,-19.5],[145.0,-19.75]]]},"properties":{"cell":"580_-79","r7":2.0,"r14":2.0,"rmax24":2.0}},{"type":"Feature","geometry":{"type":"Polygon","coordinates":[[[145.0,-19.5],[145.25,-19.5],[145.25,-19.25],[145.0,-19.25],[145.0,-19.5]]]},"properties":{"cell":"580_-78","r7":1.6,"r14":1.6,"rmax24":1.6}},{"type":"Feature","geometry":{"type":"Polygon","coordinates":[[[145.0,-19.25],[145.25,-19.25],[145.25,-19.0],[145.0,-19.0],[145.0,-19.25]]]},"properties":{"cell":"580_-77","r7":2.1,"r14":2.1,"rmax24":2.1}},{"type":"Feature","geometry":{"type":"Polygon","coordinates":[[[145.0,-19.0],[145.25,-19.0],[145.25,-18.75],[145.0,-18.75],[145.0,-19.0]]]},"properties":{"cell":"580_-76","r7":1.4,"r14":1.4,"rmax24":1.0}},{"type":"Feature","geometry":{"type":"Polygon","coordinates":[[[145.0,-18.75],[145.25,-18.75],[145.25,-18.5],[145.0,-18.5],[145.0,-18.75]]]},"properties":{"cell":"580_-75","r7":2.7,"r14":2.7,"rmax24":1.6}},{"type":"Feature","geometry":{"type":"Polygon","coordinates":[[[145.0,-18.0],[145.25,-18.0],[145.25,-17.75],[145.0,-17.75],[145.0,-18.0]]]},"properties":{"cell":"580_-72","r7":4.6,"r14":4.6,"rmax24":2.6}},{"type":"Feature","geometry":{"type":"Polygon","coordinates":[[[145.0,-17.75],[145.25,-17.75],[145.25,-17.5],[145.0,-17.5],[145.0,-17.75]]]},"properties":{"cell":"580_-71","r7":3.1,"r14":3.1,"rmax24":2.3}},{"type":"Feature","geometry":{"type":"Polygon","coordinates":[[[145.0,-17.5],[145.25,-17.5],[145.25,-17.25],[145.0,-17.25],[145.0,-17.5]]]},"properties":{"cell":"580_-70","r7":3.3,"r14":3.3,"rmax24":2.1}},{"type":"Feature","geometry":{"type":"Polygon","coordinates":[[[145.0,-17.25],[145.25,-17.25],[145.25,-17.0],[145.0,-17.0],[145.0,-17.25]]]},"properties":{"cell":"580_-69","r7":3.3,"r14":3.3,"rmax24":1.9}},{"type":"Feature","geometry":{"type":"Polygon","coordinates":[[[145.0,-17.0],[145.25,-17.0],[145.25,-16.75],[145.0,-16.75],[145.0,-17.0]]]},"properties":{"cell":"580_-68","r7":5.1,"r14":5.2,"rmax24":1.9}},{"type":"Feature","geometry":{"type":"Polygon","coordinates":[[[145.0,-16.75],[145.25,-16.75],[145.25,-16.5],[145.0,-16.5],[145.0,-16.75]]]},"properties":{"cell":"580_-67","r7":4.9,"r14":4.9,"rmax24":2.1}},{"type":"Feature","geometry":{"type":"Polygon","coordinates":[[[145.25,-43.25],[145.5,-43.25],[145.5,-43.0],[145.25,-43.0],[145.25,-43.25]]]},"properties":{"cell":"581_-173","r7":12.9,"r14":58.5,"rmax24":10.1}},{"type":"Feature","geometry":{"type":"Polygon","coordinates":[[[145.25,-43.0],[145.5,-43.0],[145.5,-42.75],[145.25,-42.75],[145.25,-43.0]]]},"properties":{"cell":"581_-172","r7":24.5,"r14":65.9,"rmax24":16.0}},{"type":"Feature","geometry":{"type":"Polygon","coordinates":[[[145.25,-42.75],[145.5,-42.75],[145.5,-42.5],[145.25,-42.5],[145.25,-42.75]]]},"properties":{"cell":"581_-171","r7":26.3,"r14":70.8,"rmax24":14.7}},{"type":"Feature","geometry":{"type":"Polygon","coordinates":[[[145.25,-42.5],[145.5,-42.5],[145.5,-42.25],[145.25,-42.25],[145.25,-42.5]]]},"properties":{"cell":"581_-170","r7":28.2,"r14":66.8,"rmax24":19.9}},{"type":"Feature","geometry":{"type":"Polygon","coordinates":[[[145.25,-42.25],[145.5,-42.25],[145.5,-42.0],[145.25,-42.0],[145.25,-42.25]]]},"properties":{"cell":"581_-169","r7":25.7,"r14":67.8,"rmax24":10.9}},{"type":"Feature","geometry":{"type":"Polygon","coordinates":[[[145.25,-42.0],[145.5,-42.0],[145.5,-41.75],[145.25,-41.75],[145.25,-42.0]]]},"properties":{"cell":"581_-168","r7":30.8,"r14":75.6,"rmax24":11.4}},{"type":"Feature","geometry":{"type":"Polygon","coordinates":[[[145.25,-41.75],[145.5,-41.75],[145.5,-41.5],[145.25,-41.5],[145.25,-41.75]]]},"properties":{"cell":"581_-167","r7":28.6,"r14":64.0,"rmax24":13.6}},{"type":"Feature","geometry":{"type":"Polygon","coordinates":[[[145.25,-41.5],[145.5,-41.5],[145.5,-41.25],[145.25,-41.25],[145.25,-41.5]]]},"properties":{"cell":"581_-166","r7":41.8,"r14":80.3,"rmax24":26.4}},{"type":"Feature","geometry":{"type":"Polygon","coordinates":[[[145.25,-37.75],[145.5,-37.75],[145.5,-37.5],[145.25,-37.5],[145.25,-37.75]]]},"properties":{"cell":"581_-151","r7":13.5,"r14":48.7,"rmax24":10.2}},{"type":"Feature","geometry":{"type":"Polygon","coordinates":[[[145.25,-37.5],[145.5,-37.5],[145.5,-37.25],[145.25,-37.25],[145.25,-37.5]]]},"properties":{"cell":"581_-150","r7":17.3,"r14":71.4,"rmax24":13.6}},{"type":"Feature","geometry":{"type":"Polygon","coordinates":[[[145.25,-37.25],[145.5,-37.25],[145.5,-37.0],[145.25,-37.0],[145.25,-37.25]]]},"properties":{"cell":"581_-149","r7":19.7,"r14":63.3,"rmax24":16.4}},{"type":"Feature","geometry":{"type":"Polygon","coordinates":[[[145.25,-37.0],[145.5,-37.0],[145.5,-36.75],[145.25,-36.75],[145.25,-37.0]]]},"properties":{"cell":"581_-148","r7":26.2,"r14":93.2,"rmax24":21.0}},{"type":"Feature","geometry":{"type":"Polygon","coordinates":[[[145.25,-36.75],[145.5,-36.75],[145.5,-36.5],[145.25,-36.5],[145.25,-36.75]]]},"properties":{"cell":"581_-147","r7":17.4,"r14":74.5,"rmax24":12.8}},{"type":"Feature","geometry":{"type":"Polygon","coordinates":[[[145.25,-36.5],[145.5,-36.5],[145.5,-36.25],[145.25,-36.25],[145.25,-36.5]]]},"properties":{"cell":"581_-146","r7":22.7,"r14":64.7,"rmax24":19.3}},{"type":"Feature","geometry":{"type":"Polygon","coordinates":[[[145.25,-33.0],[145.5,-33.0],[145.5,-32.75],[145.25,-32.75],[145.25,-33.0]]]},"properties":{"cell":"581_-132","r7":0.6,"r14":25.6,"rmax24":0.5}},{"type":"Feature","geometry":{"type":"Polygon","coordinates":[[[145.25,-32.75],[145.5,-32.75],[145.5,-32.5],[145.25,-32.5],[145.25,-32.75]]]},"properties":{"cell":"581_-131","r7":0.5,"r14":19.5,"rmax24":0.5}},{"type":"Feature","geometry":{"type":"Polygon","coordinates":[[[145.25,-32.5],[145.5,-32.5],[145.5,-32.25],[145.25,-32.25],[145.25,-32.5]]]},"properties":{"cell":"581_-130","r7":0.7,"r14":20.8,"rmax24":0.5}},{"type":"Feature","geometry":{"type":"Polygon","coordinates":[[[145.25,-32.25],[145.5,-32.25],[145.5,-32.0],[145.25,-32.0],[145.25,-32.25]]]},"properties":{"cell":"581_-129","r7":4.9,"r14":24.1,"rmax24":4.6}},{"type":"Feature","geometry":{"type":"Polygon","coordinates":[[[145.25,-32.0],[145.5,-32.0],[145.5,-31.75],[145.25,-31.75],[145.25,-32.0]]]},"properties":{"cell":"581_-128","r7":0.5,"r14":17.7,"rmax24":0.3}},{"type":"Feature","geometry":{"type":"Polygon","coordinates":[[[145.25,-31.75],[145.5,-31.75],[145.5,-31.5],[145.25,-31.5],[145.25,-31.75]]]},"properties":{"cell":"581_-127","r7":0.3,"r14":16.6,"rmax24":0.3}},{"type":"Feature","geometry":{"type":"Polygon","coordinates":[[[145.25,-31.5],[145.5,-31.5],[145.5,-31.25],[145.25,-31.25],[145.25,-31.5]]]},"properties":{"cell":"581_-126","r7":0.8,"r14":17.5,"rmax24":0.5}},{"type":"Feature","geometry":{"type":"Polygon","coordinates":[[[145.25,-31.25],[145.5,-31.25],[145.5,-31.0],[145.25,-31.0],[145.25,-31.25]]]},"properties":{"cell":"581_-125","r7":0.6,"r14":15.9,"rmax24":0.3}},{"type":"Feature","geometry":{"type":"Polygon","coordinates":[[[145.25,-31.0],[145.5,-31.0],[145.5,-30.75],[145.25,-30.75],[145.25,-31.0]]]},"properties":{"cell":"581_-124","r7":0.6,"r14":12.6,"rmax24":0.6}},{"type":"Feature","geometry":{"type":"Polygon","coordinates":[[[145.25,-19.25],[145.5,-19.25],[145.5,-19.0],[145.25,-19.0],[145.25,-19.25]]]},"properties":{"cell":"581_-77","r7":1.9,"r14":1.9,"rmax24":1.9}},{"type":"Feature","geometry":{"type":"Polygon","coordinates":[[[145.25,-19.0],[145.5,-19.0],[145.5,-18.75],[145.25,-18.75],[145.25,-19.0]]]},"properties":{"cell":"581_-76","r7":1.2,"r14":1.2,"rmax24":0.9}},{"type":"Feature","geometry":{"type":"Polygon","coordinates":[[[145.25,-18.75],[145.5,-18.75],[145.5,-18.5],[145.25,-18.5],[145.25,-18.75]]]},"properties":{"cell":"581_-75","r7":1.6,"r14":1.7,"rmax24":1.6}},{"type":"Feature","geometry":{"type":"Polygon","coordinates":[[[145.25,-18.0],[145.5,-18.0],[145.5,-17.75],[145.25,-17.75],[145.25,-18.0]]]},"properties":{"cell":"581_-72","r7":3.1,"r14":3.1,"rmax24":1.2}},{"type":"Feature","geometry":{"type":"Polygon","coordinates":[[[145.25,-17.75],[145.5,-17.75],[145.5,-17.5],[145.25,-17.5],[145.25,-17.75]]]},"properties":{"cell":"581_-71","r7":3.9,"r14":3.9,"rmax24":1.4}},{"type":"Feature","geometry":{"type":"Polygon","coordinates":[[[145.25,-17.5],[145.5,-17.5],[145.5,-17.25],[145.25,-17.25],[145.25,-17.5]]]},"properties":{"cell":"581_-70","r7":5.0,"r14":5.2,"rmax24":1.5}},{"type":"Feature","geometry":{"type":"Polygon","coordinates":[[[145.25,-17.25],[145.5,-17.25],[145.5,-17.0],[145.25,-17.0],[145.25,-17.25]]]},"properties":{"cell":"581_-69","r7":4.0,"r14":4.0,"rmax24":2.1}},{"type":"Feature","geometry":{"type":"Polygon","coordinates":[[[145.25,-17.0],[145.5,-17.0],[145.5,-16.75],[145.25,-16.75],[145.25,-17.0]]]},"properties":{"cell":"581_-68","r7":5.1,"r14":5.5,"rmax24":2.5}},{"type":"Feature","geometry":{"type":"Polygon","coordinates":[[[145.25,-16.75],[145.5,-16.75],[145.5,-16.5],[145.25,-16.5],[145.25,-16.75]]]},"properties":{"cell":"581_-67","r7":7.0,"r14":10.2,"rmax24":3.4}},{"type":"Feature","geometry":{"type":"Polygon","coordinates":[[[145.5,-43.25],[145.75,-43.25],[145.75,-43.0],[145.5,-43.0],[145.5,-43.25]]]},"properties":{"cell":"582_-173","r7":22.9,"r14":56.4,"rmax24":10.1}},{"type":"Feature","geometry":{"type":"Polygon","coordinates":[[[145.5,-43.0],[145.75,-43.0],[145.75,-42.75],[145.5,-42.75],[145.5,-43.0]]]},"properties":{"cell":"582_-172","r7":22.9,"r14":61.6,"rmax24":11.9}},{"type":"Feature","geometry":{"type":"Polygon","coordinates":[[[145.5,-42.75],[145.75,-42.75],[145.75,-42.5],[145.5,-42.5],[145.5,-42.75]]]},"properties":{"cell":"582_-171","r7":28.8,"r14":70.9,"rmax24":17.5}},{"type":"Feature","geometry":{"type":"Polygon","coordinates":[[[145.5,-42.5],[145.75,-42.5],[145.75,-42.25],[145.5,-42.25],[145.5,-42.5]]]},"properties":{"cell":"582_-170","r7":26.6,"r14":65.3,"rmax24":13.2}},{"type":"Feature","geometry":{"type":"Polygon","coordinates":[[[145.5,-42.25],[145.75,-42.25],[145.75,-42.0],[145.5,-42.0],[145.5,-42.25]]]},"properties":{"cell":"582_-169","r7":32.9,"r14":76.5,"rmax24":12.2}},{"type":"Feature","geometry":{"type":"Polygon","coordinates":[[[145.5,-42.0],[145.75,-42.0],[145.75,-41.75],[145.5,-41.75],[145.5,-42.0]]]},"properties":{"cell":"582_-168","r7":35.5,"r14":83.1,"rmax24":18.1}},{"type":"Feature","geometry":{"type":"Polygon","coordinates":[[[145.5,-41.75],[145.75,-41.75],[145.75,-41.5],[145.5,-41.5],[145.5,-41.75]]]},"properties":{"cell":"582_-167","r7":27.0,"r14":58.3,"rmax24":12.7}},{"type":"Feature","geometry":{"type":"Polygon","coordinates":[[[145.5,-41.5],[145.75,-41.5],[145.75,-41.25],[145.5,-41.25],[145.5,-41.5]]]},"properties":{"cell":"582_-166","r7":37.9,"r14":70.4,"rmax24":27.9}},{"type":"Feature","geometry":{"type":"Polygon","coordinates":[[[145.5,-37.25],[145.75,-37.25],[145.75,-37.0],[145.5,-37.0],[145.5,-37.25]]]},"properties":{"cell":"582_-149","r7":17.6,"r14":64.7,"rmax24":15.3}},{"type":"Feature","geometry":{"type":"Polygon","coordinates":[[[145.5,-37.0],[145.75,-37.0],[145.75,-36.75],[145.5,-36.75],[145.5,-37.0]]]},"properties":{"cell":"582_-148","r7":15.9,"r14":77.8,"rmax24":12.6}},{"type":"Feature","geometry":{"type":"Polygon","coordinates":[[[145.5,-36.75],[145.75,-36.75],[145.75,-36.5],[145.5,-36.5],[145.5,-36.75]]]},"properties":{"cell":"582_-147","r7":24.8,"r14":80.5,"rmax24":22.2}},{"type":"Feature","geometry":{"type":"Polygon","coordinates":[[[145.5,-33.25],[145.75,-33.25],[145.75,-33.0],[145.5,-33.0],[145.5,-33.25]]]},"properties":{"cell":"582_-133","r7":0.2,"r14":27.8,"rmax24":0.1}},{"type":"Feature","geometry":{"type":"Polygon","coordinates":[[[145.5,-33.0],[145.75,-33.0],[145.75,-32.75],[145.5,-32.75],[145.5,-33.0]]]},"properties":{"cell":"582_-132","r7":0.0,"r14":24.5,"rmax24":0.0}},{"type":"Feature","geometry":{"type":"Polygon","coordinates":[[[145.5,-32.75],[145.75,-32.75],[145.75,-32.5],[145.5,-32.5],[145.5,-32.75]]]},"properties":{"cell":"582_-131","r7":0.0,"r14":23.9,"rmax24":0.0}},{"type":"Feature","geometry":{"type":"Polygon","coordinates":[[[145.5,-32.5],[145.75,-32.5],[145.75,-32.25],[145.5,-32.25],[145.5,-32.5]]]},"properties":{"cell":"582_-130","r7":0.8,"r14":21.3,"rmax24":0.7}},{"type":"Feature","geometry":{"type":"Polygon","coordinates":[[[145.5,-32.25],[145.75,-32.25],[145.75,-32.0],[145.5,-32.0],[145.5,-32.25]]]},"properties":{"cell":"582_-129","r7":0.2,"r14":18.3,"rmax24":0.2}},{"type":"Feature","geometry":{"type":"Polygon","coordinates":[[[145.5,-32.0],[145.75,-32.0],[145.75,-31.75],[145.5,-31.75],[145.5,-32.0]]]},"properties":{"cell":"582_-128","r7":0.9,"r14":21.3,"rmax24":0.5}},{"type":"Feature","geometry":{"type":"Polygon","coordinates":[[[145.5,-31.75],[145.75,-31.75],[145.75,-31.5],[145.5,-31.5],[145.5,-31.75]]]},"properties":{"cell":"582_-127","r7":0.4,"r14":17.1,"rmax24":0.4}},{"type":"Feature","geometry":{"type":"Polygon","coordinates":[[[145.5,-31.5],[145.75,-31.5],[145.75,-31.25],[145.5,-31.25],[145.5,-31.5]]]},"properties":{"cell":"582_-126","r7":1.1,"r14":17.8,"rmax24":0.6}},{"type":"Feature","geometry":{"type":"Polygon","coordinates":[[[145.5,-31.25],[145.75,-31.25],[145.75,-31.0],[145.5,-31.0],[145.5,-31.25]]]},"properties":{"cell":"582_-125","r7":0.4,"r14":14.0,"rmax24":0.4}},{"type":"Feature","geometry":{"type":"Polygon","coordinates":[[[145.5,-31.0],[145.75,-31.0],[145.75,-30.75],[145.5,-30.75],[145.5,-31.0]]]},"properties":{"cell":"582_-124","r7":0.6,"r14":15.5,"rmax24":0.3}},{"type":"Feature","geometry":{"type":"Polygon","coordinates":[[[145.5,-19.25],[145.75,-19.25],[145.75,-19.0],[145.5,-19.0],[145.5,-19.25]]]},"properties":{"cell":"582_-77","r7":1.7,"r14":1.7,"rmax24":1.7}},{"type":"Feature","geometry":{"type":"Polygon","coordinates":[[[145.5,-19.0],[145.75,-19.0],[145.75,-18.75],[145.5,-18.75],[145.5,-19.0]]]},"properties":{"cell":"582_-76","r7":1.5,"r14":1.7,"rmax24":1.1}},{"type":"Feature","geometry":{"type":"Polygon","coordinates":[[[145.5,-18.75],[145.75,-18.75],[145.75,-18.5],[145.5,-18.5],[145.5,-18.75]]]},"properties":{"cell":"582_-75","r7":2.2,"r14":2.4,"rmax24":1.6}},{"type":"Feature","geometry":{"type":"Polygon","coordinates":[[[145.5,-17.25],[145.75,-17.25],[145.75,-17.0],[145.5,-17.0],[145.5,-17.25]]]},"properties":{"cell":"582_-69","r7":14.4,"r14":15.6,"rmax24":4.9}},{"type":"Feature","geometry":{"type":"Polygon","coordinates":[[[145.5,-17.0],[145.75,-17.0],[145.75,-16.75],[145.5,-16.75],[145.5,-17.0]]]},"properties":{"cell":"582_-68","r7":8.0,"r14":9.0,"rmax24":4.8}},{"type":"Feature","geometry":{"type":"Polygon","coordinates":[[[145.5,-16.75],[145.75,-16.75],[145.75,-16.5],[145.5,-16.5],[145.5,-16.75]]]},"properties":{"cell":"582_-67","r7":4.3,"r14":4.8,"rmax24":2.5}},{"type":"Feature","geometry":{"type":"Polygon","coordinates":[[[145.75,-43.25],[146.0,-43.25],[146.0,-43.0],[145.75,-43.0],[145.75,-43.25]]]},"properties":{"cell":"583_-173","r7":19.7,"r14":50.9,"rmax24":7.0}},{"type":"Feature","geometry":{"type":"Polygon","coordinates":[[[145.75,-43.0],[146.0,-43.0],[146.0,-42.75],[145.75,-42.75],[145.75,-43.0]]]},"properties":{"cell":"583_-172","r7":27.1,"r14":59.1,"rmax24":13.6}},{"type":"Feature","geometry":{"type":"Polygon","coordinates":[[[145.75,-42.75],[146.0,-42.75],[146.0,-42.5],[145.75,-42.5],[145.75,-42.75]]]},"properties":{"cell":"583_-171","r7":27.1,"r14":55.5,"rmax24":13.5}},{"type":"Feature","geometry":{"type":"Polygon","coordinates":[[[145.75,-42.5],[146.0,-42.5],[146.0,-42.25],[145.75,-42.25],[145.75,-42.5]]]},"properties":{"cell":"583_-170","r7":21.9,"r14":55.4,"rmax24":8.4}},{"type":"Feature","geometry":{"type":"Polygon","coordinates":[[[145.75,-42.25],[146.0,-42.25],[146.0,-42.0],[145.75,-42.0],[145.75,-42.25]]]},"properties":{"cell":"583_-169","r7":28.6,"r14":66.7,"rmax24":11.0}},{"type":"Feature","geometry":{"type":"Polygon","coordinates":[[[145.75,-42.0],[146.0,-42.0],[146.0,-41.75],[145.75,-41.75],[145.75,-42.0]]]},"properties":{"cell":"583_-168","r7":36.8,"r14":76.4,"rmax24":21.4}},{"type":"Feature","geometry":{"type":"Polygon","coordinates":[[[145.75,-41.75],[146.0,-41.75],[146.0,-41.5],[145.75,-41.5],[145.75,-41.75]]]},"properties":{"cell":"583_-167","r7":48.9,"r14":91.1,"rmax24":30.2}},{"type":"Feature","geometry":{"type":"Polygon","coordinates":[[[145.75,-41.5],[146.0,-41.5],[146.0,-41.25],[145.75,-41.25],[145.75,-41.5]]]},"properties":{"cell":"583_-166","r7":49.3,"r14":81.2,"rmax24":38.1}},{"type":"Feature","geometry":{"type":"Polygon","coordinates":[[[145.75,-41.25],[146.0,-41.25],[146.0,-41.0],[145.75,-41.0],[145.75,-41.25]]]},"properties":{"cell":"583_-165","r7":39.0,"r14":81.1,"rmax24":33.6}},{"type":"Feature","geometry":{"type":"Polygon","coordinates":[[[145.75,-38.0],[146.0,-38.0],[146.0,-37.75],[145.75,-37.75],[145.75,-38.0]]]},"properties":{"cell":"583_-152","r7":9.4,"r14":50.5,"rmax24":7.8}},{"type":"Feature","geometry":{"type":"Polygon","coordinates":[[[145.75,-37.75],[146.0,-37.75],[146.0,-37.5],[145.75,-37.5],[145.75,-37.75]]]},"properties":{"cell":"583_-151","r7":10.1,"r14":65.7,"rmax24":8.5}},{"type":"Feature","geometry":{"type":"Polygon","coordinates":[[[145.75,-37.5],[146.0,-37.5],[146.0,-37.25],[145.75,-37.25],[145.75,-37.5]]]},"properties":{"cell":"583_-150","r7":25.6,"r14":117.5,"rmax24":23.4}},{"type":"Feature","geometry":{"type":"Polygon","coordinates":[[[145.75,-37.25],[146.0,-37.25],[146.0,-37.0],[145.75,-37.0],[145.75,-37.25]]]},"properties":{"cell":"583_-149","r7":13.8,"r14":61.4,"rmax24":12.7}},{"type":"Feature","geometry":{"type":"Polygon","coordinates":[[[145.75,-37.0],[146.0,-37.0],[146.0,-36.75],[145.75,-36.75],[145.75,-37.0]]]},"properties":{"cell":"583_-148","r7":19.4,"r14":114.1,"rmax24":17.0}},{"type":"Feature","geometry":{"type":"Polygon","coordinates":[[[145.75,-36.75],[146.0,-36.75],[146.0,-36.5],[145.75,-36.5],[145.75,-36.75]]]},"properties":{"cell":"583_-147","r7":31.9,"r14":104.6,"rmax24":31.4}},{"type":"Feature","geometry":{"type":"Polygon","coordinates":[[[145.75,-33.5],[146.0,-33.5],[146.0,-33.25],[145.75,-33.25],[145.75,-33.5]]]},"properties":{"cell":"583_-134","r7":2.7,"r14":35.6,"rmax24":2.5}},{"type":"Feature","geometry":{"type":"Polygon","coordinates":[[[145.75,-33.25],[146.0,-33.25],[146.0,-33.0],[145.75,-33.0],[145.75,-33.25]]]},"properties":{"cell":"583_-133","r7":0.3,"r14":29.8,"rmax24":0.2}},{"type":"Feature","geometry":{"type":"Polygon","coordinates":[[[145.75,-33.0],[146.0,-33.0],[146.0,-32.75],[145.75,-32.75],[145.75,-33.0]]]},"properties":{"cell":"583_-132","r7":0.2,"r14":23.6,"rmax24":0.2}},{"type":"Feature","geometry":{"type":"Polygon","coordinates":[[[145.75,-32.75],[146.0,-32.75],[146.0,-32.5],[145.75,-32.5],[145.75,-32.75]]]},"properties":{"cell":"583_-131","r7":0.0,"r14":20.7,"rmax24":0.0}},{"type":"Feature","geometry":{"type":"Polygon","coordinates":[[[145.75,-32.5],[146.0,-32.5],[146.0,-32.25],[145.75,-32.25],[145.75,-32.5]]]},"properties":{"cell":"583_-130","r7":1.1,"r14":25.0,"rmax24":0.9}},{"type":"Feature","geometry":{"type":"Polygon","coordinates":[[[145.75,-32.25],[146.0,-32.25],[146.0,-32.0],[145.75,-32.0],[145.75,-32.25]]]},"properties":{"cell":"583_-129","r7":0.1,"r14":22.8,"rmax24":0.1}},{"type":"Feature","geometry":{"type":"Polygon","coordinates":[[[145.75,-32.0],[146.0,-32.0],[146.0,-31.75],[145.75,-31.75],[145.75,-32.0]]]},"properties":{"cell":"583_-128","r7":0.4,"r14":23.3,"rmax24":0.2}},{"type":"Feature","geometry":{"type":"Polygon","coordinates":[[[145.75,-31.75],[146.0,-31.75],[146.0,-31.5],[145.75,-31.5],[145.75,-31.75]]]},"properties":{"cell":"583_-127","r7":0.5,"r14":18.4,"rmax24":0.3}},{"type":"Feature","geometry":{"type":"Polygon","coordinates":[[[145.75,-31.5],[146.0,-31.5],[146.0,-31.25],[145.75,-31.25],[145.75,-31.5]]]},"properties":{"cell":"583_-126","r7":2.3,"r14":21.2,"rmax24":2.1}},{"type":"Feature","geometry":{"type":"Polygon","coordinates":[[[145.75,-31.25],[146.0,-31.25],[146.0,-31.0],[145.75,-31.0],[145.75,-31.25]]]},"properties":{"cell":"583_-125","r7":0.2,"r14":14.3,"rmax24":0.1}},{"type":"Feature","geometry":{"type":"Polygon","coordinates":[[[145.75,-31.0],[146.0,-31.0],[146.0,-30.75],[145.75,-30.75],[145.75,-31.0]]]},"properties":{"cell":"583_-124","r7":0.6,"r14":14.7,"rmax24":0.5}},{"type":"Feature","geometry":{"type":"Polygon","coordinates":[[[145.75,-19.75],[146.0,-19.75],[146.0,-19.5],[145.75,-19.5],[145.75,-19.75]]]},"properties":{"cell":"583_-79","r7":2.0,"r14":2.1,"rmax24":2.0}},{"type":"Feature","geometry":{"type":"Polygon","coordinates":[[[145.75,-19.5],[146.0,-19.5],[146.0,-19.25],[145.75,-19.25],[145.75,-19.5]]]},"properties":{"cell":"583_-78","r7":7.7,"r14":7.7,"rmax24":7.7}},{"type":"Feature","geometry":{"type":"Polygon","coordinates":[[[145.75,-19.0],[146.0,-19.0],[146.0,-18.75],[145.75,-18.75],[145.75,-19.0]]]},"properties":{"cell":"583_-76","r7":2.6,"r14":2.7,"rmax24":1.2}},{"type":"Feature","geometry":{"type":"Polygon","coordinates":[[[145.75,-18.75],[146.0,-18.75],[146.0,-18.5],[145.75,-18.5],[145.75,-18.75]]]},"properties":{"cell":"583_-75","r7":17.0,"r14":18.0,"rmax24":8.7}},{"type":"Feature","geometry":{"type":"Polygon","coordinates":[[[146.0,-41.75],[146.25,-41.75],[146.25,-41.5],[146.0,-41.5],[146.0,-41.75]]]},"properties":{"cell":"584_-167","r7":45.4,"r14":71.5,"rmax24":36.2}},{"type":"Feature","geometry":{"type":"Polygon","coordinates":[[[146.0,-41.5],[146.25,-41.5],[146.25,-41.25],[146.0,-41.25],[146.0,-41.5]]]},"properties":{"cell":"584_-166","r7":43.6,"r14":74.4,"rmax24":37.4}},{"type":"Feature","geometry":{"type":"Polygon","coordinates":[[[146.0,-41.25],[146.25,-41.25],[146.25,-41.0],[146.0,-41.0],[146.0,-41.25]]]},"properties":{"cell":"584_-165","r7":21.9,"r14":52.9,"rmax24":19.1}},{"type":"Feature","geometry":{"type":"Polygon","coordinates":[[[146.0,-38.25],[146.25,-38.25],[146.25,-38.0],[146.0,-38.0],[146.0,-38.25]]]},"properties":{"cell":"584_-153","r7":4.3,"r14":42.5,"rmax24":3.2}},{"type":"Feature","geometry":{"type":"Polygon","coordinates":[[[146.0,-38.0],[146.25,-38.0],[146.25,-37.75],[146.0,-37.75],[146.0,-38.0]]]},"properties":{"cell":"584_-152","r7":6.0,"r14":52.4,"rmax24":3.4}},{"type":"Feature","geometry":{"type":"Polygon","coordinates":[[[146.0,-37.75],[146.25,-37.75],[146.25,-37.5],[146.0,-37.5],[146.0,-37.75]]]},"properties":{"cell":"584_-151","r7":13.2,"r14":74.2,"rmax24":11.1}},{"type":"Feature","geometry":{"type":"Polygon","coordinates":[[[146.0,-37.5],[146.25,-37.5],[146.25,-37.25],[146.0,-37.25],[146.0,-37.5]]]},"properties":{"cell":"584_-150","r7":16.8,"r14":83.2,"rmax24":14.8}},{"type":"Feature","geometry":{"type":"Polygon","coordinates":[[[146.0,-37.25],[146.25,-37.25],[146.25,-37.0],[146.0,-37.0],[146.0,-37.25]]]},"properties":{"cell":"584_-149","r7":12.1,"r14":60.0,"rmax24":11.8}},{"type":"Feature","geometry":{"type":"Polygon","coordinates":[[[146.0,-37.0],[146.25,-37.0],[146.25,-36.75],[146.0,-36.75],[146.0,-37.0]]]},"properties":{"cell":"584_-148","r7":24.6,"r14":101.4,"rmax24":21.5}},{"type":"Feature","geometry":{"type":"Polygon","coordinates":[[[146.0,-36.75],[146.25,-36.75],[146.25,-36.5],[146.0,-36.5],[146.0,-36.75]]]},"properties":{"cell":"584_-147","r7":33.4,"r14":91.2,"rmax24":33.0}},{"type":"Feature","geometry":{"type":"Polygon","coordinates":[[[146.0,-33.5],[146.25,-33.5],[146.25,-33.25],[146.0,-33.25],[146.0,-33.5]]]},"properties":{"cell":"584_-134","r7":0.9,"r14":31.5,"rmax24":0.8}},{"type":"Feature","geometry":{"type":"Polygon","coordinates":[[[146.0,-33.25],[146.25,-33.25],[146.25,-33.0],[146.0,-33.0],[146.0,-33.25]]]},"properties":{"cell":"584_-133","r7":0.0,"r14":30.3,"rmax24":0.0}},{"type":"Feature","geometry":{"type":"Polygon","coordinates":[[[146.0,-33.0],[146.25,-33.0],[146.25,-32.75],[146.0,-32.75],[146.0,-33.0]]]},"properties":{"cell":"584_-132","r7":0.2,"r14":25.2,"rmax24":0.1}},{"type":"Feature","geometry":{"type":"Polygon","coordinates":[[[146.0,-32.75],[146.25,-32.75],[146.25,-32.5],[146.0,-32.5],[146.0,-32.75]]]},"properties":{"cell":"584_-131","r7":0.4,"r14":24.1,"rmax24":0.3}},{"type":"Feature","geometry":{"type":"Polygon","coordinates":[[[146.0,-32.5],[146.25,-32.5],[146.25,-32.25],[146.0,-32.25],[146.0,-32.5]]]},"properties":{"cell":"584_-130","r7":1.2,"r14":25.6,"rmax24":0.8}},{"type":"Feature","geometry":{"type":"Polygon","coordinates":[[[146.0,-32.25],[146.25,-32.25],[146.25,-32.0],[146.0,-32.0],[146.0,-32.25]]]},"properties":{"cell":"584_-129","r7":0.6,"r14":24.5,"rmax24":0.3}},{"type":"Feature","geometry":{"type":"Polygon","coordinates":[[[146.0,-32.0],[146.25,-32.0],[146.25,-31.75],[146.0,-31.75],[146.0,-32.0]]]},"properties":{"cell":"584_-128","r7":1.0,"r14":23.0,"rmax24":1.0}},{"type":"Feature","geometry":{"type":"Polygon","coordinates":[[[146.0,-31.75],[146.25,-31.75],[146.25,-31.5],[146.0,-31.5],[146.0,-31.75]]]},"properties":{"cell":"584_-127","r7":0.0,"r14":18.0,"rmax24":0.0}},{"type":"Feature","geometry":{"type":"Polygon","coordinates":[[[146.0,-31.5],[146.25,-31.5],[146.25,-31.25],[146.0,-31.25],[146.0,-31.5]]]},"properties":{"cell":"584_-126","r7":0.3,"r14":16.7,"rmax24":0.2}},{"type":"Feature","geometry":{"type":"Polygon","coordinates":[[[146.0,-31.25],[146.25,-31.25],[146.25,-31.0],[146.0,-31.0],[146.0,-31.25]]]},"properties":{"cell":"584_-125","r7":0.0,"r14":15.8,"rmax24":0.0}},{"type":"Feature","geometry":{"type":"Polygon","coordinates":[[[146.0,-20.75],[146.25,-20.75],[146.25,-20.5],[146.0,-20.5],[146.0,-20.75]]]},"properties":{"cell":"584_-83","r7":0.3,"r14":0.6,"rmax24":0.2}},{"type":"Feature","geometry":{"type":"Polygon","coordinates":[[[146.0,-19.5],[146.25,-19.5],[146.25,-19.25],[146.0,-19.25],[146.0,-19.5]]]},"properties":{"cell":"584_-78","r7":2.6,"r14":2.8,"rmax24":2.6}},{"type":"Feature","geometry":{"type":"Polygon","coordinates":[[[146.0,-19.25],[146.25,-19.25],[146.25,-19.0],[146.0,-19.0],[146.0,-19.25]]]},"properties":{"cell":"584_-77","r7":3.9,"r14":6.0,"rmax24":1.7}},{"type":"Feature","geometry":{"type":"Polygon","coordinates":[[[146.25,-43.5],[146.5,-43.5],[146.5,-43.25],[146.25,-43.25],[146.25,-43.5]]]},"properties":{"cell":"585_-174","r7":19.6,"r14":42.1,"rmax24":7.0}},{"type":"Feature","geometry":{"type":"Polygon","coordinates":[[[146.25,-43.25],[146.5,-43.25],[146.5,-43.0],[146.25,-43.0],[146.25,-43.25]]]},"properties":{"cell":"585_-173","r7":20.0,"r14":47.4,"rmax24":7.5}},{"type":"Feature","geometry":{"type":"Polygon","coordinates":[[[146.25,-43.0],[146.5,-43.0],[146.5,-42.75],[146.25,-42.75],[146.25,-43.0]]]},"properties":{"cell":"585_-172","r7":24.2,"r14":50.7,"rmax24":10.4}},{"type":"Feature","geometry":{"type":"Polygon","coordinates":[[[146.25,-41.75],[146.5,-41.75],[146.5,-41.5],[146.25,-41.5],[146.25,-41.75]]]},"properties":{"cell":"585_-167","r7":53.6,"r14":78.6,"rmax24":45.4}},{"type":"Feature","geometry":{"type":"Polygon","coordinates":[[[146.25,-41.5],[146.5,-41.5],[146.5,-41.25],[146.25,-41.25],[146.25,-41.5]]]},"properties":{"cell":"585_-166","r7":38.5,"r14":60.2,"rmax24":34.7}},{"type":"Feature","geometry":{"type":"Polygon","coordinates":[[[146.25,-41.25],[146.5,-41.25],[146.5,-41.0],[146.25,-41.0],[146.25,-41.25]]]},"properties":{"cell":"585_-165","r7":29.5,"r14":49.1,"rmax24":28.4}},{"type":"Feature","geometry":{"type":"Polygon","coordinates":[[[146.25,-38.25],[146.5,-38.25],[146.5,-38.0],[146.25,-38.0],[146.25,-38.25]]]},"properties":{"cell":"585_-153","r7":2.5,"r14":42.4,"rmax24":2.0}},{"type":"Feature","geometry":{"type":"Polygon","coordinates":[[[146.25,-38.0],[146.5,-38.0],[146.5,-37.75],[146.25,-37.75],[146.25,-38.0]]]},"properties":{"cell":"585_-152","r7":5.0,"r14":57.3,"rmax24":3.8}},{"type":"Feature","geometry":{"type":"Polygon","coordinates":[[[146.25,-37.75],[146.5,-37.75],[146.5,-37.5],[146.25,-37.5],[146.25,-37.75]]]},"properties":{"cell":"585_-151","r7":8.0,"r14":59.9,"rmax24":6.9}},{"type":"Feature","geometry":{"type":"Polygon","coordinates":[[[146.25,-37.5],[146.5,-37.5],[146.5,-37.25],[146.25,-37.25],[146.25,-37.5]]]},"properties":{"cell":"585_-150","r7":10.0,"r14":66.1,"rmax24":7.9}},{"type":"Feature","geometry":{"type":"Polygon","coordinates":[[[146.25,-37.25],[146.5,-37.25],[146.5,-37.0],[146.25,-37.0],[146.25,-37.25]]]},"properties":{"cell":"585_-149","r7":22.2,"r14":105.5,"rmax24":18.8}},{"type":"Feature","geometry":{"type":"Polygon","coordinates":[[[146.25,-37.0],[146.5,-37.0],[146.5,-36.75],[146.25,-36.75],[146.25,-37.0]]]},"properties":{"cell":"585_-148","r7":33.2,"r14":149.6,"rmax24":31.7}},{"type":"Feature","geometry":{"type":"Polygon","coordinates":[[[146.25,-36.75],[146.5,-36.75],[146.5,-36.5],[146.25,-36.5],[146.25,-36.75]]]},"properties":{"cell":"585_-147","r7":25.4,"r14":109.6,"rmax24":23.1}},{"type":"Feature","geometry":{"type":"Polygon","coordinates":[[[146.25,-36.5],[146.5,-36.5],[146.5,-36.25],[146.25,-36.25],[146.25,-36.5]]]},"properties":{"cell":"585_-146","r7":22.1,"r14":69.6,"rmax24":21.6}},{"type":"Feature","geometry":{"type":"Polygon","coordinates":[[[146.25,-36.25],[146.5,-36.25],[146.5,-36.0],[146.25,-36.0],[146.25,-36.25]]]},"properties":{"cell":"585_-145","r7":14.8,"r14":59.8,"rmax24":12.7}},{"type":"Feature","geometry":{"type":"Polygon","coordinates":[[[146.25,-36.0],[146.5,-36.0],[146.5,-35.75],[146.25,-35.75],[146.25,-36.0]]]},"properties":{"cell":"585_-144","r7":10.7,"r14":51.0,"rmax24":9.0}},{"type":"Feature","geometry":{"type":"Polygon","coordinates":[[[146.25,-33.5],[146.5,-33.5],[146.5,-33.25],[146.25,-33.25],[146.25,-33.5]]]},"properties":{"cell":"585_-134","r7":0.2,"r14":34.9,"rmax24":0.2}},{"type":"Feature","geometry":{"type":"Polygon","coordinates":[[[146.25,-33.25],[146.5,-33.25],[146.5,-33.0],[146.25,-33.0],[146.25,-33.25]]]},"properties":{"cell":"585_-133","r7":0.0,"r14":29.4,"rmax24":0.0}},{"type":"Feature","geometry":{"type":"Polygon","coordinates":[[[146.25,-33.0],[146.5,-33.0],[146.5,-32.75],[146.25,-32.75],[146.25,-33.0]]]},"properties":{"cell":"585_-132","r7":0.1,"r14":26.6,"rmax24":0.1}},{"type":"Feature","geometry":{"type":"Polygon","coordinates":[[[146.25,-32.75],[146.5,-32.75],[146.5,-32.5],[146.25,-32.5],[146.25,-32.75]]]},"properties":{"cell":"585_-131","r7":0.2,"r14":24.1,"rmax24":0.2}},{"type":"Feature","geometry":{"type":"Polygon","coordinates":[[[146.25,-32.5],[146.5,-32.5],[146.5,-32.25],[146.25,-32.25],[146.25,-32.5]]]},"properties":{"cell":"585_-130","r7":0.3,"r14":25.7,"rmax24":0.2}},{"type":"Feature","geometry":{"type":"Polygon","coordinates":[[[146.25,-32.25],[146.5,-32.25],[146.5,-32.0],[146.25,-32.0],[146.25,-32.25]]]},"properties":{"cell":"585_-129","r7":0.2,"r14":23.2,"rmax24":0.1}},{"type":"Feature","geometry":{"type":"Polygon","coordinates":[[[146.25,-32.0],[146.5,-32.0],[146.5,-31.75],[146.25,-31.75],[146.25,-32.0]]]},"properties":{"cell":"585_-128","r7":0.2,"r14":25.6,"rmax24":0.2}},{"type":"Feature","geometry":{"type":"Polygon","coordinates":[[[146.25,-31.75],[146.5,-31.75],[146.5,-31.5],[146.25,-31.5],[146.25,-31.75]]]},"properties":{"cell":"585_-127","r7":0.0,"r14":19.2,"rmax24":0.0}},{"type":"Feature","geometry":{"type":"Polygon","coordinates":[[[146.25,-31.5],[146.5,-31.5],[146.5,-31.25],[146.25,-31.25],[146.25,-31.5]]]},"properties":{"cell":"585_-126","r7":0.2,"r14":17.6,"rmax24":0.2}},{"type":"Feature","geometry":{"type":"Polygon","coordinates":[[[146.25,-31.25],[146.5,-31.25],[146.5,-31.0],[146.25,-31.0],[146.25,-31.25]]]},"properties":{"cell":"585_-125","r7":0.3,"r14":18.1,"rmax24":0.2}},{"type":"Feature","geometry":{"type":"Polygon","coordinates":[[[146.25,-21.0],[146.5,-21.0],[146.5,-20.75],[146.25,-20.75],[146.25,-21.0]]]},"properties":{"cell":"585_-84","r7":0.8,"r14":0.9,"rmax24":0.7}},{"type":"Feature","geometry":{"type":"Polygon","coordinates":[[[146.25,-20.75],[146.5,-20.75],[146.5,-20.5],[146.25,-20.5],[146.25,-20.75]]]},"properties":{"cell":"585_-83","r7":0.7,"r14":0.7,"rmax24":0.7}},{"type":"Feature","geometry":{"type":"Polygon","coordinates":[[[146.25,-19.75],[146.5,-19.75],[146.5,-19.5],[146.25,-19.5],[146.25,-19.75]]]},"properties":{"cell":"585_-79","r7":2.8,"r14":3.1,"rmax24":1.5}},{"type":"Feature","geometry":{"type":"Polygon","coordinates":[[[146.25,-19.5],[146.5,-19.5],[146.5,-19.25],[146.25,-19.25],[146.25,-19.5]]]},"properties":{"cell":"585_-78","r7":3.6,"r14":4.0,"rmax24":1.8}},{"type":"Feature","geometry":{"type":"Polygon","coordinates":[[[146.25,-19.25],[146.5,-19.25],[146.5,-19.0],[146.25,-19.0],[146.25,-19.25]]]},"properties":{"cell":"585_-77","r7":7.1,"r14":8.4,"rmax24":2.5}},{"type":"Feature","geometry":{"type":"Polygon","coordinates":[[[146.5,-43.5],[146.75,-43.5],[146.75,-43.25],[146.5,-43.25],[146.5,-43.5]]]},"properties":{"cell":"586_-174","r7":20.5,"r14":45.9,"rmax24":7.3}},{"type":"Feature","geometry":{"type":"Polygon","coordinates":[[[146.5,-43.25],[146.75,-43.25],[146.75,-43.0],[146.5,-43.0],[146.5,-43.25]]]},"properties":{"cell":"586_-173","r7":19.5,"r14":34.7,"rmax24":8.0}},{"type":"Feature","geometry":{"type":"Polygon","coordinates":[[[146.5,-43.0],[146.75,-43.0],[146.75,-42.75],[146.5,-42.75],[146.5,-43.0]]]},"properties":{"cell":"586_-172","r7":26.8,"r14":48.0,"rmax24":7.8}},{"type":"Feature","geometry":{"type":"Polygon","coordinates":[[[146.5,-41.5],[146.75,-41.5],[146.75,-41.25],[146.5,-41.25],[146.5,-41.5]]]},"properties":{"cell":"586_-166","r7":37.8,"r14":53.8,"rmax24":36.3}},{"type":"Feature","geometry":{"type":"Polygon","coordinates":[[[146.5,-41.25],[146.75,-41.25],[146.75,-41.0],[146.5,-41.0],[146.5,-41.25]]]},"properties":{"cell":"586_-165","r7":35.8,"r14":53.4,"rmax24":33.9}},{"type":"Feature","geometry":{"type":"Polygon","coordinates":[[[146.5,-41.0],[146.75,-41.0],[146.75,-40.75],[146.5,-40.75],[146.5,-41.0]]]},"properties":{"cell":"586_-164","r7":14.2,"r14":29.2,"rmax24":13.3}},{"type":"Feature","geometry":{"type":"Polygon","coordinates":[[[146.5,-38.25],[146.75,-38.25],[146.75,-38.0],[146.5,-38.0],[146.5,-38.25]]]},"properties":{"cell":"586_-153","r7":3.0,"r14":39.9,"rmax24":2.4}},{"type":"Feature","geometry":{"type":"Polygon","coordinates":[[[146.5,-38.0],[146.75,-38.0],[146.75,-37.75],[146.5,-37.75],[146.5,-38.0]]]},"properties":{"cell":"586_-152","r7":2.2,"r14":37.5,"rmax24":1.9}},{"type":"Feature","geometry":{"type":"Polygon","coordinates":[[[146.5,-37.75],[146.75,-37.75],[146.75,-37.5],[146.5,-37.5],[146.5,-37.75]]]},"properties":{"cell":"586_-151","r7":4.5,"r14":40.0,"rmax24":3.9}},{"type":"Feature","geometry":{"type":"Polygon","coordinates":[[[146.5,-37.5],[146.75,-37.5],[146.75,-37.25],[146.5,-37.25],[146.5,-37.5]]]},"properties":{"cell":"586_-150","r7":8.2,"r14":62.3,"rmax24":7.2}},{"type":"Feature","geometry":{"type":"Polygon","coordinates":[[[146.5,-37.25],[146.75,-37.25],[146.75,-37.0],[146.5,-37.0],[146.5,-37.25]]]},"properties":{"cell":"586_-149","r7":28.9,"r14":126.5,"rmax24":28.8}},{"type":"Feature","geometry":{"type":"Polygon","coordinates":[[[146.5,-37.0],[146.75,-37.0],[146.75,-36.75],[146.5,-36.75],[146.5,-37.0]]]},"properties":{"cell":"586_-148","r7":17.6,"r14":95.0,"rmax24":16.2}},{"type":"Feature","geometry":{"type":"Polygon","coordinates":[[[146.5,-36.75],[146.75,-36.75],[146.75,-36.5],[146.5,-36.5],[146.5,-36.75]]]},"properties":{"cell":"586_-147","r7":24.6,"r14":99.3,"rmax24":21.4}},{"type":"Feature","geometry":{"type":"Polygon","coordinates":[[[146.5,-36.5],[146.75,-36.5],[146.75,-36.25],[146.5,-36.25],[146.5,-36.5]]]},"properties":{"cell":"586_-146","r7":17.9,"r14":93.4,"rmax24":15.1}},{"type":"Feature","geometry":{"type":"Polygon","coordinates":[[[146.5,-36.25],[146.75,-36.25],[146.75,-36.0],[146.5,-36.0],[146.5,-36.25]]]},"properties":{"cell":"586_-145","r7":24.5,"r14":77.0,"rmax24":23.6}},{"type":"Feature","geometry":{"type":"Polygon","coordinates":[[[146.5,-36.0],[146.75,-36.0],[146.75,-35.75],[146.5,-35.75],[146.5,-36.0]]]},"properties":{"cell":"586_-144","r7":8.0,"r14":49.5,"rmax24":7.2}},{"type":"Feature","geometry":{"type":"Polygon","coordinates":[[[146.5,-33.0],[146.75,-33.0],[146.75,-32.75],[146.5,-32.75],[146.5,-33.0]]]},"properties":{"cell":"586_-132","r7":0.1,"r14":26.9,"rmax24":0.1}},{"type":"Feature","geometry":{"type":"Polygon","coordinates":[[[146.5,-32.75],[146.75,-32.75],[146.75,-32.5],[146.5,-32.5],[146.5,-32.75]]]},"properties":{"cell":"586_-131","r7":0.2,"r14":23.7,"rmax24":0.2}},{"type":"Feature","geometry":{"type":"Polygon","coordinates":[[[146.5,-32.5],[146.75,-32.5],[146.75,-32.25],[146.5,-32.25],[146.5,-32.5]]]},"properties":{"cell":"586_-130","r7":0.1,"r14":24.5,"rmax24":0.1}},{"type":"Feature","geometry":{"type":"Polygon","coordinates":[[[146.5,-32.25],[146.75,-32.25],[146.75,-32.0],[146.5,-32.0],[146.5,-32.25]]]},"properties":{"cell":"586_-129","r7":0.1,"r14":23.7,"rmax24":0.1}},{"type":"Feature","geometry":{"type":"Polygon","coordinates":[[[146.5,-32.0],[146.75,-32.0],[146.75,-31.75],[146.5,-31.75],[146.5,-32.0]]]},"properties":{"cell":"586_-128","r7":0.6,"r14":21.5,"rmax24":0.5}},{"type":"Feature","geometry":{"type":"Polygon","coordinates":[[[146.5,-31.75],[146.75,-31.75],[146.75,-31.5],[146.5,-31.5],[146.5,-31.75]]]},"properties":{"cell":"586_-127","r7":0.2,"r14":20.7,"rmax24":0.2}},{"type":"Feature","geometry":{"type":"Polygon","coordinates":[[[146.5,-31.5],[146.75,-31.5],[146.75,-31.25],[146.5,-31.25],[146.5,-31.5]]]},"properties":{"cell":"586_-126","r7":0.1,"r14":15.2,"rmax24":0.1}},{"type":"Feature","geometry":{"type":"Polygon","coordinates":[[[146.5,-31.25],[146.75,-31.25],[146.75,-31.0],[146.5,-31.0],[146.5,-31.25]]]},"properties":{"cell":"586_-125","r7":0.0,"r14":16.2,"rmax24":0.0}},{"type":"Feature","geometry":{"type":"Polygon","coordinates":[[[146.5,-31.0],[146.75,-31.0],[146.75,-30.75],[146.5,-30.75],[146.5,-31.0]]]},"properties":{"cell":"586_-124","r7":0.3,"r14":17.5,"rmax24":0.2}},{"type":"Feature","geometry":{"type":"Polygon","coordinates":[[[146.5,-21.75],[146.75,-21.75],[146.75,-21.5],[146.5,-21.5],[146.5,-21.75]]]},"properties":{"cell":"586_-87","r7":0.6,"r14":0.7,"rmax24":0.5}},{"type":"Feature","geometry":{"type":"Polygon","coordinates":[[[146.5,-21.5],[146.75,-21.5],[146.75,-21.25],[146.5,-21.25],[146.5,-21.5]]]},"properties":{"cell":"586_-86","r7":1.0,"r14":1.1,"rmax24":0.8}},{"type":"Feature","geometry":{"type":"Polygon","coordinates":[[[146.5,-21.25],[146.75,-21.25],[146.75,-21.0],[146.5,-21.0],[146.5,-21.25]]]},"properties":{"cell":"586_-85","r7":0.8,"r14":0.8,"rmax24":0.5}},{"type":"Feature","geometry":{"type":"Polygon","coordinates":[[[146.5,-21.0],[146.75,-21.0],[146.75,-20.75],[146.5,-20.75],[146.5,-21.0]]]},"properties":{"cell":"586_-84","r7":1.4,"r14":1.9,"rmax24":1.2}},{"type":"Feature","geometry":{"type":"Polygon","coordinates":[[[146.5,-20.75],[146.75,-20.75],[146.75,-20.5],[146.5,-20.5],[146.5,-20.75]]]},"properties":{"cell":"586_-83","r7":1.1,"r14":1.1,"rmax24":0.8}},{"type":"Feature","geometry":{"type":"Polygon","coordinates":[[[146.5,-20.5],[146.75,-20.5],[146.75,-20.25],[146.5,-20.25],[146.5,-20.5]]]},"properties":{"cell":"586_-82","r7":0.7,"r14":1.0,"rmax24":0.6}},{"type":"Feature","geometry":{"type":"Polygon","coordinates":[[[146.5,-20.25],[146.75,-20.25],[146.75,-20.0],[146.5,-20.0],[146.5,-20.25]]]},"properties":{"cell":"586_-81","r7":1.3,"r14":1.5,"rmax24":1.0}},{"type":"Feature","geometry":{"type":"Polygon","coordinates":[[[146.5,-20.0],[146.75,-20.0],[146.75,-19.75],[146.5,-19.75],[146.5,-20.0]]]},"properties":{"cell":"586_-80","r7":1.1,"r14":1.3,"rmax24":1.0}},{"type":"Feature","geometry":{"type":"Polygon","coordinates":[[[146.5,-19.75],[146.75,-19.75],[146.75,-19.5],[146.5,-19.5],[146.5,-19.75]]]},"properties":{"cell":"586_-79","r7":0.9,"r14":1.3,"rmax24":0.4}},{"type":"Feature","geometry":{"type":"Polygon","coordinates":[[[146.5,-19.5],[146.75,-19.5],[146.75,-19.25],[146.5,-19.25],[146.5,-19.5]]]},"properties":{"cell":"586_-78","r7":5.5,"r14":6.6,"rmax24":2.1}},{"type":"Feature","geometry":{"type":"Polygon","coordinates":[[[146.75,-43.5],[147.0,-43.5],[147.0,-43.25],[146.75,-43.25],[146.75,-43.5]]]},"properties":{"cell":"587_-174","r7":11.4,"r14":20.3,"rmax24":4.7}},{"type":"Feature","geometry":{"type":"Polygon","coordinates":[[[146.75,-43.25],[147.0,-43.25],[147.0,-43.0],[146.75,-43.0],[146.75,-43.25]]]},"properties":{"cell":"587_-173","r7":11.2,"r14":20.1,"rmax24":5.2}},{"type":"Feature","geometry":{"type":"Polygon","coordinates":[[[146.75,-43.0],[147.0,-43.0],[147.0,-42.75],[146.75,-42.75],[146.75,-43.0]]]},"properties":{"cell":"587_-172","r7":10.6,"r14":19.9,"rmax24":3.5}},{"type":"Feature","geometry":{"type":"Polygon","coordinates":[[[146.75,-41.5],[147.0,-41.5],[147.0,-41.25],[146.75,-41.25],[146.75,-41.5]]]},"properties":{"cell":"587_-166","r7":25.0,"r14":34.7,"rmax24":23.1}},{"type":"Feature","geometry":{"type":"Polygon","coordinates":[[[146.75,-41.25],[147.0,-41.25],[147.0,-41.0],[146.75,-41.0],[146.75,-41.25]]]},"properties":{"cell":"587_-165","r7":21.4,"r14":37.9,"rmax24":19.2}},{"type":"Feature","geometry":{"type":"Polygon","coordinates":[[[146.75,-41.0],[147.0,-41.0],[147.0,-40.75],[146.75,-40.75],[146.75,-41.0]]]},"properties":{"cell":"587_-164","r7":10.0,"r14":23.2,"rmax24":9.2}},{"type":"Feature","geometry":{"type":"Polygon","coordinates":[[[146.75,-37.5],[147.0,-37.5],[147.0,-37.25],[146.75,-37.25],[146.75,-37.5]]]},"properties":{"cell":"587_-150","r7":7.3,"r14":55.2,"rmax24":7.1}},{"type":"Feature","geometry":{"type":"Polygon","coordinates":[[[146.75,-37.25],[147.0,-37.25],[147.0,-37.0],[146.75,-37.0],[146.75,-37.25]]]},"properties":{"cell":"587_-149","r7":11.4,"r14":74.9,"rmax24":11.3}},{"type":"Feature","geometry":{"type":"Polygon","coordinates":[[[146.75,-37.0],[147.0,-37.0],[147.0,-36.75],[146.75,-36.75],[146.75,-37.0]]]},"properties":{"cell":"587_-148","r7":29.4,"r14":116.6,"rmax24":28.5}},{"type":"Feature","geometry":{"type":"Polygon","coordinates":[[[146.75,-36.75],[147.0,-36.75],[147.0,-36.5],[146.75,-36.5],[146.75,-36.75]]]},"properties":{"cell":"587_-147","r7":26.8,"r14":123.8,"rmax24":25.0}},{"type":"Feature","geometry":{"type":"Polygon","coordinates":[[[146.75,-36.5],[147.0,-36.5],[147.0,-36.25],[146.75,-36.25],[146.75,-36.5]]]},"properties":{"cell":"587_-146","r7":13.9,"r14":118.6,"rmax24":13.3}},{"type":"Feature","geometry":{"type":"Polygon","coordinates":[[[146.75,-36.25],[147.0,-36.25],[147.0,-36.0],[146.75,-36.0],[146.75,-36.25]]]},"properties":{"cell":"587_-145","r7":21.2,"r14":76.6,"rmax24":20.5}},{"type":"Feature","geometry":{"type":"Polygon","coordinates":[[[146.75,-36.0],[147.0,-36.0],[147.0,-35.75],[146.75,-35.75],[146.75,-36.0]]]},"properties":{"cell":"587_-144","r7":23.5,"r14":76.7,"rmax24":23.0}},{"type":"Feature","geometry":{"type":"Polygon","coordinates":[[[146.75,-34.25],[147.0,-34.25],[147.0,-34.0],[146.75,-34.0],[146.75,-34.25]]]},"properties":{"cell":"587_-137","r7":0.9,"r14":32.3,"rmax24":0.6}},{"type":"Feature","geometry":{"type":"Polygon","coordinates":[[[146.75,-34.0],[147.0,-34.0],[147.0,-33.75],[146.75,-33.75],[146.75,-34.0]]]},"properties":{"cell":"587_-136","r7":1.0,"r14":34.1,"rmax24":0.6}},{"type":"Feature","geometry":{"type":"Polygon","coordinates":[[[146.75,-33.75],[147.0,-33.75],[147.0,-33.5],[146.75,-33.5],[146.75,-33.75]]]},"properties":{"cell":"587_-135","r7":0.2,"r14":37.3,"rmax24":0.2}},{"type":"Feature","geometry":{"type":"Polygon","coordinates":[[[146.75,-33.0],[147.0,-33.0],[147.0,-32.75],[146.75,-32.75],[146.75,-33.0]]]},"properties":{"cell":"587_-132","r7":0.3,"r14":29.3,"rmax24":0.2}},{"type":"Feature","geometry":{"type":"Polygon","coordinates":[[[146.75,-32.75],[147.0,-32.75],[147.0,-32.5],[146.75,-32.5],[146.75,-32.75]]]},"properties":{"cell":"587_-131","r7":0.8,"r14":24.5,"rmax24":0.7}},{"type":"Feature","geometry":{"type":"Polygon","coordinates":[[[146.75,-32.5],[147.0,-32.5],[147.0,-32.25],[146.75,-32.25],[146.75,-32.5]]]},"properties":{"cell":"587_-130","r7":0.0,"r14":22.6,"rmax24":0.0}},{"type":"Feature","geometry":{"type":"Polygon","coordinates":[[[146.75,-32.25],[147.0,-32.25],[147.0,-32.0],[146.75,-32.0],[146.75,-32.25]]]},"properties":{"cell":"587_-129","r7":0.0,"r14":20.9,"rmax24":0.0}},{"type":"Feature","geometry":{"type":"Polygon","coordinates":[[[146.75,-32.0],[147.0,-32.0],[147.0,-31.75],[146.75,-31.75],[146.75,-32.0]]]},"properties":{"cell":"587_-128","r7":0.2,"r14":19.2,"rmax24":0.2}},{"type":"Feature","geometry":{"type":"Polygon","coordinates":[[[146.75,-31.75],[147.0,-31.75],[147.0,-31.5],[146.75,-31.5],[146.75,-31.75]]]},"properties":{"cell":"587_-127","r7":0.2,"r14":18.5,"rmax24":0.2}},{"type":"Feature","geometry":{"type":"Polygon","coordinates":[[[146.75,-31.5],[147.0,-31.5],[147.0,-31.25],[146.75,-31.25],[146.75,-31.5]]]},"properties":{"cell":"587_-126","r7":0.1,"r14":18.9,"rmax24":0.1}},{"type":"Feature","geometry":{"type":"Polygon","coordinates":[[[146.75,-31.25],[147.0,-31.25],[147.0,-31.0],[146.75,-31.0],[146.75,-31.25]]]},"properties":{"cell":"587_-125","r7":0.0,"r14":17.5,"rmax24":0.0}},{"type":"Feature","geometry":{"type":"Polygon","coordinates":[[[146.75,-31.0],[147.0,-31.0],[147.0,-30.75],[146.75,-30.75],[146.75,-31.0]]]},"properties":{"cell":"587_-124","r7":0.0,"r14":14.2,"rmax24":0.0}},{"type":"Feature","geometry":{"type":"Polygon","coordinates":[[[146.75,-21.5],[147.0,-21.5],[147.0,-21.25],[146.75,-21.25],[146.75,-21.5]]]},"properties":{"cell":"587_-86","r7":0.8,"r14":1.0,"rmax24":0.7}},{"type":"Feature","geometry":{"type":"Polygon","coordinates":[[[146.75,-21.25],[147.0,-21.25],[147.0,-21.0],[146.75,-21.0],[146.75,-21.25]]]},"properties":{"cell":"587_-85","r7":0.7,"r14":0.9,"rmax24":0.4}},{"type":"Feature","geometry":{"type":"Polygon","coordinates":[[[146.75,-21.0],[147.0,-21.0],[147.0,-20.75],[146.75,-20.75],[146.75,-21.0]]]},"properties":{"cell":"587_-84","r7":1.8,"r14":1.9,"rmax24":1.5}},{"type":"Feature","geometry":{"type":"Polygon","coordinates":[[[146.75,-20.75],[147.0,-20.75],[147.0,-20.5],[146.75,-20.5],[146.75,-20.75]]]},"properties":{"cell":"587_-83","r7":0.9,"r14":1.2,"rmax24":0.5}},{"type":"Feature","geometry":{"type":"Polygon","coordinates":[[[146.75,-20.25],[147.0,-20.25],[147.0,-20.0],[146.75,-20.0],[146.75,-20.25]]]},"properties":{"cell":"587_-81","r7":0.5,"r14":1.0,"rmax24":0.4}},{"type":"Feature","geometry":{"type":"Polygon","coordinates":[[[146.75,-20.0],[147.0,-20.0],[147.0,-19.75],[146.75,-19.75],[146.75,-20.0]]]},"properties":{"cell":"587_-80","r7":1.3,"r14":1.6,"rmax24":0.8}},{"type":"Feature","geometry":{"type":"Polygon","coordinates":[[[146.75,-19.75],[147.0,-19.75],[147.0,-19.5],[146.75,-19.5],[146.75,-19.75]]]},"properties":{"cell":"587_-79","r7":0.9,"r14":2.2,"rmax24":0.5}},{"type":"Feature","geometry":{"type":"Polygon","coordinates":[[[147.0,-43.5],[147.25,-43.5],[147.25,-43.25],[147.0,-43.25],[147.0,-43.5]]]},"properties":{"cell":"588_-174","r7":9.3,"r14":16.8,"rmax24":4.7}},{"type":"Feature","geometry":{"type":"Polygon","coordinates":[[[147.0,-43.25],[147.25,-43.25],[147.25,-43.0],[147.0,-43.0],[147.0,-43.25]]]},"properties":{"cell":"588_-173","r7":6.8,"r14":11.5,"rmax24":4.2}},{"type":"Feature","geometry":{"type":"Polygon","coordinates":[[[147.0,-43.0],[147.25,-43.0],[147.25,-42.75],[147.0,-42.75],[147.0,-43.0]]]},"properties":{"cell":"588_-172","r7":6.2,"r14":12.0,"rmax24":3.6}},{"type":"Feature","geometry":{"type":"Polygon","coordinates":[[[147.0,-41.5],[147.25,-41.5],[147.25,-41.25],[147.0,-41.25],[147.0,-41.5]]]},"properties":{"cell":"588_-166","r7":23.8,"r14":32.7,"rmax24":21.7}},{"type":"Feature","geometry":{"type":"Polygon","coordinates":[[[147.0,-41.25],[147.25,-41.25],[147.25,-41.0],[147.0,-41.0],[147.0,-41.25]]]},"properties":{"cell":"588_-165","r7":19.9,"r14":38.7,"rmax24":16.8}},{"type":"Feature","geometry":{"type":"Polygon","coordinates":[[[147.0,-41.0],[147.25,-41.0],[147.25,-40.75],[147.0,-40.75],[147.0,-41.0]]]},"properties":{"cell":"588_-164","r7":19.5,"r14":35.5,"rmax24":19.1}},{"type":"Feature","geometry":{"type":"Polygon","coordinates":[[[147.0,-37.5],[147.25,-37.5],[147.25,-37.25],[147.0,-37.25],[147.0,-37.5]]]},"properties":{"cell":"588_-150","r7":3.1,"r14":42.6,"rmax24":2.9}},{"type":"Feature","geometry":{"type":"Polygon","coordinates":[[[147.0,-37.25],[147.25,-37.25],[147.25,-37.0],[147.0,-37.0],[147.0,-37.25]]]},"properties":{"cell":"588_-149","r7":10.5,"r14":79.6,"rmax24":10.5}},{"type":"Feature","geometry":{"type":"Polygon","coordinates":[[[147.0,-37.0],[147.25,-37.0],[147.25,-36.75],[147.0,-36.75],[147.0,-37.0]]]},"properties":{"cell":"588_-148","r7":26.1,"r14":131.9,"rmax24":23.7}},{"type":"Feature","geometry":{"type":"Polygon","coordinates":[[[147.0,-36.75],[147.25,-36.75],[147.25,-36.5],[147.0,-36.5],[147.0,-36.75]]]},"properties":{"cell":"588_-147","r7":15.0,"r14":92.1,"rmax24":13.8}},{"type":"Feature","geometry":{"type":"Polygon","coordinates":[[[147.0,-36.5],[147.25,-36.5],[147.25,-36.25],[147.0,-36.25],[147.0,-36.5]]]},"properties":{"cell":"588_-146","r7":19.9,"r14":106.6,"rmax24":18.3}},{"type":"Feature","geometry":{"type":"Polygon","coordinates":[[[147.0,-36.25],[147.25,-36.25],[147.25,-36.0],[147.0,-36.0],[147.0,-36.25]]]},"properties":{"cell":"588_-145","r7":17.1,"r14":68.9,"rmax24":15.8}},{"type":"Feature","geometry":{"type":"Polygon","coordinates":[[[147.0,-36.0],[147.25,-36.0],[147.25,-35.75],[147.0,-35.75],[147.0,-36.0]]]},"properties":{"cell":"588_-144","r7":11.9,"r14":60.7,"rmax24":11.2}},{"type":"Feature","geometry":{"type":"Polygon","coordinates":[[[147.0,-34.75],[147.25,-34.75],[147.25,-34.5],[147.0,-34.5],[147.0,-34.75]]]},"properties":{"cell":"588_-139","r7":1.8,"r14":44.7,"rmax24":1.1}},{"type":"Feature","geometry":{"type":"Polygon","coordinates":[[[147.0,-34.5],[147.25,-34.5],[147.25,-34.25],[147.0,-34.25],[147.0,-34.5]]]},"properties":{"cell":"588_-138","r7":2.1,"r14":40.2,"rmax24":1.3}},{"type":"Feature","geometry":{"type":"Polygon","coordinates":[[[147.0,-34.25],[147.25,-34.25],[147.25,-34.0],[147.0,-34.0],[147.0,-34.25]]]},"properties":{"cell":"588_-137","r7":0.8,"r14":34.5,"rmax24":0.3}},{"type":"Feature","geometry":{"type":"Polygon","coordinates":[[[147.0,-34.0],[147.25,-34.0],[147.25,-33.75],[147.0,-33.75],[147.0,-34.0]]]},"properties":{"cell":"588_-136","r7":0.5,"r14":39.8,"rmax24":0.5}},{"type":"Feature","geometry":{"type":"Polygon","coordinates":[[[147.0,-33.75],[147.25,-33.75],[147.25,-33.5],[147.0,-33.5],[147.0,-33.75]]]},"properties":{"cell":"588_-135","r7":0.2,"r14":41.3,"rmax24":0.2}},{"type":"Feature","geometry":{"type":"Polygon","coordinates":[[[147.0,-33.5],[147.25,-33.5],[147.25,-33.25],[147.0,-33.25],[147.0,-33.5]]]},"properties":{"cell":"588_-134","r7":0.4,"r14":41.9,"rmax24":0.3}},{"type":"Feature","geometry":{"type":"Polygon","coordinates":[[[147.0,-33.25],[147.25,-33.25],[147.25,-33.0],[147.0,-33.0],[147.0,-33.25]]]},"properties":{"cell":"588_-133","r7":0.6,"r14":33.0,"rmax24":0.2}},{"type":"Feature","geometry":{"type":"Polygon","coordinates":[[[147.0,-33.0],[147.25,-33.0],[147.25,-32.75],[147.0,-32.75],[147.0,-33.0]]]},"properties":{"cell":"588_-132","r7":1.1,"r14":29.3,"rmax24":0.4}},{"type":"Feature","geometry":{"type":"Polygon","coordinates":[[[147.0,-32.75],[147.25,-32.75],[147.25,-32.5],[147.0,-32.5],[147.0,-32.75]]]},"properties":{"cell":"588_-131","r7":0.6,"r14":24.6,"rmax24":0.4}},{"type":"Feature","geometry":{"type":"Polygon","coordinates":[[[147.0,-32.5],[147.25,-32.5],[147.25,-32.25],[147.0,-32.25],[147.0,-32.5]]]},"properties":{"cell":"588_-130","r7":0.9,"r14":25.7,"rmax24":0.5}},{"type":"Feature","geometry":{"type":"Polygon","coordinates":[[[147.0,-32.25],[147.25,-32.25],[147.25,-32.0],[147.0,-32.0],[147.0,-32.25]]]},"properties":{"cell":"588_-129","r7":0.5,"r14":27.7,"rmax24":0.3}},{"type":"Feature","geometry":{"type":"Polygon","coordinates":[[[147.0,-32.0],[147.25,-32.0],[147.25,-31.75],[147.0,-31.75],[147.0,-32.0]]]},"properties":{"cell":"588_-128","r7":0.0,"r14":19.2,"rmax24":0.0}},{"type":"Feature","geometry":{"type":"Polygon","coordinates":[[[147.0,-31.75],[147.25,-31.75],[147.25,-31.5],[147.0,-31.5],[147.0,-31.75]]]},"properties":{"cell":"588_-127","r7":0.2,"r14":19.6,"rmax24":0.2}},{"type":"Feature","geometry":{"type":"Polygon","coordinates":[[[147.0,-31.5],[147.25,-31.5],[147.25,-31.25],[147.0,-31.25],[147.0,-31.5]]]},"properties":{"cell":"588_-126","r7":0.0,"r14":18.2,"rmax24":0.0}},{"type":"Feature","geometry":{"type":"Polygon","coordinates":[[[147.0,-31.25],[147.25,-31.25],[147.25,-31.0],[147.0,-31.0],[147.0,-31.25]]]},"properties":{"cell":"588_-125","r7":0.3,"r14":15.3,"rmax24":0.3}},{"type":"Feature","geometry":{"type":"Polygon","coordinates":[[[147.0,-31.0],[147.25,-31.0],[147.25,-30.75],[147.0,-30.75],[147.0,-31.0]]]},"properties":{"cell":"588_-124","r7":0.0,"r14":14.4,"rmax24":0.0}},{"type":"Feature","geometry":{"type":"Polygon","coordinates":[[[147.0,-21.5],[147.25,-21.5],[147.25,-21.25],[147.0,-21.25],[147.0,-21.5]]]},"properties":{"cell":"588_-86","r7":0.6,"r14":1.1,"rmax24":0.4}},{"type":"Feature","geometry":{"type":"Polygon","coordinates":[[[147.0,-21.25],[147.25,-21.25],[147.25,-21.0],[147.0,-21.0],[147.0,-21.25]]]},"properties":{"cell":"588_-85","r7":1.0,"r14":1.1,"rmax24":0.7}},{"type":"Feature","geometry":{"type":"Polygon","coordinates":[[[147.0,-21.0],[147.25,-21.0],[147.25,-20.75],[147.0,-20.75],[147.0,-21.0]]]},"properties":{"cell":"588_-84","r7":0.7,"r14":1.3,"rmax24":0.4}},{"type":"Feature","geometry":{"type":"Polygon","coordinates":[[[147.0,-20.75],[147.25,-20.75],[147.25,-20.5],[147.0,-20.5],[147.0,-20.75]]]},"properties":{"cell":"588_-83","r7":0.3,"r14":0.6,"rmax24":0.2}},{"type":"Feature","geometry":{"type":"Polygon","coordinates":[[[147.0,-20.5],[147.25,-20.5],[147.25,-20.25],[147.0,-20.25],[147.0,-20.5]]]},"properties":{"cell":"588_-82","r7":1.2,"r14":1.6,"rmax24":1.2}},{"type":"Feature","geometry":{"type":"Polygon","coordinates":[[[147.0,-20.25],[147.25,-20.25],[147.25,-20.0],[147.0,-20.0],[147.0,-20.25]]]},"properties":{"cell":"588_-81","r7":0.9,"r14":1.4,"rmax24":0.5}},{"type":"Feature","geometry":{"type":"Polygon","coordinates":[[[147.0,-20.0],[147.25,-20.0],[147.25,-19.75],[147.0,-19.75],[147.0,-20.0]]]},"properties":{"cell":"588_-80","r7":3.4,"r14":4.6,"rmax24":1.7}},{"type":"Feature","geometry":{"type":"Polygon","coordinates":[[[147.25,-43.5],[147.5,-43.5],[147.5,-43.25],[147.25,-43.25],[147.25,-43.5]]]},"properties":{"cell":"589_-174","r7":9.6,"r14":19.5,"rmax24":4.9}},{"type":"Feature","geometry":{"type":"Polygon","coordinates":[[[147.25,-43.25],[147.5,-43.25],[147.5,-43.0],[147.25,-43.0],[147.25,-43.25]]]},"properties":{"cell":"589_-173","r7":4.2,"r14":8.8,"rmax24":2.6}},{"type":"Feature","geometry":{"type":"Polygon","coordinates":[[[147.25,-43.0],[147.5,-43.0],[147.5,-42.75],[147.25,-42.75],[147.25,-43.0]]]},"properties":{"cell":"589_-172","r7":2.1,"r14":6.1,"rmax24":1.1}},{"type":"Feature","geometry":{"type":"Polygon","coordinates":[[[147.25,-41.5],[147.5,-41.5],[147.5,-41.25],[147.25,-41.25],[147.25,-41.5]]]},"properties":{"cell":"589_-166","r7":34.4,"r14":53.0,"rmax24":27.5}},{"type":"Feature","geometry":{"type":"Polygon","coordinates":[[[147.25,-41.25],[147.5,-41.25],[147.5,-41.0],[147.25,-41.0],[147.25,-41.25]]]},"properties":{"cell":"589_-165","r7":21.0,"r14":36.1,"rmax24":19.3}},{"type":"Feature","geometry":{"type":"Polygon","coordinates":[[[147.25,-41.0],[147.5,-41.0],[147.5,-40.75],[147.25,-40.75],[147.25,-41.0]]]},"properties":{"cell":"589_-164","r7":14.0,"r14":29.0,"rmax24":11.8}},{"type":"Feature","geometry":{"type":"Polygon","coordinates":[[[147.25,-37.5],[147.5,-37.5],[147.5,-37.25],[147.25,-37.25],[147.25,-37.5]]]},"properties":{"cell":"589_-150","r7":2.5,"r14":34.8,"rmax24":1.6}},{"type":"Feature","geometry":{"type":"Polygon","coordinates":[[[147.25,-37.25],[147.5,-37.25],[147.5,-37.0],[147.25,-37.0],[147.25,-37.25]]]},"properties":{"cell":"589_-149","r7":8.0,"r14":64.3,"rmax24":8.0}},{"type":"Feature","geometry":{"type":"Polygon","coordinates":[[[147.25,-37.0],[147.5,-37.0],[147.5,-36.75],[147.25,-36.75],[147.25,-37.0]]]},"properties":{"cell":"589_-148","r7":31.8,"r14":122.4,"rmax24":31.8}},{"type":"Feature","geometry":{"type":"Polygon","coordinates":[[[147.25,-36.75],[147.5,-36.75],[147.5,-36.5],[147.25,-36.5],[147.25,-36.75]]]},"properties":{"cell":"589_-147","r7":17.9,"r14":114.2,"rmax24":17.3}},{"type":"Feature","geometry":{"type":"Polygon","coordinates":[[[147.25,-36.5],[147.5,-36.5],[147.5,-36.25],[147.25,-36.25],[147.25,-36.5]]]},"properties":{"cell":"589_-146","r7":20.8,"r14":78.7,"rmax24":19.9}},{"type":"Feature","geometry":{"type":"Polygon","coordinates":[[[147.25,-36.25],[147.5,-36.25],[147.5,-36.0],[147.25,-36.0],[147.25,-36.25]]]},"properties":{"cell":"589_-145","r7":27.1,"r14":82.9,"rmax24":23.9}},{"type":"Feature","geometry":{"type":"Polygon","coordinates":[[[147.25,-36.0],[147.5,-36.0],[147.5,-35.75],[147.25,-35.75],[147.25,-36.0]]]},"properties":{"cell":"589_-144","r7":16.5,"r14":77.2,"rmax24":15.5}},{"type":"Feature","geometry":{"type":"Polygon","coordinates":[[[147.25,-35.75],[147.5,-35.75],[147.5,-35.5],[147.25,-35.5],[147.25,-35.75]]]},"properties":{"cell":"589_-143","r7":9.5,"r14":63.4,"rmax24":8.7}},{"type":"Feature","geometry":{"type":"Polygon","coordinates":[[[147.25,-35.25],[147.5,-35.25],[147.5,-35.0],[147.25,-35.0],[147.25,-35.25]]]},"properties":{"cell":"589_-141","r7":1.8,"r14":48.1,"rmax24":0.7}},{"type":"Feature","geometry":{"type":"Polygon","coordinates":[[[147.25,-35.0],[147.5,-35.0],[147.5,-34.75],[147.25,-34.75],[147.25,-35.0]]]},"properties":{"cell":"589_-140","r7":3.5,"r14":47.6,"rmax24":1.6}},{"type":"Feature","geometry":{"type":"Polygon","coordinates":[[[147.25,-34.75],[147.5,-34.75],[147.5,-34.5],[147.25,-34.5],[147.25,-34.75]]]},"properties":{"cell":"589_-139","r7":3.4,"r14":47.6,"rmax24":2.3}},{"type":"Feature","geometry":{"type":"Polygon","coordinates":[[[147.25,-34.5],[147.5,-34.5],[147.5,-34.25],[147.25,-34.25],[147.25,-34.5]]]},"properties":{"cell":"589_-138","r7":1.2,"r14":45.2,"rmax24":0.5}},{"type":"Feature","geometry":{"type":"Polygon","coordinates":[[[147.25,-34.25],[147.5,-34.25],[147.5,-34.0],[147.25,-34.0],[147.25,-34.25]]]},"properties":{"cell":"589_-137","r7":1.4,"r14":38.7,"rmax24":1.0}},{"type":"Feature","geometry":{"type":"Polygon","coordinates":[[[147.25,-34.0],[147.5,-34.0],[147.5,-33.75],[147.25,-33.75],[147.25,-34.0]]]},"properties":{"cell":"589_-136","r7":0.6,"r14":41.6,"rmax24":0.3}},{"type":"Feature","geometry":{"type":"Polygon","coordinates":[[[147.25,-33.75],[147.5,-33.75],[147.5,-33.5],[147.25,-33.5],[147.25,-33.75]]]},"properties":{"cell":"589_-135","r7":0.4,"r14":38.9,"rmax24":0.3}},{"type":"Feature","geometry":{"type":"Polygon","coordinates":[[[147.25,-33.5],[147.5,-33.5],[147.5,-33.25],[147.25,-33.25],[147.25,-33.5]]]},"properties":{"cell":"589_-134","r7":0.6,"r14":40.4,"rmax24":0.4}},{"type":"Feature","geometry":{"type":"Polygon","coordinates":[[[147.25,-33.25],[147.5,-33.25],[147.5,-33.0],[147.25,-33.0],[147.25,-33.25]]]},"properties":{"cell":"589_-133","r7":0.6,"r14":34.5,"rmax24":0.4}},{"type":"Feature","geometry":{"type":"Polygon","coordinates":[[[147.25,-33.0],[147.5,-33.0],[147.5,-32.75],[147.25,-32.75],[147.25,-33.0]]]},"properties":{"cell":"589_-132","r7":1.9,"r14":33.4,"rmax24":0.9}},{"type":"Feature","geometry":{"type":"Polygon","coordinates":[[[147.25,-32.75],[147.5,-32.75],[147.5,-32.5],[147.25,-32.5],[147.25,-32.75]]]},"properties":{"cell":"589_-131","r7":2.1,"r14":29.3,"rmax24":1.3}},{"type":"Feature","geometry":{"type":"Polygon","coordinates":[[[147.25,-32.5],[147.5,-32.5],[147.5,-32.25],[147.25,-32.25],[147.25,-32.5]]]},"properties":{"cell":"589_-130","r7":1.4,"r14":28.9,"rmax24":0.9}},{"type":"Feature","geometry":{"type":"Polygon","coordinates":[[[147.25,-32.25],[147.5,-32.25],[147.5,-32.0],[147.25,-32.0],[147.25,-32.25]]]},"properties":{"cell":"589_-129","r7":0.7,"r14":26.2,"rmax24":0.3}},{"type":"Feature","geometry":{"type":"Polygon","coordinates":[[[147.25,-32.0],[147.5,-32.0],[147.5,-31.75],[147.25,-31.75],[147.25,-32.0]]]},"properties":{"cell":"589_-128","r7":0.7,"r14":25.0,"rmax24":0.5}},{"type":"Feature","geometry":{"type":"Polygon","coordinates":[[[147.25,-31.75],[147.5,-31.75],[147.5,-31.5],[147.25,-31.5],[147.25,-31.75]]]},"properties":{"cell":"589_-127","r7":0.4,"r14":21.6,"rmax24":0.3}},{"type":"Feature","geometry":{"type":"Polygon","coordinates":[[[147.25,-31.5],[147.5,-31.5],[147.5,-31.25],[147.25,-31.25],[147.25,-31.5]]]},"properties":{"cell":"589_-126","r7":0.4,"r14":17.2,"rmax24":0.4}},{"type":"Feature","geometry":{"type":"Polygon","coordinates":[[[147.25,-31.25],[147.5,-31.25],[147.5,-31.0],[147.25,-31.0],[147.25,-31.25]]]},"properties":{"cell":"589_-125","r7":0.3,"r14":17.0,"rmax24":0.3}},{"type":"Feature","geometry":{"type":"Polygon","coordinates":[[[147.25,-31.0],[147.5,-31.0],[147.5,-30.75],[147.25,-30.75],[147.25,-31.0]]]},"properties":{"cell":"589_-124","r7":0.1,"r14":15.5,"rmax24":0.1}},{"type":"Feature","geometry":{"type":"Polygon","coordinates":[[[147.25,-23.0],[147.5,-23.0],[147.5,-22.75],[147.25,-22.75],[147.25,-23.0]]]},"properties":{"cell":"589_-92","r7":0.2,"r14":1.0,"rmax24":0.2}},{"type":"Feature","geometry":{"type":"Polygon","coordinates":[[[147.25,-21.5],[147.5,-21.5],[147.5,-21.25],[147.25,-21.25],[147.25,-21.5]]]},"properties":{"cell":"589_-86","r7":0.2,"r14":0.6,"rmax24":0.1}},{"type":"Feature","geometry":{"type":"Polygon","coordinates":[[[147.25,-21.25],[147.5,-21.25],[147.5,-21.0],[147.25,-21.0],[147.25,-21.25]]]},"properties":{"cell":"589_-85","r7":0.8,"r14":0.9,"rmax24":0.6}},{"type":"Feature","geometry":{"type":"Polygon","coordinates":[[[147.25,-21.0],[147.5,-21.0],[147.5,-20.75],[147.25,-20.75],[147.25,-21.0]]]},"properties":{"cell":"589_-84","r7":0.9,"r14":3.1,"rmax24":0.8}},{"type":"Feature","geometry":{"type":"Polygon","coordinates":[[[147.25,-20.75],[147.5,-20.75],[147.5,-20.5],[147.25,-20.5],[147.25,-20.75]]]},"properties":{"cell":"589_-83","r7":0.9,"r14":1.7,"rmax24":0.9}},{"type":"Feature","geometry":{"type":"Polygon","coordinates":[[[147.25,-20.5],[147.5,-20.5],[147.5,-20.25],[147.25,-20.25],[147.25,-20.5]]]},"properties":{"cell":"589_-82","r7":2.0,"r14":2.3,"rmax24":2.0}},{"type":"Feature","geometry":{"type":"Polygon","coordinates":[[[147.25,-20.25],[147.5,-20.25],[147.5,-20.0],[147.25,-20.0],[147.25,-20.25]]]},"properties":{"cell":"589_-81","r7":1.7,"r14":1.7,"rmax24":1.5}},{"type":"Feature","geometry":{"type":"Polygon","coordinates":[[[147.5,-43.5],[147.75,-43.5],[147.75,-43.25],[147.5,-43.25],[147.5,-43.5]]]},"properties":{"cell":"590_-174","r7":6.3,"r14":11.9,"rmax24":4.6}},{"type":"Feature","geometry":{"type":"Polygon","coordinates":[[[147.5,-43.25],[147.75,-43.25],[147.75,-43.0],[147.5,-43.0],[147.5,-43.25]]]},"properties":{"cell":"590_-173","r7":2.4,"r14":5.3,"rmax24":1.3}},{"type":"Feature","geometry":{"type":"Polygon","coordinates":[[[147.5,-43.0],[147.75,-43.0],[147.75,-42.75],[147.5,-42.75],[147.5,-43.0]]]},"properties":{"cell":"590_-172","r7":3.9,"r14":8.5,"rmax24":2.2}},{"type":"Feature","geometry":{"type":"Polygon","coordinates":[[[147.5,-42.0],[147.75,-42.0],[147.75,-41.75],[147.5,-41.75],[147.5,-42.0]]]},"properties":{"cell":"590_-168","r7":9.7,"r14":18.6,"rmax24":8.3}},{"type":"Feature","geometry":{"type":"Polygon","coordinates":[[[147.5,-41.75],[147.75,-41.75],[147.75,-41.5],[147.5,-41.5],[147.5,-41.75]]]},"properties":{"cell":"590_-167","r7":13.7,"r14":22.9,"rmax24":10.4}},{"type":"Feature","geometry":{"type":"Polygon","coordinates":[[[147.5,-41.5],[147.75,-41.5],[147.75,-41.25],[147.5,-41.25],[147.5,-41.5]]]},"properties":{"cell":"590_-166","r7":29.9,"r14":44.8,"rmax24":24.5}},{"type":"Feature","geometry":{"type":"Polygon","coordinates":[[[147.5,-41.25],[147.75,-41.25],[147.75,-41.0],[147.5,-41.0],[147.5,-41.25]]]},"properties":{"cell":"590_-165","r7":16.8,"r14":28.2,"rmax24":15.2}},{"type":"Feature","geometry":{"type":"Polygon","coordinates":[[[147.5,-41.0],[147.75,-41.0],[147.75,-40.75],[147.5,-40.75],[147.5,-41.0]]]},"properties":{"cell":"590_-164","r7":15.4,"r14":29.5,"rmax24":13.6}},{"type":"Feature","geometry":{"type":"Polygon","coordinates":[[[147.5,-40.75],[147.75,-40.75],[147.75,-40.5],[147.5,-40.5],[147.5,-40.75]]]},"properties":{"cell":"590_-163","r7":5.7,"r14":14.0,"rmax24":5.6}},{"type":"Feature","geometry":{"type":"Polygon","coordinates":[[[147.5,-37.5],[147.75,-37.5],[147.75,-37.25],[147.5,-37.25],[147.5,-37.5]]]},"properties":{"cell":"590_-150","r7":4.2,"r14":37.6,"rmax24":2.5}},{"type":"Feature","geometry":{"type":"Polygon","coordinates":[[[147.5,-37.25],[147.75,-37.25],[147.75,-37.0],[147.5,-37.0],[147.5,-37.25]]]},"properties":{"cell":"590_-149","r7":4.0,"r14":48.8,"rmax24":3.9}},{"type":"Feature","geometry":{"type":"Polygon","coordinates":[[[147.5,-37.0],[147.75,-37.0],[147.75,-36.75],[147.5,-36.75],[147.5,-37.0]]]},"properties":{"cell":"590_-148","r7":9.0,"r14":65.7,"rmax24":8.9}},{"type":"Feature","geometry":{"type":"Polygon","coordinates":[[[147.5,-36.75],[147.75,-36.75],[147.75,-36.5],[147.5,-36.5],[147.5,-36.75]]]},"properties":{"cell":"590_-147","r7":20.5,"r14":92.7,"rmax24":19.2}},{"type":"Feature","geometry":{"type":"Polygon","coordinates":[[[147.5,-36.5],[147.75,-36.5],[147.75,-36.25],[147.5,-36.25],[147.5,-36.5]]]},"properties":{"cell":"590_-146","r7":22.2,"r14":89.6,"rmax24":21.5}},{"type":"Feature","geometry":{"type":"Polygon","coordinates":[[[147.5,-36.25],[147.75,-36.25],[147.75,-36.0],[147.5,-36.0],[147.5,-36.25]]]},"properties":{"cell":"590_-145","r7":25.5,"r14":96.7,"rmax24":24.4}},{"type":"Feature","geometry":{"type":"Polygon","coordinates":[[[147.5,-36.0],[147.75,-36.0],[147.75,-35.75],[147.5,-35.75],[147.5,-36.0]]]},"properties":{"cell":"590_-144","r7":7.1,"r14":62.9,"rmax24":6.1}},{"type":"Feature","geometry":{"type":"Polygon","coordinates":[[[147.5,-35.75],[147.75,-35.75],[147.75,-35.5],[147.5,-35.5],[147.5,-35.75]]]},"properties":{"cell":"590_-143","r7":6.5,"r14":75.2,"rmax24":4.9}},{"type":"Feature","geometry":{"type":"Polygon","coordinates":[[[147.5,-35.5],[147.75,-35.5],[147.75,-35.25],[147.5,-35.25],[147.5,-35.5]]]},"properties":{"cell":"590_-142","r7":28.1,"r14":91.9,"rmax24":27.5}},{"type":"Feature","geometry":{"type":"Polygon","coordinates":[[[147.5,-35.25],[147.75,-35.25],[147.75,-35.0],[147.5,-35.0],[147.5,-35.25]]]},"properties":{"cell":"590_-141","r7":3.8,"r14":49.9,"rmax24":2.6}},{"type":"Feature","geometry":{"type":"Polygon","coordinates":[[[147.5,-35.0],[147.75,-35.0],[147.75,-34.75],[147.5,-34.75],[147.5,-35.0]]]},"properties":{"cell":"590_-140","r7":2.3,"r14":47.2,"rmax24":1.7}},{"type":"Feature","geometry":{"type":"Polygon","coordinates":[[[147.5,-34.75],[147.75,-34.75],[147.75,-34.5],[147.5,-34.5],[147.5,-34.75]]]},"properties":{"cell":"590_-139","r7":2.9,"r14":44.8,"rmax24":1.4}},{"type":"Feature","geometry":{"type":"Polygon","coordinates":[[[147.5,-34.5],[147.75,-34.5],[147.75,-34.25],[147.5,-34.25],[147.5,-34.5]]]},"properties":{"cell":"590_-138","r7":1.9,"r14":47.8,"rmax24":1.0}},{"type":"Feature","geometry":{"type":"Polygon","coordinates":[[[147.5,-34.25],[147.75,-34.25],[147.75,-34.0],[147.5,-34.0],[147.5,-34.25]]]},"properties":{"cell":"590_-137","r7":1.9,"r14":43.6,"rmax24":1.2}},{"type":"Feature","geometry":{"type":"Polygon","coordinates":[[[147.5,-34.0],[147.75,-34.0],[147.75,-33.75],[147.5,-33.75],[147.5,-34.0]]]},"properties":{"cell":"590_-136","r7":0.7,"r14":44.2,"rmax24":0.3}},{"type":"Feature","geometry":{"type":"Polygon","coordinates":[[[147.5,-33.75],[147.75,-33.75],[147.75,-33.5],[147.5,-33.5],[147.5,-33.75]]]},"properties":{"cell":"590_-135","r7":0.4,"r14":39.8,"rmax24":0.2}},{"type":"Feature","geometry":{"type":"Polygon","coordinates":[[[147.5,-33.5],[147.75,-33.5],[147.75,-33.25],[147.5,-33.25],[147.5,-33.5]]]},"properties":{"cell":"590_-134","r7":0.2,"r14":39.9,"rmax24":0.2}},{"type":"Feature","geometry":{"type":"Polygon","coordinates":[[[147.5,-33.25],[147.75,-33.25],[147.75,-33.0],[147.5,-33.0],[147.5,-33.25]]]},"properties":{"cell":"590_-133","r7":0.5,"r14":33.4,"rmax24":0.4}},{"type":"Feature","geometry":{"type":"Polygon","coordinates":[[[147.5,-33.0],[147.75,-33.0],[147.75,-32.75],[147.5,-32.75],[147.5,-33.0]]]},"properties":{"cell":"590_-132","r7":0.7,"r14":33.6,"rmax24":0.5}},{"type":"Feature","geometry":{"type":"Polygon","coordinates":[[[147.5,-32.75],[147.75,-32.75],[147.75,-32.5],[147.5,-32.5],[147.5,-32.75]]]},"properties":{"cell":"590_-131","r7":0.3,"r14":25.3,"rmax24":0.3}},{"type":"Feature","geometry":{"type":"Polygon","coordinates":[[[147.5,-32.5],[147.75,-32.5],[147.75,-32.25],[147.5,-32.25],[147.5,-32.5]]]},"properties":{"cell":"590_-130","r7":1.0,"r14":29.7,"rmax24":0.6}},{"type":"Feature","geometry":{"type":"Polygon","coordinates":[[[147.5,-32.25],[147.75,-32.25],[147.75,-32.0],[147.5,-32.0],[147.5,-32.25]]]},"properties":{"cell":"590_-129","r7":0.7,"r14":28.9,"rmax24":0.3}},{"type":"Feature","geometry":{"type":"Polygon","coordinates":[[[147.5,-32.0],[147.75,-32.0],[147.75,-31.75],[147.5,-31.75],[147.5,-32.0]]]},"properties":{"cell":"590_-128","r7":1.0,"r14":28.9,"rmax24":0.5}},{"type":"Feature","geometry":{"type":"Polygon","coordinates":[[[147.5,-23.25],[147.75,-23.25],[147.75,-23.0],[147.5,-23.0],[147.5,-23.25]]]},"properties":{"cell":"590_-93","r7":0.0,"r14":1.0,"rmax24":0.0}},{"type":"Feature","geometry":{"type":"Polygon","coordinates":[[[147.5,-23.0],[147.75,-23.0],[147.75,-22.75],[147.5,-22.75],[147.5,-23.0]]]},"properties":{"cell":"590_-92","r7":0.0,"r14":0.9,"rmax24":0.0}},{"type":"Feature","geometry":{"type":"Polygon","coordinates":[[[147.5,-22.25],[147.75,-22.25],[147.75,-22.0],[147.5,-22.0],[147.5,-22.25]]]},"properties":{"cell":"590_-89","r7":0.0,"r14":0.6,"rmax24":0.0}},{"type":"Feature","geometry":{"type":"Polygon","coordinates":[[[147.5,-21.5],[147.75,-21.5],[147.75,-21.25],[147.5,-21.25],[147.5,-21.5]]]},"properties":{"cell":"590_-86","r7":0.7,"r14":1.1,"rmax24":0.4}},{"type":"Feature","geometry":{"type":"Polygon","coordinates":[[[147.5,-21.25],[147.75,-21.25],[147.75,-21.0],[147.5,-21.0],[147.5,-21.25]]]},"properties":{"cell":"590_-85","r7":1.5,"r14":2.8,"rmax24":1.4}},{"type":"Feature","geometry":{"type":"Polygon","coordinates":[[[147.5,-21.0],[147.75,-21.0],[147.75,-20.75],[147.5,-20.75],[147.5,-21.0]]]},"properties":{"cell":"590_-84","r7":1.5,"r14":4.0,"rmax24":1.2}},{"type":"Feature","geometry":{"type":"Polygon","coordinates":[[[147.5,-20.75],[147.75,-20.75],[147.75,-20.5],[147.5,-20.5],[147.5,-20.75]]]},"properties":{"cell":"590_-83","r7":0.9,"r14":1.7,"rmax24":0.9}},{"type":"Feature","geometry":{"type":"Polygon","coordinates":[[[147.5,-20.5],[147.75,-20.5],[147.75,-20.25],[147.5,-20.25],[147.5,-20.5]]]},"properties":{"cell":"590_-82","r7":1.4,"r14":1.6,"rmax24":0.9}},{"type":"Feature","geometry":{"type":"Polygon","coordinates":[[[147.5,-20.25],[147.75,-20.25],[147.75,-20.0],[147.5,-20.0],[147.5,-20.25]]]},"properties":{"cell":"590_-81","r7":1.3,"r14":1.4,"rmax24":0.8}},{"type":"Feature","geometry":{"type":"Polygon","coordinates":[[[147.75,-43.5],[148.0,-43.5],[148.0,-43.25],[147.75,-43.25],[147.75,-43.5]]]},"properties":{"cell":"591_-174","r7":7.1,"r14":11.0,"rmax24":4.7}},{"type":"Feature","geometry":{"type":"Polygon","coordinates":[[[147.75,-43.25],[148.0,-43.25],[148.0,-43.0],[147.75,-43.0],[147.75,-43.25]]]},"properties":{"cell":"591_-173","r7":3.8,"r14":7.9,"rmax24":2.1}},{"type":"Feature","geometry":{"type":"Polygon","coordinates":[[[147.75,-43.0],[148.0,-43.0],[148.0,-42.75],[147.75,-42.75],[147.75,-43.0]]]},"properties":{"cell":"591_-172","r7":4.2,"r14":9.4,"rmax24":2.8}},{"type":"Feature","geometry":{"type":"Polygon","coordinates":[[[147.75,-42.0],[148.0,-42.0],[148.0,-41.75],[147.75,-41.75],[147.75,-42.0]]]},"properties":{"cell":"591_-168","r7":7.6,"r14":14.0,"rmax24":5.4}},{"type":"Feature","geometry":{"type":"Polygon","coordinates":[[[147.75,-41.75],[148.0,-41.75],[148.0,-41.5],[147.75,-41.5],[147.75,-41.75]]]},"properties":{"cell":"591_-167","r7":7.5,"r14":15.5,"rmax24":5.3}},{"type":"Feature","geometry":{"type":"Polygon","coordinates":[[[147.75,-41.5],[148.0,-41.5],[148.0,-41.25],[147.75,-41.25],[147.75,-41.5]]]},"properties":{"cell":"591_-166","r7":18.7,"r14":29.7,"rmax24":14.4}},{"type":"Feature","geometry":{"type":"Polygon","coordinates":[[[147.75,-41.25],[148.0,-41.25],[148.0,-41.0],[147.75,-41.0],[147.75,-41.25]]]},"properties":{"cell":"591_-165","r7":14.5,"r14":27.8,"rmax24":11.3}},{"type":"Feature","geometry":{"type":"Polygon","coordinates":[[[147.75,-41.0],[148.0,-41.0],[148.0,-40.75],[147.75,-40.75],[147.75,-41.0]]]},"properties":{"cell":"591_-164","r7":15.0,"r14":27.7,"rmax24":13.7}},{"type":"Feature","geometry":{"type":"Polygon","coordinates":[[[147.75,-40.75],[148.0,-40.75],[148.0,-40.5],[147.75,-40.5],[147.75,-40.75]]]},"properties":{"cell":"591_-163","r7":11.5,"r14":20.9,"rmax24":11.4}},{"type":"Feature","geometry":{"type":"Polygon","coordinates":[[[147.75,-37.5],[148.0,-37.5],[148.0,-37.25],[147.75,-37.25],[147.75,-37.5]]]},"properties":{"cell":"591_-150","r7":1.9,"r14":26.4,"rmax24":1.3}},{"type":"Feature","geometry":{"type":"Polygon","coordinates":[[[147.75,-37.25],[148.0,-37.25],[148.0,-37.0],[147.75,-37.0],[147.75,-37.25]]]},"properties":{"cell":"591_-149","r7":1.7,"r14":40.3,"rmax24":1.7}},{"type":"Feature","geometry":{"type":"Polygon","coordinates":[[[147.75,-37.0],[148.0,-37.0],[148.0,-36.75],[147.75,-36.75],[147.75,-37.0]]]},"properties":{"cell":"591_-148","r7":6.6,"r14":61.1,"rmax24":6.6}},{"type":"Feature","geometry":{"type":"Polygon","coordinates":[[[147.75,-36.75],[148.0,-36.75],[148.0,-36.5],[147.75,-36.5],[147.75,-36.75]]]},"properties":{"cell":"591_-147","r7":15.0,"r14":85.9,"rmax24":15.0}},{"type":"Feature","geometry":{"type":"Polygon","coordinates":[[[147.75,-36.25],[148.0,-36.25],[148.0,-36.0],[147.75,-36.0],[147.75,-36.25]]]},"properties":{"cell":"591_-145","r7":24.1,"r14":82.6,"rmax24":23.9}},{"type":"Feature","geometry":{"type":"Polygon","coordinates":[[[147.75,-36.0],[148.0,-36.0],[148.0,-35.75],[147.75,-35.75],[147.75,-36.0]]]},"properties":{"cell":"591_-144","r7":16.0,"r14":73.2,"rmax24":15.2}},{"type":"Feature","geometry":{"type":"Polygon","coordinates":[[[147.75,-35.75],[148.0,-35.75],[148.0,-35.5],[147.75,-35.5],[147.75,-35.75]]]},"properties":{"cell":"591_-143","r7":7.6,"r14":76.6,"rmax24":5.7}},{"type":"Feature","geometry":{"type":"Polygon","coordinates":[[[147.75,-35.5],[148.0,-35.5],[148.0,-35.25],[147.75,-35.25],[147.75,-35.5]]]},"properties":{"cell":"591_-142","r7":6.2,"r14":69.7,"rmax24":5.6}},{"type":"Feature","geometry":{"type":"Polygon","coordinates":[[[147.75,-35.25],[148.0,-35.25],[148.0,-35.0],[147.75,-35.0],[147.75,-35.25]]]},"properties":{"cell":"591_-141","r7":2.4,"r14":49.9,"rmax24":1.7}},{"type":"Feature","geometry":{"type":"Polygon","coordinates":[[[147.75,-35.0],[148.0,-35.0],[148.0,-34.75],[147.75,-34.75],[147.75,-35.0]]]},"properties":{"cell":"591_-140","r7":1.8,"r14":45.7,"rmax24":0.6}},{"type":"Feature","geometry":{"type":"Polygon","coordinates":[[[147.75,-34.75],[148.0,-34.75],[148.0,-34.5],[147.75,-34.5],[147.75,-34.75]]]},"properties":{"cell":"591_-139","r7":2.4,"r14":53.3,"rmax24":1.3}},{"type":"Feature","geometry":{"type":"Polygon","coordinates":[[[147.75,-34.5],[148.0,-34.5],[148.0,-34.25],[147.75,-34.25],[147.75,-34.5]]]},"properties":{"cell":"591_-138","r7":0.8,"r14":44.8,"rmax24":0.3}},{"type":"Feature","geometry":{"type":"Polygon","coordinates":[[[147.75,-34.25],[148.0,-34.25],[148.0,-34.0],[147.75,-34.0],[147.75,-34.25]]]},"properties":{"cell":"591_-137","r7":1.2,"r14":48.2,"rmax24":0.5}},{"type":"Feature","geometry":{"type":"Polygon","coordinates":[[[147.75,-34.0],[148.0,-34.0],[148.0,-33.75],[147.75,-33.75],[147.75,-34.0]]]},"properties":{"cell":"591_-136","r7":1.3,"r14":42.5,"rmax24":0.6}},{"type":"Feature","geometry":{"type":"Polygon","coordinates":[[[147.75,-33.75],[148.0,-33.75],[148.0,-33.5],[147.75,-33.5],[147.75,-33.75]]]},"properties":{"cell":"591_-135","r7":1.3,"r14":39.5,"rmax24":0.5}},{"type":"Feature","geometry":{"type":"Polygon","coordinates":[[[147.75,-33.5],[148.0,-33.5],[148.0,-33.25],[147.75,-33.25],[147.75,-33.5]]]},"properties":{"cell":"591_-134","r7":0.2,"r14":36.4,"rmax24":0.2}},{"type":"Feature","geometry":{"type":"Polygon","coordinates":[[[147.75,-33.25],[148.0,-33.25],[148.0,-33.0],[147.75,-33.0],[147.75,-33.25]]]},"properties":{"cell":"591_-133","r7":0.7,"r14":41.1,"rmax24":0.4}},{"type":"Feature","geometry":{"type":"Polygon","coordinates":[[[147.75,-33.0],[148.0,-33.0],[148.0,-32.75],[147.75,-32.75],[147.75,-33.0]]]},"properties":{"cell":"591_-132","r7":0.4,"r14":36.7,"rmax24":0.3}},{"type":"Feature","geometry":{"type":"Polygon","coordinates":[[[147.75,-32.75],[148.0,-32.75],[148.0,-32.5],[147.75,-32.5],[147.75,-32.75]]]},"properties":{"cell":"591_-131","r7":0.4,"r14":40.0,"rmax24":0.4}},{"type":"Feature","geometry":{"type":"Polygon","coordinates":[[[147.75,-32.5],[148.0,-32.5],[148.0,-32.25],[147.75,-32.25],[147.75,-32.5]]]},"properties":{"cell":"591_-130","r7":0.2,"r14":24.9,"rmax24":0.2}},{"type":"Feature","geometry":{"type":"Polygon","coordinates":[[[147.75,-32.25],[148.0,-32.25],[148.0,-32.0],[147.75,-32.0],[147.75,-32.25]]]},"properties":{"cell":"591_-129","r7":0.7,"r14":26.8,"rmax24":0.4}},{"type":"Feature","geometry":{"type":"Polygon","coordinates":[[[147.75,-23.25],[148.0,-23.25],[148.0,-23.0],[147.75,-23.0],[147.75,-23.25]]]},"properties":{"cell":"591_-93","r7":0.0,"r14":1.0,"rmax24":0.0}},{"type":"Feature","geometry":{"type":"Polygon","coordinates":[[[147.75,-20.75],[148.0,-20.75],[148.0,-20.5],[147.75,-20.5],[147.75,-20.75]]]},"properties":{"cell":"591_-83","r7":1.4,"r14":2.1,"rmax24":1.2}},{"type":"Feature","geometry":{"type":"Polygon","coordinates":[[[147.75,-20.5],[148.0,-20.5],[148.0,-20.25],[147.75,-20.25],[147.75,-20.5]]]},"properties":{"cell":"591_-82","r7":0.7,"r14":1.3,"rmax24":0.7}},{"type":"Feature","geometry":{"type":"Polygon","coordinates":[[[147.75,-20.25],[148.0,-20.25],[148.0,-20.0],[147.75,-20.0],[147.75,-20.25]]]},"properties":{"cell":"591_-81","r7":1.2,"r14":1.6,"rmax24":1.0}},{"type":"Feature","geometry":{"type":"Polygon","coordinates":[[[148.0,-42.0],[148.25,-42.0],[148.25,-41.75],[148.0,-41.75],[148.0,-42.0]]]},"properties":{"cell":"592_-168","r7":4.4,"r14":13.2,"rmax24":2.6}},{"type":"Feature","geometry":{"type":"Polygon","coordinates":[[[148.0,-41.75],[148.25,-41.75],[148.25,-41.5],[148.0,-41.5],[148.0,-41.75]]]},"properties":{"cell":"592_-167","r7":14.1,"r14":20.6,"rmax24":6.8}},{"type":"Feature","geometry":{"type":"Polygon","coordinates":[[[148.0,-41.5],[148.25,-41.5],[148.25,-41.25],[148.0,-41.25],[148.0,-41.5]]]},"properties":{"cell":"592_-166","r7":9.8,"r14":19.5,"rmax24":5.7}},{"type":"Feature","geometry":{"type":"Polygon","coordinates":[[[148.0,-41.25],[148.25,-41.25],[148.25,-41.0],[148.0,-41.0],[148.0,-41.25]]]},"properties":{"cell":"592_-165","r7":16.7,"r14":25.7,"rmax24":12.6}},{"type":"Feature","geometry":{"type":"Polygon","coordinates":[[[148.0,-41.0],[148.25,-41.0],[148.25,-40.75],[148.0,-40.75],[148.0,-41.0]]]},"properties":{"cell":"592_-164","r7":13.0,"r14":22.3,"rmax24":11.0}},{"type":"Feature","geometry":{"type":"Polygon","coordinates":[[[148.0,-40.75],[148.25,-40.75],[148.25,-40.5],[148.0,-40.5],[148.0,-40.75]]]},"properties":{"cell":"592_-163","r7":5.1,"r14":19.6,"rmax24":3.5}},{"type":"Feature","geometry":{"type":"Polygon","coordinates":[[[148.0,-37.5],[148.25,-37.5],[148.25,-37.25],[148.0,-37.25],[148.0,-37.5]]]},"properties":{"cell":"592_-150","r7":2.8,"r14":25.4,"rmax24":1.9}},{"type":"Feature","geometry":{"type":"Polygon","coordinates":[[[148.0,-37.25],[148.25,-37.25],[148.25,-37.0],[148.0,-37.0],[148.0,-37.25]]]},"properties":{"cell":"592_-149","r7":3.4,"r14":28.9,"rmax24":1.9}},{"type":"Feature","geometry":{"type":"Polygon","coordinates":[[[148.0,-37.0],[148.25,-37.0],[148.25,-36.75],[148.0,-36.75],[148.0,-37.0]]]},"properties":{"cell":"592_-148","r7":6.4,"r14":55.4,"rmax24":6.2}},{"type":"Feature","geometry":{"type":"Polygon","coordinates":[[[148.0,-36.75],[148.25,-36.75],[148.25,-36.5],[148.0,-36.5],[148.0,-36.75]]]},"properties":{"cell":"592_-147","r7":11.8,"r14":81.6,"rmax24":11.2}},{"type":"Feature","geometry":{"type":"Polygon","coordinates":[[[148.0,-36.25],[148.25,-36.25],[148.25,-36.0],[148.0,-36.0],[148.0,-36.25]]]},"properties":{"cell":"592_-145","r7":12.0,"r14":78.6,"rmax24":10.9}},{"type":"Feature","geometry":{"type":"Polygon","coordinates":[[[148.0,-36.0],[148.25,-36.0],[148.25,-35.75],[148.0,-35.75],[148.0,-36.0]]]},"properties":{"cell":"592_-144","r7":4.4,"r14":59.0,"rmax24":3.6}},{"type":"Feature","geometry":{"type":"Polygon","coordinates":[[[148.0,-35.75],[148.25,-35.75],[148.25,-35.5],[148.0,-35.5],[148.0,-35.75]]]},"properties":{"cell":"592_-143","r7":8.9,"r14":95.8,"rmax24":8.5}},{"type":"Feature","geometry":{"type":"Polygon","coordinates":[[[148.0,-35.5],[148.25,-35.5],[148.25,-35.25],[148.0,-35.25],[148.0,-35.5]]]},"properties":{"cell":"592_-142","r7":10.0,"r14":74.8,"rmax24":9.9}},{"type":"Feature","geometry":{"type":"Polygon","coordinates":[[[148.0,-35.25],[148.25,-35.25],[148.25,-35.0],[148.0,-35.0],[148.0,-35.25]]]},"properties":{"cell":"592_-141","r7":2.0,"r14":51.6,"rmax24":1.2}},{"type":"Feature","geometry":{"type":"Polygon","coordinates":[[[148.0,-35.0],[148.25,-35.0],[148.25,-34.75],[148.0,-34.75],[148.0,-35.0]]]},"properties":{"cell":"592_-140","r7":0.3,"r14":45.3,"rmax24":0.1}},{"type":"Feature","geometry":{"type":"Polygon","coordinates":[[[148.0,-34.75],[148.25,-34.75],[148.25,-34.5],[148.0,-34.5],[148.0,-34.75]]]},"properties":{"cell":"592_-139","r7":0.4,"r14":47.3,"rmax24":0.2}},{"type":"Feature","geometry":{"type":"Polygon","coordinates":[[[148.0,-34.5],[148.25,-34.5],[148.25,-34.25],[148.0,-34.25],[148.0,-34.5]]]},"properties":{"cell":"592_-138","r7":0.9,"r14":54.4,"rmax24":0.5}},{"type":"Feature","geometry":{"type":"Polygon","coordinates":[[[148.0,-34.25],[148.25,-34.25],[148.25,-34.0],[148.0,-34.0],[148.0,-34.25]]]},"properties":{"cell":"592_-137","r7":1.7,"r14":49.3,"rmax24":0.5}},{"type":"Feature","geometry":{"type":"Polygon","coordinates":[[[148.0,-34.0],[148.25,-34.0],[148.25,-33.75],[148.0,-33.75],[148.0,-34.0]]]},"properties":{"cell":"592_-136","r7":0.7,"r14":47.8,"rmax24":0.3}},{"type":"Feature","geometry":{"type":"Polygon","coordinates":[[[148.0,-33.75],[148.25,-33.75],[148.25,-33.5],[148.0,-33.5],[148.0,-33.75]]]},"properties":{"cell":"592_-135","r7":0.8,"r14":39.1,"rmax24":0.6}},{"type":"Feature","geometry":{"type":"Polygon","coordinates":[[[148.0,-33.5],[148.25,-33.5],[148.25,-33.25],[148.0,-33.25],[148.0,-33.5]]]},"properties":{"cell":"592_-134","r7":0.8,"r14":36.6,"rmax24":0.4}},{"type":"Feature","geometry":{"type":"Polygon","coordinates":[[[148.0,-33.25],[148.25,-33.25],[148.25,-33.0],[148.0,-33.0],[148.0,-33.25]]]},"properties":{"cell":"592_-133","r7":1.1,"r14":47.7,"rmax24":0.6}},{"type":"Feature","geometry":{"type":"Polygon","coordinates":[[[148.0,-33.0],[148.25,-33.0],[148.25,-32.75],[148.0,-32.75],[148.0,-33.0]]]},"properties":{"cell":"592_-132","r7":0.4,"r14":37.9,"rmax24":0.2}},{"type":"Feature","geometry":{"type":"Polygon","coordinates":[[[148.0,-32.75],[148.25,-32.75],[148.25,-32.5],[148.0,-32.5],[148.0,-32.75]]]},"properties":{"cell":"592_-131","r7":0.1,"r14":28.5,"rmax24":0.1}},{"type":"Feature","geometry":{"type":"Polygon","coordinates":[[[148.0,-32.5],[148.25,-32.5],[148.25,-32.25],[148.0,-32.25],[148.0,-32.5]]]},"properties":{"cell":"592_-130","r7":0.3,"r14":23.7,"rmax24":0.3}},{"type":"Feature","geometry":{"type":"Polygon","coordinates":[[[148.0,-32.25],[148.25,-32.25],[148.25,-32.0],[148.0,-32.0],[148.0,-32.25]]]},"properties":{"cell":"592_-129","r7":0.3,"r14":22.1,"rmax24":0.2}},{"type":"Feature","geometry":{"type":"Polygon","coordinates":[[[148.0,-23.5],[148.25,-23.5],[148.25,-23.25],[148.0,-23.25],[148.0,-23.5]]]},"properties":{"cell":"592_-94","r7":0.1,"r14":0.7,"rmax24":0.1}},{"type":"Feature","geometry":{"type":"Polygon","coordinates":[[[148.0,-23.25],[148.25,-23.25],[148.25,-23.0],[148.0,-23.0],[148.0,-23.25]]]},"properties":{"cell":"592_-93","r7":0.0,"r14":0.9,"rmax24":0.0}},{"type":"Feature","geometry":{"type":"Polygon","coordinates":[[[148.0,-20.75],[148.25,-20.75],[148.25,-20.5],[148.0,-20.5],[148.0,-20.75]]]},"properties":{"cell":"592_-83","r7":2.8,"r14":3.9,"rmax24":2.2}},{"type":"Feature","geometry":{"type":"Polygon","coordinates":[[[148.0,-20.5],[148.25,-20.5],[148.25,-20.25],[148.0,-20.25],[148.0,-20.5]]]},"properties":{"cell":"592_-82","r7":0.4,"r14":0.8,"rmax24":0.3}},{"type":"Feature","geometry":{"type":"Polygon","coordinates":[[[148.0,-20.25],[148.25,-20.25],[148.25,-20.0],[148.0,-20.0],[148.0,-20.25]]]},"properties":{"cell":"592_-81","r7":0.9,"r14":1.2,"rmax24":0.6}},{"type":"Feature","geometry":{"type":"Polygon","coordinates":[[[148.25,-42.0],[148.5,-42.0],[148.5,-41.75],[148.25,-41.75],[148.25,-42.0]]]},"properties":{"cell":"593_-168","r7":6.4,"r14":14.2,"rmax24":4.0}},{"type":"Feature","geometry":{"type":"Polygon","coordinates":[[[148.25,-41.75],[148.5,-41.75],[148.5,-41.5],[148.25,-41.5],[148.25,-41.75]]]},"properties":{"cell":"593_-167","r7":20.4,"r14":25.7,"rmax24":12.0}},{"type":"Feature","geometry":{"type":"Polygon","coordinates":[[[148.25,-41.5],[148.5,-41.5],[148.5,-41.25],[148.25,-41.25],[148.25,-41.5]]]},"properties":{"cell":"593_-166","r7":13.4,"r14":19.0,"rmax24":6.7}},{"type":"Feature","geometry":{"type":"Polygon","coordinates":[[[148.25,-37.5],[148.5,-37.5],[148.5,-37.25],[148.25,-37.25],[148.25,-37.5]]]},"properties":{"cell":"593_-150","r7":1.3,"r14":21.1,"rmax24":1.0}},{"type":"Feature","geometry":{"type":"Polygon","coordinates":[[[148.25,-37.25],[148.5,-37.25],[148.5,-37.0],[148.25,-37.0],[148.25,-37.25]]]},"properties":{"cell":"593_-149","r7":0.1,"r14":21.3,"rmax24":0.1}},{"type":"Feature","geometry":{"type":"Polygon","coordinates":[[[148.25,-37.0],[148.5,-37.0],[148.5,-36.75],[148.25,-36.75],[148.25,-37.0]]]},"properties":{"cell":"593_-148","r7":1.2,"r14":32.2,"rmax24":0.9}},{"type":"Feature","geometry":{"type":"Polygon","coordinates":[[[148.25,-36.25],[148.5,-36.25],[148.5,-36.0],[148.25,-36.0],[148.25,-36.25]]]},"properties":{"cell":"593_-145","r7":15.8,"r14":97.8,"rmax24":15.8}},{"type":"Feature","geometry":{"type":"Polygon","coordinates":[[[148.25,-36.0],[148.5,-36.0],[148.5,-35.75],[148.25,-35.75],[148.25,-36.0]]]},"properties":{"cell":"593_-144","r7":7.5,"r14":84.4,"rmax24":7.1}},{"type":"Feature","geometry":{"type":"Polygon","coordinates":[[[148.25,-35.75],[148.5,-35.75],[148.5,-35.5],[148.25,-35.5],[148.25,-35.75]]]},"properties":{"cell":"593_-143","r7":7.8,"r14":85.6,"rmax24":7.2}},{"type":"Feature","geometry":{"type":"Polygon","coordinates":[[[148.25,-35.5],[148.5,-35.5],[148.5,-35.25],[148.25,-35.25],[148.25,-35.5]]]},"properties":{"cell":"593_-142","r7":6.0,"r14":74.9,"rmax24":5.3}},{"type":"Feature","geometry":{"type":"Polygon","coordinates":[[[148.25,-35.25],[148.5,-35.25],[148.5,-35.0],[148.25,-35.0],[148.25,-35.25]]]},"properties":{"cell":"593_-141","r7":2.7,"r14":62.3,"rmax24":1.9}},{"type":"Feature","geometry":{"type":"Polygon","coordinates":[[[148.25,-35.0],[148.5,-35.0],[148.5,-34.75],[148.25,-34.75],[148.25,-35.0]]]},"properties":{"cell":"593_-140","r7":1.0,"r14":50.2,"rmax24":0.3}},{"type":"Feature","geometry":{"type":"Polygon","coordinates":[[[148.25,-34.75],[148.5,-34.75],[148.5,-34.5],[148.25,-34.5],[148.25,-34.75]]]},"properties":{"cell":"593_-139","r7":0.8,"r14":42.6,"rmax24":0.4}},{"type":"Feature","geometry":{"type":"Polygon","coordinates":[[[148.25,-34.5],[148.5,-34.5],[148.5,-34.25],[148.25,-34.25],[148.25,-34.5]]]},"properties":{"cell":"593_-138","r7":0.9,"r14":54.0,"rmax24":0.6}},{"type":"Feature","geometry":{"type":"Polygon","coordinates":[[[148.25,-34.25],[148.5,-34.25],[148.5,-34.0],[148.25,-34.0],[148.25,-34.25]]]},"properties":{"cell":"593_-137","r7":0.8,"r14":49.9,"rmax24":0.3}},{"type":"Feature","geometry":{"type":"Polygon","coordinates":[[[148.25,-34.0],[148.5,-34.0],[148.5,-33.75],[148.25,-33.75],[148.25,-34.0]]]},"properties":{"cell":"593_-136","r7":1.5,"r14":48.3,"rmax24":0.5}},{"type":"Feature","geometry":{"type":"Polygon","coordinates":[[[148.25,-33.75],[148.5,-33.75],[148.5,-33.5],[148.25,-33.5],[148.25,-33.75]]]},"properties":{"cell":"593_-135","r7":0.5,"r14":42.0,"rmax24":0.2}},{"type":"Feature","geometry":{"type":"Polygon","coordinates":[[[148.25,-33.5],[148.5,-33.5],[148.5,-33.25],[148.25,-33.25],[148.25,-33.5]]]},"properties":{"cell":"593_-134","r7":1.5,"r14":39.5,"rmax24":0.6}},{"type":"Feature","geometry":{"type":"Polygon","coordinates":[[[148.25,-33.25],[148.5,-33.25],[148.5,-33.0],[148.25,-33.0],[148.25,-33.25]]]},"properties":{"cell":"593_-133","r7":0.6,"r14":46.7,"rmax24":0.4}},{"type":"Feature","geometry":{"type":"Polygon","coordinates":[[[148.25,-33.0],[148.5,-33.0],[148.5,-32.75],[148.25,-32.75],[148.25,-33.0]]]},"properties":{"cell":"593_-132","r7":0.8,"r14":45.2,"rmax24":0.4}},{"type":"Feature","geometry":{"type":"Polygon","coordinates":[[[148.25,-32.75],[148.5,-32.75],[148.5,-32.5],[148.25,-32.5],[148.25,-32.75]]]},"properties":{"cell":"593_-131","r7":0.6,"r14":44.6,"rmax24":0.2}},{"type":"Feature","geometry":{"type":"Polygon","coordinates":[[[148.25,-32.5],[148.5,-32.5],[148.5,-32.25],[148.25,-32.25],[148.25,-32.5]]]},"properties":{"cell":"593_-130","r7":0.1,"r14":27.9,"rmax24":0.1}},{"type":"Feature","geometry":{"type":"Polygon","coordinates":[[[148.25,-32.25],[148.5,-32.25],[148.5,-32.0],[148.25,-32.0],[148.25,-32.25]]]},"properties":{"cell":"593_-129","r7":0.7,"r14":24.4,"rmax24":0.4}},{"type":"Feature","geometry":{"type":"Polygon","coordinates":[[[148.25,-22.25],[148.5,-22.25],[148.5,-22.0],[148.25,-22.0],[148.25,-22.25]]]},"properties":{"cell":"593_-89","r7":2.0,"r14":2.3,"rmax24":1.7}},{"type":"Feature","geometry":{"type":"Polygon","coordinates":[[[148.25,-22.0],[148.5,-22.0],[148.5,-21.75],[148.25,-21.75],[148.25,-22.0]]]},"properties":{"cell":"593_-88","r7":2.3,"r14":2.5,"rmax24":1.1}},{"type":"Feature","geometry":{"type":"Polygon","coordinates":[[[148.25,-21.75],[148.5,-21.75],[148.5,-21.5],[148.25,-21.5],[148.25,-21.75]]]},"properties":{"cell":"593_-87","r7":1.9,"r14":2.3,"rmax24":1.5}},{"type":"Feature","geometry":{"type":"Polygon","coordinates":[[[148.25,-20.75],[148.5,-20.75],[148.5,-20.5],[148.25,-20.5],[148.25,-20.75]]]},"properties":{"cell":"593_-83","r7":2.8,"r14":6.3,"rmax24":1.3}},{"type":"Feature","geometry":{"type":"Polygon","coordinates":[[[148.25,-20.5],[148.5,-20.5],[148.5,-20.25],[148.25,-20.25],[148.25,-20.5]]]},"properties":{"cell":"593_-82","r7":1.5,"r14":2.1,"rmax24":0.9}},{"type":"Feature","geometry":{"type":"Polygon","coordinates":[[[148.25,-20.25],[148.5,-20.25],[148.5,-20.0],[148.25,-20.0],[148.25,-20.25]]]},"properties":{"cell":"593_-81","r7":2.0,"r14":2.4,"rmax24":1.3}},{"type":"Feature","geometry":{"type":"Polygon","coordinates":[[[148.5,-37.5],[148.75,-37.5],[148.75,-37.25],[148.5,-37.25],[148.5,-37.5]]]},"properties":{"cell":"594_-150","r7":1.0,"r14":23.6,"rmax24":0.6}},{"type":"Feature","geometry":{"type":"Polygon","coordinates":[[[148.5,-37.25],[148.75,-37.25],[148.75,-37.0],[148.5,-37.0],[148.5,-37.25]]]},"properties":{"cell":"594_-149","r7":0.2,"r14":17.6,"rmax24":0.1}},{"type":"Feature","geometry":{"type":"Polygon","coordinates":[[[148.5,-37.0],[148.75,-37.0],[148.75,-36.75],[148.5,-36.75],[148.5,-37.0]]]},"properties":{"cell":"594_-148","r7":0.0,"r14":17.0,"rmax24":0.0}},{"type":"Feature","geometry":{"type":"Polygon","coordinates":[[[148.5,-36.25],[148.75,-36.25],[148.75,-36.0],[148.5,-36.0],[148.5,-36.25]]]},"properties":{"cell":"594_-145","r7":3.9,"r14":48.7,"rmax24":3.6}},{"type":"Feature","geometry":{"type":"Polygon","coordinates":[[[148.5,-36.0],[148.75,-36.0],[148.75,-35.75],[148.5,-35.75],[148.5,-36.0]]]},"properties":{"cell":"594_-144","r7":2.0,"r14":58.0,"rmax24":2.0}},{"type":"Feature","geometry":{"type":"Polygon","coordinates":[[[148.5,-35.75],[148.75,-35.75],[148.75,-35.5],[148.5,-35.5],[148.5,-35.75]]]},"properties":{"cell":"594_-143","r7":5.7,"r14":79.0,"rmax24":5.6}},{"type":"Feature","geometry":{"type":"Polygon","coordinates":[[[148.5,-35.0],[148.75,-35.0],[148.75,-34.75],[148.5,-34.75],[148.5,-35.0]]]},"properties":{"cell":"594_-140","r7":1.6,"r14":55.0,"rmax24":0.9}},{"type":"Feature","geometry":{"type":"Polygon","coordinates":[[[148.5,-34.75],[148.75,-34.75],[148.75,-34.5],[148.5,-34.5],[148.5,-34.75]]]},"properties":{"cell":"594_-139","r7":0.5,"r14":47.6,"rmax24":0.3}},{"type":"Feature","geometry":{"type":"Polygon","coordinates":[[[148.5,-34.5],[148.75,-34.5],[148.75,-34.25],[148.5,-34.25],[148.5,-34.5]]]},"properties":{"cell":"594_-138","r7":0.5,"r14":49.6,"rmax24":0.4}},{"type":"Feature","geometry":{"type":"Polygon","coordinates":[[[148.5,-34.25],[148.75,-34.25],[148.75,-34.0],[148.5,-34.0],[148.5,-34.25]]]},"properties":{"cell":"594_-137","r7":1.1,"r14":46.6,"rmax24":0.6}},{"type":"Feature","geometry":{"type":"Polygon","coordinates":[[[148.5,-34.0],[148.75,-34.0],[148.75,-33.75],[148.5,-33.75],[148.5,-34.0]]]},"properties":{"cell":"594_-136","r7":1.4,"r14":38.3,"rmax24":0.4}},{"type":"Feature","geometry":{"type":"Polygon","coordinates":[[[148.5,-33.75],[148.75,-33.75],[148.75,-33.5],[148.5,-33.5],[148.5,-33.75]]]},"properties":{"cell":"594_-135","r7":0.9,"r14":34.1,"rmax24":0.3}},{"type":"Feature","geometry":{"type":"Polygon","coordinates":[[[148.5,-33.5],[148.75,-33.5],[148.75,-33.25],[148.5,-33.25],[148.5,-33.5]]]},"properties":{"cell":"594_-134","r7":0.7,"r14":36.2,"rmax24":0.3}},{"type":"Feature","geometry":{"type":"Polygon","coordinates":[[[148.5,-33.25],[148.75,-33.25],[148.75,-33.0],[148.5,-33.0],[148.5,-33.25]]]},"properties":{"cell":"594_-133","r7":1.0,"r14":51.5,"rmax24":0.4}},{"type":"Feature","geometry":{"type":"Polygon","coordinates":[[[148.5,-33.0],[148.75,-33.0],[148.75,-32.75],[148.5,-32.75],[148.5,-33.0]]]},"properties":{"cell":"594_-132","r7":0.7,"r14":42.8,"rmax24":0.5}},{"type":"Feature","geometry":{"type":"Polygon","coordinates":[[[148.5,-32.75],[148.75,-32.75],[148.75,-32.5],[148.5,-32.5],[148.5,-32.75]]]},"properties":{"cell":"594_-131","r7":1.1,"r14":39.3,"rmax24":0.8}},{"type":"Feature","geometry":{"type":"Polygon","coordinates":[[[148.5,-32.5],[148.75,-32.5],[148.75,-32.25],[148.5,-32.25],[148.5,-32.5]]]},"properties":{"cell":"594_-130","r7":0.5,"r14":30.0,"rmax24":0.5}},{"type":"Feature","geometry":{"type":"Polygon","coordinates":[[[148.5,-32.25],[148.75,-32.25],[148.75,-32.0],[148.5,-32.0],[148.5,-32.25]]]},"properties":{"cell":"594_-129","r7":0.3,"r14":27.9,"rmax24":0.3}},{"type":"Feature","geometry":{"type":"Polygon","coordinates":[[[148.5,-22.25],[148.75,-22.25],[148.75,-22.0],[148.5,-22.0],[148.5,-22.25]]]},"properties":{"cell":"594_-89","r7":2.5,"r14":2.8,"rmax24":1.1}},{"type":"Feature","geometry":{"type":"Polygon","coordinates":[[[148.5,-22.0],[148.75,-22.0],[148.75,-21.75],[148.5,-21.75],[148.5,-22.0]]]},"properties":{"cell":"594_-88","r7":5.7,"r14":6.1,"rmax24":3.4}},{"type":"Feature","geometry":{"type":"Polygon","coordinates":[[[148.5,-21.75],[148.75,-21.75],[148.75,-21.5],[148.5,-21.5],[148.5,-21.75]]]},"properties":{"cell":"594_-87","r7":3.0,"r14":3.5,"rmax24":2.2}},{"type":"Feature","geometry":{"type":"Polygon","coordinates":[[[148.5,-21.5],[148.75,-21.5],[148.75,-21.25],[148.5,-21.25],[148.5,-21.5]]]},"properties":{"cell":"594_-86","r7":4.3,"r14":11.5,"rmax24":2.4}},{"type":"Feature","geometry":{"type":"Polygon","coordinates":[[[148.5,-21.25],[148.75,-21.25],[148.75,-21.0],[148.5,-21.0],[148.5,-21.25]]]},"properties":{"cell":"594_-85","r7":9.3,"r14":15.0,"rmax24":4.1}},{"type":"Feature","geometry":{"type":"Polygon","coordinates":[[[148.5,-20.75],[148.75,-20.75],[148.75,-20.5],[148.5,-20.5],[148.5,-20.75]]]},"properties":{"cell":"594_-83","r7":1.7,"r14":4.7,"rmax24":1.0}},{"type":"Feature","geometry":{"type":"Polygon","coordinates":[[[148.5,-20.5],[148.75,-20.5],[148.75,-20.25],[148.5,-20.25],[148.5,-20.5]]]},"properties":{"cell":"594_-82","r7":11.7,"r14":13.6,"rmax24":4.3}},{"type":"Feature","geometry":{"type":"Polygon","coordinates":[[[148.5,-20.25],[148.75,-20.25],[148.75,-20.0],[148.5,-20.0],[148.5,-20.25]]]},"properties":{"cell":"594_-81","r7":1.2,"r14":2.0,"rmax24":0.8}},{"type":"Feature","geometry":{"type":"Polygon","coordinates":[[[148.75,-37.5],[149.0,-37.5],[149.0,-37.25],[148.75,-37.25],[148.75,-37.5]]]},"properties":{"cell":"595_-150","r7":1.1,"r14":28.9,"rmax24":0.6}},{"type":"Feature","geometry":{"type":"Polygon","coordinates":[[[148.75,-37.25],[149.0,-37.25],[149.0,-37.0],[148.75,-37.0],[148.75,-37.25]]]},"properties":{"cell":"595_-149","r7":0.6,"r14":18.5,"rmax24":0.3}},{"type":"Feature","geometry":{"type":"Polygon","coordinates":[[[148.75,-37.0],[149.0,-37.0],[149.0,-36.75],[148.75,-36.75],[148.75,-37.0]]]},"properties":{"cell":"595_-148","r7":0.4,"r14":14.8,"rmax24":0.2}},{"type":"Feature","geometry":{"type":"Polygon","coordinates":[[[148.75,-36.5],[149.0,-36.5],[149.0,-36.25],[148.75,-36.25],[148.75,-36.5]]]},"properties":{"cell":"595_-146","r7":0.2,"r14":16.6,"rmax24":0.1}},{"type":"Feature","geometry":{"type":"Polygon","coordinates":[[[148.75,-36.25],[149.0,-36.25],[149.0,-36.0],[148.75,-36.0],[148.75,-36.25]]]},"properties":{"cell":"595_-145","r7":0.8,"r14":25.5,"rmax24":0.6}},{"type":"Feature","geometry":{"type":"Polygon","coordinates":[[[148.75,-36.0],[149.0,-36.0],[149.0,-35.75],[148.75,-35.75],[148.75,-36.0]]]},"properties":{"cell":"595_-144","r7":1.8,"r14":40.0,"rmax24":0.9}},{"type":"Feature","geometry":{"type":"Polygon","coordinates":[[[148.75,-35.75],[149.0,-35.75],[149.0,-35.5],[148.75,-35.5],[148.75,-35.75]]]},"properties":{"cell":"595_-143","r7":2.8,"r14":59.0,"rmax24":1.5}},{"type":"Feature","geometry":{"type":"Polygon","coordinates":[[[148.75,-35.0],[149.0,-35.0],[149.0,-34.75],[148.75,-34.75],[148.75,-35.0]]]},"properties":{"cell":"595_-140","r7":1.0,"r14":46.2,"rmax24":0.4}},{"type":"Feature","geometry":{"type":"Polygon","coordinates":[[[148.75,-34.75],[149.0,-34.75],[149.0,-34.5],[148.75,-34.5],[148.75,-34.75]]]},"properties":{"cell":"595_-139","r7":0.5,"r14":51.1,"rmax24":0.2}},{"type":"Feature","geometry":{"type":"Polygon","coordinates":[[[148.75,-34.5],[149.0,-34.5],[149.0,-34.25],[148.75,-34.25],[148.75,-34.5]]]},"properties":{"cell":"595_-138","r7":0.6,"r14":51.4,"rmax24":0.4}},{"type":"Feature","geometry":{"type":"Polygon","coordinates":[[[148.75,-34.25],[149.0,-34.25],[149.0,-34.0],[148.75,-34.0],[148.75,-34.25]]]},"properties":{"cell":"595_-137","r7":0.5,"r14":41.7,"rmax24":0.2}},{"type":"Feature","geometry":{"type":"Polygon","coordinates":[[[148.75,-34.0],[149.0,-34.0],[149.0,-33.75],[148.75,-33.75],[148.75,-34.0]]]},"properties":{"cell":"595_-136","r7":0.9,"r14":43.7,"rmax24":0.3}},{"type":"Feature","geometry":{"type":"Polygon","coordinates":[[[148.75,-33.75],[149.0,-33.75],[149.0,-33.5],[148.75,-33.5],[148.75,-33.75]]]},"properties":{"cell":"595_-135","r7":0.9,"r14":41.3,"rmax24":0.3}},{"type":"Feature","geometry":{"type":"Polygon","coordinates":[[[148.75,-33.5],[149.0,-33.5],[149.0,-33.25],[148.75,-33.25],[148.75,-33.5]]]},"properties":{"cell":"595_-134","r7":1.5,"r14":47.9,"rmax24":0.8}},{"type":"Feature","geometry":{"type":"Polygon","coordinates":[[[148.75,-33.25],[149.0,-33.25],[149.0,-33.0],[148.75,-33.0],[148.75,-33.25]]]},"properties":{"cell":"595_-133","r7":0.2,"r14":56.0,"rmax24":0.2}},{"type":"Feature","geometry":{"type":"Polygon","coordinates":[[[148.75,-33.0],[149.0,-33.0],[149.0,-32.75],[148.75,-32.75],[148.75,-33.0]]]},"properties":{"cell":"595_-132","r7":0.6,"r14":40.5,"rmax24":0.3}},{"type":"Feature","geometry":{"type":"Polygon","coordinates":[[[148.75,-32.75],[149.0,-32.75],[149.0,-32.5],[148.75,-32.5],[148.75,-32.75]]]},"properties":{"cell":"595_-131","r7":0.3,"r14":33.8,"rmax24":0.3}},{"type":"Feature","geometry":{"type":"Polygon","coordinates":[[[148.75,-32.5],[149.0,-32.5],[149.0,-32.25],[148.75,-32.25],[148.75,-32.5]]]},"properties":{"cell":"595_-130","r7":0.5,"r14":43.3,"rmax24":0.2}},{"type":"Feature","geometry":{"type":"Polygon","coordinates":[[[148.75,-32.25],[149.0,-32.25],[149.0,-32.0],[148.75,-32.0],[148.75,-32.25]]]},"properties":{"cell":"595_-129","r7":0.4,"r14":30.3,"rmax24":0.2}},{"type":"Feature","geometry":{"type":"Polygon","coordinates":[[[148.75,-22.25],[149.0,-22.25],[149.0,-22.0],[148.75,-22.0],[148.75,-22.25]]]},"properties":{"cell":"595_-89","r7":6.4,"r14":6.6,"rmax24":2.7}},{"type":"Feature","geometry":{"type":"Polygon","coordinates":[[[148.75,-22.0],[149.0,-22.0],[149.0,-21.75],[148.75,-21.75],[148.75,-22.0]]]},"properties":{"cell":"595_-88","r7":2.8,"r14":4.5,"rmax24":1.3}},{"type":"Feature","geometry":{"type":"Polygon","coordinates":[[[148.75,-21.75],[149.0,-21.75],[149.0,-21.5],[148.75,-21.5],[148.75,-21.75]]]},"properties":{"cell":"595_-87","r7":1.0,"r14":3.0,"rmax24":0.9}},{"type":"Feature","geometry":{"type":"Polygon","coordinates":[[[148.75,-21.5],[149.0,-21.5],[149.0,-21.25],[148.75,-21.25],[148.75,-21.5]]]},"properties":{"cell":"595_-86","r7":2.0,"r14":8.0,"rmax24":1.4}},{"type":"Feature","geometry":{"type":"Polygon","coordinates":[[[148.75,-21.25],[149.0,-21.25],[149.0,-21.0],[148.75,-21.0],[148.75,-21.25]]]},"properties":{"cell":"595_-85","r7":2.2,"r14":11.6,"rmax24":0.9}},{"type":"Feature","geometry":{"type":"Polygon","coordinates":[[[149.0,-37.5],[149.25,-37.5],[149.25,-37.25],[149.0,-37.25],[149.0,-37.5]]]},"properties":{"cell":"596_-150","r7":2.5,"r14":30.4,"rmax24":1.8}},{"type":"Feature","geometry":{"type":"Polygon","coordinates":[[[149.0,-37.25],[149.25,-37.25],[149.25,-37.0],[149.0,-37.0],[149.0,-37.25]]]},"properties":{"cell":"596_-149","r7":1.3,"r14":22.4,"rmax24":0.5}},{"type":"Feature","geometry":{"type":"Polygon","coordinates":[[[149.0,-37.0],[149.25,-37.0],[149.25,-36.75],[149.0,-36.75],[149.0,-37.0]]]},"properties":{"cell":"596_-148","r7":0.0,"r14":13.2,"rmax24":0.0}},{"type":"Feature","geometry":{"type":"Polygon","coordinates":[[[149.0,-36.5],[149.25,-36.5],[149.25,-36.25],[149.0,-36.25],[149.0,-36.5]]]},"properties":{"cell":"596_-146","r7":0.9,"r14":13.2,"rmax24":0.7}},{"type":"Feature","geometry":{"type":"Polygon","coordinates":[[[149.0,-36.25],[149.25,-36.25],[149.25,-36.0],[149.0,-36.0],[149.0,-36.25]]]},"properties":{"cell":"596_-145","r7":0.7,"r14":16.0,"rmax24":0.5}},{"type":"Feature","geometry":{"type":"Polygon","coordinates":[[[149.0,-36.0],[149.25,-36.0],[149.25,-35.75],[149.0,-35.75],[149.0,-36.0]]]},"properties":{"cell":"596_-144","r7":0.9,"r14":21.8,"rmax24":0.7}},{"type":"Feature","geometry":{"type":"Polygon","coordinates":[[[149.0,-35.75],[149.25,-35.75],[149.25,-35.5],[149.0,-35.5],[149.0,-35.75]]]},"properties":{"cell":"596_-143","r7":1.4,"r14":39.3,"rmax24":0.7}},{"type":"Feature","geometry":{"type":"Polygon","coordinates":[[[149.0,-35.5],[149.25,-35.5],[149.25,-35.25],[149.0,-35.25],[149.0,-35.5]]]},"properties":{"cell":"596_-142","r7":1.8,"r14":37.5,"rmax24":1.4}},{"type":"Feature","geometry":{"type":"Polygon","coordinates":[[[149.0,-35.0],[149.25,-35.0],[149.25,-34.75],[149.0,-34.75],[149.0,-35.0]]]},"properties":{"cell":"596_-140","r7":1.5,"r14":40.9,"rmax24":1.0}},{"type":"Feature","geometry":{"type":"Polygon","coordinates":[[[149.0,-34.75],[149.25,-34.75],[149.25,-34.5],[149.0,-34.5],[149.0,-34.75]]]},"properties":{"cell":"596_-139","r7":0.2,"r14":44.5,"rmax24":0.1}},{"type":"Feature","geometry":{"type":"Polygon","coordinates":[[[149.0,-34.5],[149.25,-34.5],[149.25,-34.25],[149.0,-34.25],[149.0,-34.5]]]},"properties":{"cell":"596_-138","r7":0.3,"r14":47.7,"rmax24":0.1}},{"type":"Feature","geometry":{"type":"Polygon","coordinates":[[[149.0,-34.25],[149.25,-34.25],[149.25,-34.0],[149.0,-34.0],[149.0,-34.25]]]},"properties":{"cell":"596_-137","r7":0.8,"r14":46.7,"rmax24":0.4}},{"type":"Feature","geometry":{"type":"Polygon","coordinates":[[[149.0,-34.0],[149.25,-34.0],[149.25,-33.75],[149.0,-33.75],[149.0,-34.0]]]},"properties":{"cell":"596_-136","r7":0.7,"r14":45.3,"rmax24":0.3}},{"type":"Feature","geometry":{"type":"Polygon","coordinates":[[[149.0,-33.75],[149.25,-33.75],[149.25,-33.5],[149.0,-33.5],[149.0,-33.75]]]},"properties":{"cell":"596_-135","r7":0.5,"r14":45.6,"rmax24":0.5}},{"type":"Feature","geometry":{"type":"Polygon","coordinates":[[[149.0,-33.5],[149.25,-33.5],[149.25,-33.25],[149.0,-33.25],[149.0,-33.5]]]},"properties":{"cell":"596_-134","r7":1.4,"r14":53.2,"rmax24":0.6}},{"type":"Feature","geometry":{"type":"Polygon","coordinates":[[[149.0,-33.25],[149.25,-33.25],[149.25,-33.0],[149.0,-33.0],[149.0,-33.25]]]},"properties":{"cell":"596_-133","r7":0.2,"r14":51.3,"rmax24":0.1}},{"type":"Feature","geometry":{"type":"Polygon","coordinates":[[[149.0,-33.0],[149.25,-33.0],[149.25,-32.75],[149.0,-32.75],[149.0,-33.0]]]},"properties":{"cell":"596_-132","r7":0.0,"r14":48.5,"rmax24":0.0}},{"type":"Feature","geometry":{"type":"Polygon","coordinates":[[[149.0,-32.75],[149.25,-32.75],[149.25,-32.5],[149.0,-32.5],[149.0,-32.75]]]},"properties":{"cell":"596_-131","r7":0.2,"r14":39.2,"rmax24":0.2}},{"type":"Feature","geometry":{"type":"Polygon","coordinates":[[[149.0,-32.5],[149.25,-32.5],[149.25,-32.25],[149.0,-32.25],[149.0,-32.5]]]},"properties":{"cell":"596_-130","r7":1.0,"r14":40.3,"rmax24":0.8}},{"type":"Feature","geometry":{"type":"Polygon","coordinates":[[[149.0,-32.25],[149.25,-32.25],[149.25,-32.0],[149.0,-32.0],[149.0,-32.25]]]},"properties":{"cell":"596_-129","r7":0.1,"r14":30.0,"rmax24":0.1}},{"type":"Feature","geometry":{"type":"Polygon","coordinates":[[[149.0,-23.25],[149.25,-23.25],[149.25,-23.0],[149.0,-23.0],[149.0,-23.25]]]},"properties":{"cell":"596_-93","r7":0.5,"r14":1.7,"rmax24":0.3}},{"type":"Feature","geometry":{"type":"Polygon","coordinates":[[[149.0,-23.0],[149.25,-23.0],[149.25,-22.75],[149.0,-22.75],[149.0,-23.0]]]},"properties":{"cell":"596_-92","r7":0.9,"r14":1.5,"rmax24":0.4}},{"type":"Feature","geometry":{"type":"Polygon","coordinates":[[[149.0,-22.75],[149.25,-22.75],[149.25,-22.5],[149.0,-22.5],[149.0,-22.75]]]},"properties":{"cell":"596_-91","r7":3.6,"r14":3.9,"rmax24":1.8}},{"type":"Feature","geometry":{"type":"Polygon","coordinates":[[[149.0,-21.75],[149.25,-21.75],[149.25,-21.5],[149.0,-21.5],[149.0,-21.75]]]},"properties":{"cell":"596_-87","r7":3.9,"r14":9.7,"rmax24":1.9}},{"type":"Feature","geometry":{"type":"Polygon","coordinates":[[[149.0,-21.5],[149.25,-21.5],[149.25,-21.25],[149.0,-21.25],[149.0,-21.5]]]},"properties":{"cell":"596_-86","r7":5.4,"r14":11.3,"rmax24":2.4}},{"type":"Feature","geometry":{"type":"Polygon","coordinates":[[[149.0,-21.25],[149.25,-21.25],[149.25,-21.0],[149.0,-21.0],[149.0,-21.25]]]},"properties":{"cell":"596_-85","r7":6.8,"r14":13.7,"rmax24":2.7}},{"type":"Feature","geometry":{"type":"Polygon","coordinates":[[[149.25,-37.5],[149.5,-37.5],[149.5,-37.25],[149.25,-37.25],[149.25,-37.5]]]},"properties":{"cell":"597_-150","r7":3.2,"r14":29.8,"rmax24":1.6}},{"type":"Feature","geometry":{"type":"Polygon","coordinates":[[[149.25,-37.25],[149.5,-37.25],[149.5,-37.0],[149.25,-37.0],[149.25,-37.25]]]},"properties":{"cell":"597_-149","r7":2.6,"r14":22.0,"rmax24":1.1}},{"type":"Feature","geometry":{"type":"Polygon","coordinates":[[[149.25,-37.0],[149.5,-37.0],[149.5,-36.75],[149.25,-36.75],[149.25,-37.0]]]},"properties":{"cell":"597_-148","r7":1.5,"r14":14.5,"rmax24":0.5}},{"type":"Feature","geometry":{"type":"Polygon","coordinates":[[[149.25,-36.5],[149.5,-36.5],[149.5,-36.25],[149.25,-36.25],[149.25,-36.5]]]},"properties":{"cell":"597_-146","r7":3.7,"r14":12.5,"rmax24":1.6}},{"type":"Feature","geometry":{"type":"Polygon","coordinates":[[[149.25,-36.25],[149.5,-36.25],[149.5,-36.0],[149.25,-36.0],[149.25,-36.25]]]},"properties":{"cell":"597_-145","r7":1.4,"r14":11.9,"rmax24":1.2}},{"type":"Feature","geometry":{"type":"Polygon","coordinates":[[[149.25,-36.0],[149.5,-36.0],[149.5,-35.75],[149.25,-35.75],[149.25,-36.0]]]},"properties":{"cell":"597_-144","r7":4.5,"r14":22.7,"rmax24":4.3}},{"type":"Feature","geometry":{"type":"Polygon","coordinates":[[[149.25,-35.75],[149.5,-35.75],[149.5,-35.5],[149.25,-35.5],[149.25,-35.75]]]},"properties":{"cell":"597_-143","r7":1.4,"r14":31.1,"rmax24":1.2}},{"type":"Feature","geometry":{"type":"Polygon","coordinates":[[[149.25,-35.5],[149.5,-35.5],[149.5,-35.25],[149.25,-35.25],[149.25,-35.5]]]},"properties":{"cell":"597_-142","r7":1.8,"r14":31.7,"rmax24":1.2}},{"type":"Feature","geometry":{"type":"Polygon","coordinates":[[[149.25,-35.25],[149.5,-35.25],[149.5,-35.0],[149.25,-35.0],[149.25,-35.25]]]},"properties":{"cell":"597_-141","r7":0.8,"r14":33.9,"rmax24":0.6}},{"type":"Feature","geometry":{"type":"Polygon","coordinates":[[[149.25,-35.0],[149.5,-35.0],[149.5,-34.75],[149.25,-34.75],[149.25,-35.0]]]},"properties":{"cell":"597_-140","r7":1.4,"r14":39.8,"rmax24":0.9}},{"type":"Feature","geometry":{"type":"Polygon","coordinates":[[[149.25,-34.75],[149.5,-34.75],[149.5,-34.5],[149.25,-34.5],[149.25,-34.75]]]},"properties":{"cell":"597_-139","r7":0.2,"r14":41.2,"rmax24":0.1}},{"type":"Feature","geometry":{"type":"Polygon","coordinates":[[[149.25,-34.5],[149.5,-34.5],[149.5,-34.25],[149.25,-34.25],[149.25,-34.5]]]},"properties":{"cell":"597_-138","r7":0.5,"r14":46.9,"rmax24":0.4}},{"type":"Feature","geometry":{"type":"Polygon","coordinates":[[[149.25,-34.25],[149.5,-34.25],[149.5,-34.0],[149.25,-34.0],[149.25,-34.25]]]},"properties":{"cell":"597_-137","r7":0.2,"r14":44.0,"rmax24":0.1}},{"type":"Feature","geometry":{"type":"Polygon","coordinates":[[[149.25,-34.0],[149.5,-34.0],[149.5,-33.75],[149.25,-33.75],[149.25,-34.0]]]},"properties":{"cell":"597_-136","r7":1.1,"r14":47.0,"rmax24":0.5}},{"type":"Feature","geometry":{"type":"Polygon","coordinates":[[[149.25,-33.75],[149.5,-33.75],[149.5,-33.5],[149.25,-33.5],[149.25,-33.75]]]},"properties":{"cell":"597_-135","r7":2.0,"r14":43.4,"rmax24":1.4}},{"type":"Feature","geometry":{"type":"Polygon","coordinates":[[[149.25,-33.5],[149.5,-33.5],[149.5,-33.25],[149.25,-33.25],[149.25,-33.5]]]},"properties":{"cell":"597_-134","r7":1.0,"r14":36.3,"rmax24":0.7}},{"type":"Feature","geometry":{"type":"Polygon","coordinates":[[[149.25,-33.25],[149.5,-33.25],[149.5,-33.0],[149.25,-33.0],[149.25,-33.25]]]},"properties":{"cell":"597_-133","r7":0.2,"r14":42.7,"rmax24":0.1}},{"type":"Feature","geometry":{"type":"Polygon","coordinates":[[[149.25,-33.0],[149.5,-33.0],[149.5,-32.75],[149.25,-32.75],[149.25,-33.0]]]},"properties":{"cell":"597_-132","r7":0.3,"r14":48.7,"rmax24":0.2}},{"type":"Feature","geometry":{"type":"Polygon","coordinates":[[[149.25,-32.75],[149.5,-32.75],[149.5,-32.5],[149.25,-32.5],[149.25,-32.75]]]},"properties":{"cell":"597_-131","r7":0.5,"r14":40.6,"rmax24":0.3}},{"type":"Feature","geometry":{"type":"Polygon","coordinates":[[[149.25,-32.5],[149.5,-32.5],[149.5,-32.25],[149.25,-32.25],[149.25,-32.5]]]},"properties":{"cell":"597_-130","r7":0.9,"r14":27.7,"rmax24":0.6}},{"type":"Feature","geometry":{"type":"Polygon","coordinates":[[[149.25,-32.25],[149.5,-32.25],[149.5,-32.0],[149.25,-32.0],[149.25,-32.25]]]},"properties":{"cell":"597_-129","r7":0.6,"r14":23.8,"rmax24":0.3}},{"type":"Feature","geometry":{"type":"Polygon","coordinates":[[[149.25,-23.25],[149.5,-23.25],[149.5,-23.0],[149.25,-23.0],[149.25,-23.25]]]},"properties":{"cell":"597_-93","r7":0.8,"r14":1.8,"rmax24":0.5}},{"type":"Feature","geometry":{"type":"Polygon","coordinates":[[[149.25,-23.0],[149.5,-23.0],[149.5,-22.75],[149.25,-22.75],[149.25,-23.0]]]},"properties":{"cell":"597_-92","r7":2.6,"r14":3.2,"rmax24":1.3}},{"type":"Feature","geometry":{"type":"Polygon","coordinates":[[[149.25,-22.75],[149.5,-22.75],[149.5,-22.5],[149.25,-22.5],[149.25,-22.75]]]},"properties":{"cell":"597_-91","r7":5.5,"r14":6.1,"rmax24":2.1}},{"type":"Feature","geometry":{"type":"Polygon","coordinates":[[[149.25,-21.75],[149.5,-21.75],[149.5,-21.5],[149.25,-21.5],[149.25,-21.75]]]},"properties":{"cell":"597_-87","r7":14.2,"r14":22.6,"rmax24":7.3}},{"type":"Feature","geometry":{"type":"Polygon","coordinates":[[[149.25,-21.5],[149.5,-21.5],[149.5,-21.25],[149.25,-21.25],[149.25,-21.5]]]},"properties":{"cell":"597_-86","r7":13.4,"r14":22.0,"rmax24":4.6}},{"type":"Feature","geometry":{"type":"Polygon","coordinates":[[[149.25,-21.25],[149.5,-21.25],[149.5,-21.0],[149.25,-21.0],[149.25,-21.25]]]},"properties":{"cell":"597_-85","r7":8.3,"r14":16.2,"rmax24":2.5}},{"type":"Feature","geometry":{"type":"Polygon","coordinates":[[[149.5,-37.5],[149.75,-37.5],[149.75,-37.25],[149.5,-37.25],[149.5,-37.5]]]},"properties":{"cell":"598_-150","r7":5.5,"r14":25.5,"rmax24":2.6}},{"type":"Feature","geometry":{"type":"Polygon","coordinates":[[[149.5,-37.25],[149.75,-37.25],[149.75,-37.0],[149.5,-37.0],[149.5,-37.25]]]},"properties":{"cell":"598_-149","r7":6.1,"r14":25.3,"rmax24":2.2}},{"type":"Feature","geometry":{"type":"Polygon","coordinates":[[[149.5,-37.0],[149.75,-37.0],[149.75,-36.75],[149.5,-36.75],[149.5,-37.0]]]},"properties":{"cell":"598_-148","r7":11.7,"r14":24.7,"rmax24":4.0}},{"type":"Feature","geometry":{"type":"Polygon","coordinates":[[[149.5,-36.75],[149.75,-36.75],[149.75,-36.5],[149.5,-36.5],[149.5,-36.75]]]},"properties":{"cell":"598_-147","r7":11.6,"r14":22.5,"rmax24":5.5}},{"type":"Feature","geometry":{"type":"Polygon","coordinates":[[[149.5,-36.5],[149.75,-36.5],[149.75,-36.25],[149.5,-36.25],[149.5,-36.5]]]},"properties":{"cell":"598_-146","r7":9.6,"r14":16.9,"rmax24":6.3}},{"type":"Feature","geometry":{"type":"Polygon","coordinates":[[[149.5,-36.25],[149.75,-36.25],[149.75,-36.0],[149.5,-36.0],[149.5,-36.25]]]},"properties":{"cell":"598_-145","r7":9.7,"r14":19.9,"rmax24":5.8}},{"type":"Feature","geometry":{"type":"Polygon","coordinates":[[[149.5,-36.0],[149.75,-36.0],[149.75,-35.75],[149.5,-35.75],[149.5,-36.0]]]},"properties":{"cell":"598_-144","r7":15.0,"r14":28.7,"rmax24":9.9}},{"type":"Feature","geometry":{"type":"Polygon","coordinates":[[[149.5,-35.75],[149.75,-35.75],[149.75,-35.5],[149.5,-35.5],[149.5,-35.75]]]},"properties":{"cell":"598_-143","r7":6.8,"r14":22.5,"rmax24":4.8}},{"type":"Feature","geometry":{"type":"Polygon","coordinates":[[[149.5,-35.5],[149.75,-35.5],[149.75,-35.25],[149.5,-35.25],[149.5,-35.5]]]},"properties":{"cell":"598_-142","r7":2.7,"r14":27.1,"rmax24":1.3}},{"type":"Feature","geometry":{"type":"Polygon","coordinates":[[[149.5,-35.25],[149.75,-35.25],[149.75,-35.0],[149.5,-35.0],[149.5,-35.25]]]},"properties":{"cell":"598_-141","r7":2.4,"r14":28.0,"rmax24":1.9}},{"type":"Feature","geometry":{"type":"Polygon","coordinates":[[[149.5,-35.0],[149.75,-35.0],[149.75,-34.75],[149.5,-34.75],[149.5,-35.0]]]},"properties":{"cell":"598_-140","r7":2.3,"r14":29.3,"rmax24":1.6}},{"type":"Feature","geometry":{"type":"Polygon","coordinates":[[[149.5,-34.75],[149.75,-34.75],[149.75,-34.5],[149.5,-34.5],[149.5,-34.75]]]},"properties":{"cell":"598_-139","r7":0.6,"r14":28.4,"rmax24":0.5}},{"type":"Feature","geometry":{"type":"Polygon","coordinates":[[[149.5,-34.5],[149.75,-34.5],[149.75,-34.25],[149.5,-34.25],[149.5,-34.5]]]},"properties":{"cell":"598_-138","r7":2.4,"r14":38.4,"rmax24":2.0}},{"type":"Feature","geometry":{"type":"Polygon","coordinates":[[[149.5,-34.25],[149.75,-34.25],[149.75,-34.0],[149.5,-34.0],[149.5,-34.25]]]},"properties":{"cell":"598_-137","r7":0.4,"r14":38.1,"rmax24":0.3}},{"type":"Feature","geometry":{"type":"Polygon","coordinates":[[[149.5,-34.0],[149.75,-34.0],[149.75,-33.75],[149.5,-33.75],[149.5,-34.0]]]},"properties":{"cell":"598_-136","r7":0.8,"r14":46.4,"rmax24":0.3}},{"type":"Feature","geometry":{"type":"Polygon","coordinates":[[[149.5,-33.75],[149.75,-33.75],[149.75,-33.5],[149.5,-33.5],[149.5,-33.75]]]},"properties":{"cell":"598_-135","r7":1.0,"r14":36.4,"rmax24":0.6}},{"type":"Feature","geometry":{"type":"Polygon","coordinates":[[[149.5,-33.5],[149.75,-33.5],[149.75,-33.25],[149.5,-33.25],[149.5,-33.5]]]},"properties":{"cell":"598_-134","r7":0.9,"r14":36.1,"rmax24":0.6}},{"type":"Feature","geometry":{"type":"Polygon","coordinates":[[[149.5,-33.25],[149.75,-33.25],[149.75,-33.0],[149.5,-33.0],[149.5,-33.25]]]},"properties":{"cell":"598_-133","r7":0.3,"r14":34.6,"rmax24":0.2}},{"type":"Feature","geometry":{"type":"Polygon","coordinates":[[[149.5,-33.0],[149.75,-33.0],[149.75,-32.75],[149.5,-32.75],[149.5,-33.0]]]},"properties":{"cell":"598_-132","r7":0.4,"r14":48.5,"rmax24":0.3}},{"type":"Feature","geometry":{"type":"Polygon","coordinates":[[[149.5,-32.75],[149.75,-32.75],[149.75,-32.5],[149.5,-32.5],[149.5,-32.75]]]},"properties":{"cell":"598_-131","r7":1.2,"r14":27.8,"rmax24":0.7}},{"type":"Feature","geometry":{"type":"Polygon","coordinates":[[[149.5,-32.5],[149.75,-32.5],[149.75,-32.25],[149.5,-32.25],[149.5,-32.5]]]},"properties":{"cell":"598_-130","r7":0.4,"r14":25.7,"rmax24":0.3}},{"type":"Feature","geometry":{"type":"Polygon","coordinates":[[[149.5,-32.25],[149.75,-32.25],[149.75,-32.0],[149.5,-32.0],[149.5,-32.25]]]},"properties":{"cell":"598_-129","r7":0.4,"r14":22.3,"rmax24":0.3}},{"type":"Feature","geometry":{"type":"Polygon","coordinates":[[[149.5,-23.75],[149.75,-23.75],[149.75,-23.5],[149.5,-23.5],[149.5,-23.75]]]},"properties":{"cell":"598_-95","r7":0.6,"r14":1.4,"rmax24":0.4}},{"type":"Feature","geometry":{"type":"Polygon","coordinates":[[[149.5,-23.5],[149.75,-23.5],[149.75,-23.25],[149.5,-23.25],[149.5,-23.5]]]},"properties":{"cell":"598_-94","r7":1.5,"r14":2.5,"rmax24":0.8}},{"type":"Feature","geometry":{"type":"Polygon","coordinates":[[[149.5,-23.25],[149.75,-23.25],[149.75,-23.0],[149.5,-23.0],[149.5,-23.25]]]},"properties":{"cell":"598_-93","r7":2.0,"r14":3.6,"rmax24":0.9}},{"type":"Feature","geometry":{"type":"Polygon","coordinates":[[[149.5,-23.0],[149.75,-23.0],[149.75,-22.75],[149.5,-22.75],[149.5,-23.0]]]},"properties":{"cell":"598_-92","r7":3.3,"r14":3.9,"rmax24":1.8}},{"type":"Feature","geometry":{"type":"Polygon","coordinates":[[[149.5,-22.75],[149.75,-22.75],[149.75,-22.5],[149.5,-22.5],[149.5,-22.75]]]},"properties":{"cell":"598_-91","r7":4.7,"r14":5.3,"rmax24":2.4}},{"type":"Feature","geometry":{"type":"Polygon","coordinates":[[[149.5,-21.75],[149.75,-21.75],[149.75,-21.5],[149.5,-21.5],[149.5,-21.75]]]},"properties":{"cell":"598_-87","r7":13.7,"r14":19.6,"rmax24":5.8}},{"type":"Feature","geometry":{"type":"Polygon","coordinates":[[[149.5,-21.5],[149.75,-21.5],[149.75,-21.25],[149.5,-21.25],[149.5,-21.5]]]},"properties":{"cell":"598_-86","r7":9.2,"r14":14.2,"rmax24":4.1}},{"type":"Feature","geometry":{"type":"Polygon","coordinates":[[[149.5,-21.25],[149.75,-21.25],[149.75,-21.0],[149.5,-21.0],[149.5,-21.25]]]},"properties":{"cell":"598_-85","r7":6.4,"r14":14.3,"rmax24":2.2}},{"type":"Feature","geometry":{"type":"Polygon","coordinates":[[[149.75,-37.5],[150.0,-37.5],[150.0,-37.25],[149.75,-37.25],[149.75,-37.5]]]},"properties":{"cell":"599_-150","r7":5.3,"r14":28.7,"rmax24":2.6}},{"type":"Feature","geometry":{"type":"Polygon","coordinates":[[[149.75,-37.25],[150.0,-37.25],[150.0,-37.0],[149.75,-37.0],[149.75,-37.25]]]},"properties":{"cell":"599_-149","r7":6.9,"r14":24.8,"rmax24":3.0}},{"type":"Feature","geometry":{"type":"Polygon","coordinates":[[[149.75,-37.0],[150.0,-37.0],[150.0,-36.75],[149.75,-36.75],[149.75,-37.0]]]},"properties":{"cell":"599_-148","r7":6.5,"r14":16.8,"rmax24":2.7}},{"type":"Feature","geometry":{"type":"Polygon","coordinates":[[[149.75,-36.75],[150.0,-36.75],[150.0,-36.5],[149.75,-36.5],[149.75,-36.75]]]},"properties":{"cell":"599_-147","r7":14.1,"r14":23.3,"rmax24":6.1}},{"type":"Feature","geometry":{"type":"Polygon","coordinates":[[[149.75,-36.5],[150.0,-36.5],[150.0,-36.25],[149.75,-36.25],[149.75,-36.5]]]},"properties":{"cell":"599_-146","r7":9.5,"r14":14.6,"rmax24":5.2}},{"type":"Feature","geometry":{"type":"Polygon","coordinates":[[[149.75,-36.25],[150.0,-36.25],[150.0,-36.0],[149.75,-36.0],[149.75,-36.25]]]},"properties":{"cell":"599_-145","r7":14.9,"r14":20.8,"rmax24":8.3}},{"type":"Feature","geometry":{"type":"Polygon","coordinates":[[[149.75,-36.0],[150.0,-36.0],[150.0,-35.75],[149.75,-35.75],[149.75,-36.0]]]},"properties":{"cell":"599_-144","r7":12.8,"r14":20.6,"rmax24":7.3}},{"type":"Feature","geometry":{"type":"Polygon","coordinates":[[[149.75,-35.75],[150.0,-35.75],[150.0,-35.5],[149.75,-35.5],[149.75,-35.75]]]},"properties":{"cell":"599_-143","r7":9.7,"r14":22.2,"rmax24":5.8}},{"type":"Feature","geometry":{"type":"Polygon","coordinates":[[[149.75,-35.5],[150.0,-35.5],[150.0,-35.25],[149.75,-35.25],[149.75,-35.5]]]},"properties":{"cell":"599_-142","r7":6.2,"r14":18.7,"rmax24":3.3}},{"type":"Feature","geometry":{"type":"Polygon","coordinates":[[[149.75,-35.25],[150.0,-35.25],[150.0,-35.0],[149.75,-35.0],[149.75,-35.25]]]},"properties":{"cell":"599_-141","r7":2.0,"r14":19.5,"rmax24":1.7}},{"type":"Feature","geometry":{"type":"Polygon","coordinates":[[[149.75,-35.0],[150.0,-35.0],[150.0,-34.75],[149.75,-34.75],[149.75,-35.0]]]},"properties":{"cell":"599_-140","r7":2.9,"r14":23.7,"rmax24":1.6}},{"type":"Feature","geometry":{"type":"Polygon","coordinates":[[[149.75,-34.75],[150.0,-34.75],[150.0,-34.5],[149.75,-34.5],[149.75,-34.75]]]},"properties":{"cell":"599_-139","r7":2.2,"r14":23.0,"rmax24":1.0}},{"type":"Feature","geometry":{"type":"Polygon","coordinates":[[[149.75,-34.5],[150.0,-34.5],[150.0,-34.25],[149.75,-34.25],[149.75,-34.5]]]},"properties":{"cell":"599_-138","r7":4.4,"r14":28.3,"rmax24":2.6}},{"type":"Feature","geometry":{"type":"Polygon","coordinates":[[[149.75,-34.25],[150.0,-34.25],[150.0,-34.0],[149.75,-34.0],[149.75,-34.25]]]},"properties":{"cell":"599_-137","r7":3.2,"r14":41.8,"rmax24":1.9}},{"type":"Feature","geometry":{"type":"Polygon","coordinates":[[[149.75,-34.0],[150.0,-34.0],[150.0,-33.75],[149.75,-33.75],[149.75,-34.0]]]},"properties":{"cell":"599_-136","r7":2.0,"r14":46.8,"rmax24":1.2}},{"type":"Feature","geometry":{"type":"Polygon","coordinates":[[[149.75,-33.75],[150.0,-33.75],[150.0,-33.5],[149.75,-33.5],[149.75,-33.75]]]},"properties":{"cell":"599_-135","r7":1.1,"r14":35.6,"rmax24":0.7}},{"type":"Feature","geometry":{"type":"Polygon","coordinates":[[[149.75,-33.5],[150.0,-33.5],[150.0,-33.25],[149.75,-33.25],[149.75,-33.5]]]},"properties":{"cell":"599_-134","r7":1.0,"r14":41.6,"rmax24":0.9}},{"type":"Feature","geometry":{"type":"Polygon","coordinates":[[[149.75,-33.25],[150.0,-33.25],[150.0,-33.0],[149.75,-33.0],[149.75,-33.25]]]},"properties":{"cell":"599_-133","r7":3.5,"r14":35.8,"rmax24":2.2}},{"type":"Feature","geometry":{"type":"Polygon","coordinates":[[[149.75,-33.0],[150.0,-33.0],[150.0,-32.75],[149.75,-32.75],[149.75,-33.0]]]},"properties":{"cell":"599_-132","r7":3.1,"r14":31.5,"rmax24":1.0}},{"type":"Feature","geometry":{"type":"Polygon","coordinates":[[[149.75,-32.75],[150.0,-32.75],[150.0,-32.5],[149.75,-32.5],[149.75,-32.75]]]},"properties":{"cell":"599_-131","r7":1.5,"r14":30.7,"rmax24":1.0}},{"type":"Feature","geometry":{"type":"Polygon","coordinates":[[[149.75,-32.5],[150.0,-32.5],[150.0,-32.25],[149.75,-32.25],[149.75,-32.5]]]},"properties":{"cell":"599_-130","r7":1.4,"r14":26.0,"rmax24":0.9}},{"type":"Feature","geometry":{"type":"Polygon","coordinates":[[[149.75,-32.25],[150.0,-32.25],[150.0,-32.0],[149.75,-32.0],[149.75,-32.25]]]},"properties":{"cell":"599_-129","r7":1.3,"r14":20.9,"rmax24":1.0}},{"type":"Feature","geometry":{"type":"Polygon","coordinates":[[[149.75,-24.75],[150.0,-24.75],[150.0,-24.5],[149.75,-24.5],[149.75,-24.75]]]},"properties":{"cell":"599_-99","r7":3.6,"r14":6.6,"rmax24":2.8}},{"type":"Feature","geometry":{"type":"Polygon","coordinates":[[[149.75,-24.5],[150.0,-24.5],[150.0,-24.25],[149.75,-24.25],[149.75,-24.5]]]},"properties":{"cell":"599_-98","r7":1.1,"r14":3.1,"rmax24":0.7}},{"type":"Feature","geometry":{"type":"Polygon","coordinates":[[[149.75,-24.25],[150.0,-24.25],[150.0,-24.0],[149.75,-24.0],[149.75,-24.25]]]},"properties":{"cell":"599_-97","r7":2.2,"r14":3.6,"rmax24":1.8}},{"type":"Feature","geometry":{"type":"Polygon","coordinates":[[[149.75,-24.0],[150.0,-24.0],[150.0,-23.75],[149.75,-23.75],[149.75,-24.0]]]},"properties":{"cell":"599_-96","r7":1.1,"r14":2.1,"rmax24":0.7}},{"type":"Feature","geometry":{"type":"Polygon","coordinates":[[[149.75,-23.75],[150.0,-23.75],[150.0,-23.5],[149.75,-23.5],[149.75,-23.75]]]},"properties":{"cell":"599_-95","r7":1.8,"r14":2.6,"rmax24":1.2}},{"type":"Feature","geometry":{"type":"Polygon","coordinates":[[[149.75,-23.5],[150.0,-23.5],[150.0,-23.25],[149.75,-23.25],[149.75,-23.5]]]},"properties":{"cell":"599_-94","r7":1.9,"r14":3.4,"rmax24":0.9}},{"type":"Feature","geometry":{"type":"Polygon","coordinates":[[[149.75,-23.25],[150.0,-23.25],[150.0,-23.0],[149.75,-23.0],[149.75,-23.25]]]},"properties":{"cell":"599_-93","r7":1.4,"r14":2.1,"rmax24":0.6}},{"type":"Feature","geometry":{"type":"Polygon","coordinates":[[[149.75,-23.0],[150.0,-23.0],[150.0,-22.75],[149.75,-22.75],[149.75,-23.0]]]},"properties":{"cell":"599_-92","r7":2.7,"r14":3.4,"rmax24":1.2}},{"type":"Feature","geometry":{"type":"Polygon","coordinates":[[[150.0,-37.25],[150.25,-37.25],[150.25,-37.0],[150.0,-37.0],[150.0,-37.25]]]},"properties":{"cell":"600_-149","r7":7.5,"r14":26.8,"rmax24":3.1}},{"type":"Feature","geometry":{"type":"Polygon","coordinates":[[[150.0,-37.0],[150.25,-37.0],[150.25,-36.75],[150.0,-36.75],[150.0,-37.0]]]},"properties":{"cell":"600_-148","r7":7.4,"r14":19.3,"rmax24":4.7}},{"type":"Feature","geometry":{"type":"Polygon","coordinates":[[[150.0,-36.75],[150.25,-36.75],[150.25,-36.5],[150.0,-36.5],[150.0,-36.75]]]},"properties":{"cell":"600_-147","r7":13.6,"r14":20.5,"rmax24":6.1}},{"type":"Feature","geometry":{"type":"Polygon","coordinates":[[[150.0,-36.5],[150.25,-36.5],[150.25,-36.25],[150.0,-36.25],[150.0,-36.5]]]},"properties":{"cell":"600_-146","r7":13.4,"r14":22.7,"rmax24":7.4}},{"type":"Feature","geometry":{"type":"Polygon","coordinates":[[[150.0,-36.25],[150.25,-36.25],[150.25,-36.0],[150.0,-36.0],[150.0,-36.25]]]},"properties":{"cell":"600_-145","r7":17.1,"r14":23.6,"rmax24":8.1}},{"type":"Feature","geometry":{"type":"Polygon","coordinates":[[[150.0,-36.0],[150.25,-36.0],[150.25,-35.75],[150.0,-35.75],[150.0,-36.0]]]},"properties":{"cell":"600_-144","r7":17.3,"r14":24.5,"rmax24":9.2}},{"type":"Feature","geometry":{"type":"Polygon","coordinates":[[[150.0,-35.75],[150.25,-35.75],[150.25,-35.5],[150.0,-35.5],[150.0,-35.75]]]},"properties":{"cell":"600_-143","r7":12.0,"r14":18.0,"rmax24":7.6}},{"type":"Feature","geometry":{"type":"Polygon","coordinates":[[[150.0,-35.5],[150.25,-35.5],[150.25,-35.25],[150.0,-35.25],[150.0,-35.5]]]},"properties":{"cell":"600_-142","r7":11.2,"r14":21.1,"rmax24":4.7}},{"type":"Feature","geometry":{"type":"Polygon","coordinates":[[[150.0,-35.25],[150.25,-35.25],[150.25,-35.0],[150.0,-35.0],[150.0,-35.25]]]},"properties":{"cell":"600_-141","r7":2.0,"r14":15.1,"rmax24":1.3}},{"type":"Feature","geometry":{"type":"Polygon","coordinates":[[[150.0,-35.0],[150.25,-35.0],[150.25,-34.75],[150.0,-34.75],[150.0,-35.0]]]},"properties":{"cell":"600_-140","r7":3.9,"r14":20.4,"rmax24":1.9}},{"type":"Feature","geometry":{"type":"Polygon","coordinates":[[[150.0,-34.75],[150.25,-34.75],[150.25,-34.5],[150.0,-34.5],[150.0,-34.75]]]},"properties":{"cell":"600_-139","r7":3.9,"r14":19.8,"rmax24":1.5}},{"type":"Feature","geometry":{"type":"Polygon","coordinates":[[[150.0,-34.5],[150.25,-34.5],[150.25,-34.25],[150.0,-34.25],[150.0,-34.5]]]},"properties":{"cell":"600_-138","r7":5.4,"r14":22.1,"rmax24":2.2}},{"type":"Feature","geometry":{"type":"Polygon","coordinates":[[[150.0,-34.25],[150.25,-34.25],[150.25,-34.0],[150.0,-34.0],[150.0,-34.25]]]},"properties":{"cell":"600_-137","r7":6.0,"r14":29.3,"rmax24":2.8}},{"type":"Feature","geometry":{"type":"Polygon","coordinates":[[[150.0,-34.0],[150.25,-34.0],[150.25,-33.75],[150.0,-33.75],[150.0,-34.0]]]},"properties":{"cell":"600_-136","r7":10.3,"r14":41.4,"rmax24":4.9}},{"type":"Feature","geometry":{"type":"Polygon","coordinates":[[[150.0,-33.75],[150.25,-33.75],[150.25,-33.5],[150.0,-33.5],[150.0,-33.75]]]},"properties":{"cell":"600_-135","r7":9.9,"r14":33.3,"rmax24":5.4}},{"type":"Feature","geometry":{"type":"Polygon","coordinates":[[[150.0,-33.5],[150.25,-33.5],[150.25,-33.25],[150.0,-33.25],[150.0,-33.5]]]},"properties":{"cell":"600_-134","r7":2.2,"r14":33.9,"rmax24":1.5}},{"type":"Feature","geometry":{"type":"Polygon","coordinates":[[[150.0,-33.25],[150.25,-33.25],[150.25,-33.0],[150.0,-33.0],[150.0,-33.25]]]},"properties":{"cell":"600_-133","r7":3.1,"r14":23.1,"rmax24":1.2}},{"type":"Feature","geometry":{"type":"Polygon","coordinates":[[[150.0,-25.75],[150.25,-25.75],[150.25,-25.5],[150.0,-25.5],[150.0,-25.75]]]},"properties":{"cell":"600_-103","r7":3.5,"r14":6.4,"rmax24":1.9}},{"type":"Feature","geometry":{"type":"Polygon","coordinates":[[[150.0,-25.5],[150.25,-25.5],[150.25,-25.25],[150.0,-25.25],[150.0,-25.5]]]},"properties":{"cell":"600_-102","r7":5.6,"r14":10.6,"rmax24":2.8}},{"type":"Feature","geometry":{"type":"Polygon","coordinates":[[[150.0,-25.25],[150.25,-25.25],[150.25,-25.0],[150.0,-25.0],[150.0,-25.25]]]},"properties":{"cell":"600_-101","r7":3.6,"r14":7.2,"rmax24":2.0}},{"type":"Feature","geometry":{"type":"Polygon","coordinates":[[[150.0,-24.75],[150.25,-24.75],[150.25,-24.5],[150.0,-24.5],[150.0,-24.75]]]},"properties":{"cell":"600_-99","r7":4.7,"r14":9.0,"rmax24":3.2}},{"type":"Feature","geometry":{"type":"Polygon","coordinates":[[[150.0,-24.5],[150.25,-24.5],[150.25,-24.25],[150.0,-24.25],[150.0,-24.5]]]},"properties":{"cell":"600_-98","r7":1.8,"r14":4.7,"rmax24":1.0}},{"type":"Feature","geometry":{"type":"Polygon","coordinates":[[[150.0,-24.25],[150.25,-24.25],[150.25,-24.0],[150.0,-24.0],[150.0,-24.25]]]},"properties":{"cell":"600_-97","r7":1.1,"r14":3.4,"rmax24":0.8}},{"type":"Feature","geometry":{"type":"Polygon","coordinates":[[[150.0,-24.0],[150.25,-24.0],[150.25,-23.75],[150.0,-23.75],[150.0,-24.0]]]},"properties":{"cell":"600_-96","r7":2.8,"r14":4.1,"rmax24":1.7}},{"type":"Feature","geometry":{"type":"Polygon","coordinates":[[[150.0,-23.75],[150.25,-23.75],[150.25,-23.5],[150.0,-23.5],[150.0,-23.75]]]},"properties":{"cell":"600_-95","r7":1.6,"r14":3.8,"rmax24":1.2}},{"type":"Feature","geometry":{"type":"Polygon","coordinates":[[[150.0,-23.5],[150.25,-23.5],[150.25,-23.25],[150.0,-23.25],[150.0,-23.5]]]},"properties":{"cell":"600_-94","r7":0.8,"r14":2.3,"rmax24":0.5}},{"type":"Feature","geometry":{"type":"Polygon","coordinates":[[[150.0,-23.25],[150.25,-23.25],[150.25,-23.0],[150.0,-23.0],[150.0,-23.25]]]},"properties":{"cell":"600_-93","r7":1.1,"r14":2.9,"rmax24":0.7}},{"type":"Feature","geometry":{"type":"Polygon","coordinates":[[[150.0,-23.0],[150.25,-23.0],[150.25,-22.75],[150.0,-22.75],[150.0,-23.0]]]},"properties":{"cell":"600_-92","r7":1.5,"r14":3.2,"rmax24":0.6}},{"type":"Feature","geometry":{"type":"Polygon","coordinates":[[[150.25,-36.25],[150.5,-36.25],[150.5,-36.0],[150.25,-36.0],[150.25,-36.25]]]},"properties":{"cell":"601_-145","r7":17.9,"r14":27.1,"rmax24":9.8}},{"type":"Feature","geometry":{"type":"Polygon","coordinates":[[[150.25,-36.0],[150.5,-36.0],[150.5,-35.75],[150.25,-35.75],[150.25,-36.0]]]},"properties":{"cell":"601_-144","r7":16.7,"r14":22.9,"rmax24":10.3}},{"type":"Feature","geometry":{"type":"Polygon","coordinates":[[[150.25,-35.75],[150.5,-35.75],[150.5,-35.5],[150.25,-35.5],[150.25,-35.75]]]},"properties":{"cell":"601_-143","r7":14.2,"r14":20.7,"rmax24":8.9}},{"type":"Feature","geometry":{"type":"Polygon","coordinates":[[[150.25,-35.25],[150.5,-35.25],[150.5,-35.0],[150.25,-35.0],[150.25,-35.25]]]},"properties":{"cell":"601_-141","r7":6.4,"r14":16.6,"rmax24":2.5}},{"type":"Feature","geometry":{"type":"Polygon","coordinates":[[[150.25,-35.0],[150.5,-35.0],[150.5,-34.75],[150.25,-34.75],[150.25,-35.0]]]},"properties":{"cell":"601_-140","r7":6.7,"r14":17.2,"rmax24":3.0}},{"type":"Feature","geometry":{"type":"Polygon","coordinates":[[[150.25,-34.75],[150.5,-34.75],[150.5,-34.5],[150.25,-34.5],[150.25,-34.75]]]},"properties":{"cell":"601_-139","r7":6.1,"r14":19.7,"rmax24":2.0}},{"type":"Feature","geometry":{"type":"Polygon","coordinates":[[[150.25,-34.5],[150.5,-34.5],[150.5,-34.25],[150.25,-34.25],[150.25,-34.5]]]},"properties":{"cell":"601_-138","r7":6.7,"r14":23.6,"rmax24":3.1}},{"type":"Feature","geometry":{"type":"Polygon","coordinates":[[[150.25,-34.25],[150.5,-34.25],[150.5,-34.0],[150.25,-34.0],[150.25,-34.25]]]},"properties":{"cell":"601_-137","r7":7.0,"r14":24.5,"rmax24":3.1}},{"type":"Feature","geometry":{"type":"Polygon","coordinates":[[[150.25,-34.0],[150.5,-34.0],[150.5,-33.75],[150.25,-33.75],[150.25,-34.0]]]},"properties":{"cell":"601_-136","r7":13.1,"r14":28.6,"rmax24":5.7}},{"type":"Feature","geometry":{"type":"Polygon","coordinates":[[[150.25,-30.25],[150.5,-30.25],[150.5,-30.0],[150.25,-30.0],[150.25,-30.25]]]},"properties":{"cell":"601_-121","r7":0.0,"r14":20.4,"rmax24":0.0}},{"type":"Feature","geometry":{"type":"Polygon","coordinates":[[[150.25,-30.0],[150.5,-30.0],[150.5,-29.75],[150.25,-29.75],[150.25,-30.0]]]},"properties":{"cell":"601_-120","r7":0.1,"r14":17.4,"rmax24":0.1}},{"type":"Feature","geometry":{"type":"Polygon","coordinates":[[[150.25,-29.75],[150.5,-29.75],[150.5,-29.5],[150.25,-29.5],[150.25,-29.75]]]},"properties":{"cell":"601_-119","r7":0.0,"r14":17.3,"rmax24":0.0}},{"type":"Feature","geometry":{"type":"Polygon","coordinates":[[[150.25,-26.0],[150.5,-26.0],[150.5,-25.75],[150.25,-25.75],[150.25,-26.0]]]},"properties":{"cell":"601_-104","r7":2.6,"r14":7.4,"rmax24":1.1}},{"type":"Feature","geometry":{"type":"Polygon","coordinates":[[[150.25,-25.75],[150.5,-25.75],[150.5,-25.5],[150.25,-25.5],[150.25,-25.75]]]},"properties":{"cell":"601_-103","r7":3.0,"r14":6.0,"rmax24":1.4}},{"type":"Feature","geometry":{"type":"Polygon","coordinates":[[[150.25,-25.5],[150.5,-25.5],[150.5,-25.25],[150.25,-25.25],[150.25,-25.5]]]},"properties":{"cell":"601_-102","r7":3.9,"r14":8.3,"rmax24":1.4}},{"type":"Feature","geometry":{"type":"Polygon","coordinates":[[[150.25,-25.25],[150.5,-25.25],[150.5,-25.0],[150.25,-25.0],[150.25,-25.25]]]},"properties":{"cell":"601_-101","r7":4.6,"r14":11.1,"rmax24":1.9}},{"type":"Feature","geometry":{"type":"Polygon","coordinates":[[[150.25,-24.75],[150.5,-24.75],[150.5,-24.5],[150.25,-24.5],[150.25,-24.75]]]},"properties":{"cell":"601_-99","r7":2.5,"r14":6.3,"rmax24":1.7}},{"type":"Feature","geometry":{"type":"Polygon","coordinates":[[[150.25,-24.5],[150.5,-24.5],[150.5,-24.25],[150.25,-24.25],[150.25,-24.5]]]},"properties":{"cell":"601_-98","r7":1.8,"r14":3.3,"rmax24":1.4}},{"type":"Feature","geometry":{"type":"Polygon","coordinates":[[[150.25,-24.25],[150.5,-24.25],[150.5,-24.0],[150.25,-24.0],[150.25,-24.25]]]},"properties":{"cell":"601_-97","r7":1.0,"r14":3.1,"rmax24":0.7}},{"type":"Feature","geometry":{"type":"Polygon","coordinates":[[[150.25,-24.0],[150.5,-24.0],[150.5,-23.75],[150.25,-23.75],[150.25,-24.0]]]},"properties":{"cell":"601_-96","r7":3.2,"r14":4.0,"rmax24":1.7}},{"type":"Feature","geometry":{"type":"Polygon","coordinates":[[[150.25,-23.75],[150.5,-23.75],[150.5,-23.5],[150.25,-23.5],[150.25,-23.75]]]},"properties":{"cell":"601_-95","r7":1.7,"r14":3.4,"rmax24":0.8}},{"type":"Feature","geometry":{"type":"Polygon","coordinates":[[[150.25,-23.5],[150.5,-23.5],[150.5,-23.25],[150.25,-23.25],[150.25,-23.5]]]},"properties":{"cell":"601_-94","r7":1.5,"r14":2.5,"rmax24":0.7}},{"type":"Feature","geometry":{"type":"Polygon","coordinates":[[[150.25,-23.25],[150.5,-23.25],[150.5,-23.0],[150.25,-23.0],[150.25,-23.25]]]},"properties":{"cell":"601_-93","r7":2.3,"r14":3.3,"rmax24":1.5}},{"type":"Feature","geometry":{"type":"Polygon","coordinates":[[[150.25,-23.0],[150.5,-23.0],[150.5,-22.75],[150.25,-22.75],[150.25,-23.0]]]},"properties":{"cell":"601_-92","r7":3.3,"r14":5.2,"rmax24":1.3}},{"type":"Feature","geometry":{"type":"Polygon","coordinates":[[[150.5,-35.25],[150.75,-35.25],[150.75,-35.0],[150.5,-35.0],[150.5,-35.25]]]},"properties":{"cell":"602_-141","r7":8.0,"r14":17.0,"rmax24":5.3}},{"type":"Feature","geometry":{"type":"Polygon","coordinates":[[[150.5,-35.0],[150.75,-35.0],[150.75,-34.75],[150.5,-34.75],[150.5,-35.0]]]},"properties":{"cell":"602_-140","r7":6.3,"r14":16.7,"rmax24":3.1}},{"type":"Feature","geometry":{"type":"Polygon","coordinates":[[[150.5,-34.75],[150.75,-34.75],[150.75,-34.5],[150.5,-34.5],[150.5,-34.75]]]},"properties":{"cell":"602_-139","r7":10.6,"r14":23.5,"rmax24":4.1}},{"type":"Feature","geometry":{"type":"Polygon","coordinates":[[[150.5,-31.25],[150.75,-31.25],[150.75,-31.0],[150.5,-31.0],[150.5,-31.25]]]},"properties":{"cell":"602_-125","r7":0.5,"r14":19.0,"rmax24":0.3}},{"type":"Feature","geometry":{"type":"Polygon","coordinates":[[[150.5,-31.0],[150.75,-31.0],[150.75,-30.75],[150.5,-30.75],[150.5,-31.0]]]},"properties":{"cell":"602_-124","r7":0.1,"r14":14.6,"rmax24":0.1}},{"type":"Feature","geometry":{"type":"Polygon","coordinates":[[[150.5,-30.75],[150.75,-30.75],[150.75,-30.5],[150.5,-30.5],[150.5,-30.75]]]},"properties":{"cell":"602_-123","r7":0.9,"r14":13.4,"rmax24":0.9}},{"type":"Feature","geometry":{"type":"Polygon","coordinates":[[[150.5,-30.25],[150.75,-30.25],[150.75,-30.0],[150.5,-30.0],[150.5,-30.25]]]},"properties":{"cell":"602_-121","r7":0.7,"r14":20.3,"rmax24":0.7}},{"type":"Feature","geometry":{"type":"Polygon","coordinates":[[[150.5,-30.0],[150.75,-30.0],[150.75,-29.75],[150.5,-29.75],[150.5,-30.0]]]},"properties":{"cell":"602_-120","r7":1.0,"r14":21.5,"rmax24":1.0}},{"type":"Feature","geometry":{"type":"Polygon","coordinates":[[[150.5,-29.75],[150.75,-29.75],[150.75,-29.5],[150.5,-29.5],[150.5,-29.75]]]},"properties":{"cell":"602_-119","r7":0.7,"r14":20.0,"rmax24":0.7}},{"type":"Feature","geometry":{"type":"Polygon","coordinates":[[[150.5,-26.25],[150.75,-26.25],[150.75,-26.0],[150.5,-26.0],[150.5,-26.25]]]},"properties":{"cell":"602_-105","r7":2.5,"r14":6.7,"rmax24":2.0}},{"type":"Feature","geometry":{"type":"Polygon","coordinates":[[[150.5,-26.0],[150.75,-26.0],[150.75,-25.75],[150.5,-25.75],[150.5,-26.0]]]},"properties":{"cell":"602_-104","r7":2.9,"r14":4.9,"rmax24":1.8}},{"type":"Feature","geometry":{"type":"Polygon","coordinates":[[[150.5,-25.75],[150.75,-25.75],[150.75,-25.5],[150.5,-25.5],[150.5,-25.75]]]},"properties":{"cell":"602_-103","r7":5.0,"r14":9.8,"rmax24":2.3}},{"type":"Feature","geometry":{"type":"Polygon","coordinates":[[[150.5,-25.5],[150.75,-25.5],[150.75,-25.25],[150.5,-25.25],[150.5,-25.5]]]},"properties":{"cell":"602_-102","r7":4.5,"r14":7.7,"rmax24":1.7}},{"type":"Feature","geometry":{"type":"Polygon","coordinates":[[[150.5,-25.25],[150.75,-25.25],[150.75,-25.0],[150.5,-25.0],[150.5,-25.25]]]},"properties":{"cell":"602_-101","r7":3.9,"r14":10.0,"rmax24":1.3}},{"type":"Feature","geometry":{"type":"Polygon","coordinates":[[[150.5,-24.25],[150.75,-24.25],[150.75,-24.0],[150.5,-24.0],[150.5,-24.25]]]},"properties":{"cell":"602_-97","r7":3.2,"r14":5.4,"rmax24":1.5}},{"type":"Feature","geometry":{"type":"Polygon","coordinates":[[[150.5,-24.0],[150.75,-24.0],[150.75,-23.75],[150.5,-23.75],[150.5,-24.0]]]},"properties":{"cell":"602_-96","r7":2.7,"r14":4.4,"rmax24":1.3}},{"type":"Feature","geometry":{"type":"Polygon","coordinates":[[[150.5,-23.75],[150.75,-23.75],[150.75,-23.5],[150.5,-23.5],[150.5,-23.75]]]},"properties":{"cell":"602_-95","r7":1.4,"r14":3.1,"rmax24":0.7}},{"type":"Feature","geometry":{"type":"Polygon","coordinates":[[[150.5,-23.5],[150.75,-23.5],[150.75,-23.25],[150.5,-23.25],[150.5,-23.5]]]},"properties":{"cell":"602_-94","r7":2.0,"r14":3.5,"rmax24":0.8}},{"type":"Feature","geometry":{"type":"Polygon","coordinates":[[[150.5,-23.25],[150.75,-23.25],[150.75,-23.0],[150.5,-23.0],[150.5,-23.25]]]},"properties":{"cell":"602_-93","r7":6.9,"r14":9.1,"rmax24":5.0}},{"type":"Feature","geometry":{"type":"Polygon","coordinates":[[[150.5,-23.0],[150.75,-23.0],[150.75,-22.75],[150.5,-22.75],[150.5,-23.0]]]},"properties":{"cell":"602_-92","r7":17.1,"r14":25.9,"rmax24":5.7}},{"type":"Feature","geometry":{"type":"Polygon","coordinates":[[[150.75,-31.75],[151.0,-31.75],[151.0,-31.5],[150.75,-31.5],[150.75,-31.75]]]},"properties":{"cell":"603_-127","r7":2.2,"r14":27.5,"rmax24":1.0}},{"type":"Feature","geometry":{"type":"Polygon","coordinates":[[[150.75,-31.5],[151.0,-31.5],[151.0,-31.25],[150.75,-31.25],[150.75,-31.5]]]},"properties":{"cell":"603_-126","r7":0.5,"r14":18.7,"rmax24":0.3}},{"type":"Feature","geometry":{"type":"Polygon","coordinates":[[[150.75,-31.25],[151.0,-31.25],[151.0,-31.0],[150.75,-31.0],[150.75,-31.25]]]},"properties":{"cell":"603_-125","r7":0.4,"r14":16.6,"rmax24":0.3}},{"type":"Feature","geometry":{"type":"Polygon","coordinates":[[[150.75,-31.0],[151.0,-31.0],[151.0,-30.75],[150.75,-30.75],[150.75,-31.0]]]},"properties":{"cell":"603_-124","r7":0.4,"r14":14.7,"rmax24":0.2}},{"type":"Feature","geometry":{"type":"Polygon","coordinates":[[[150.75,-30.75],[151.0,-30.75],[151.0,-30.5],[150.75,-30.5],[150.75,-30.75]]]},"properties":{"cell":"603_-123","r7":0.4,"r14":14.7,"rmax24":0.4}},{"type":"Feature","geometry":{"type":"Polygon","coordinates":[[[150.75,-30.25],[151.0,-30.25],[151.0,-30.0],[150.75,-30.0],[150.75,-30.25]]]},"properties":{"cell":"603_-121","r7":1.0,"r14":21.7,"rmax24":0.9}},{"type":"Feature","geometry":{"type":"Polygon","coordinates":[[[150.75,-30.0],[151.0,-30.0],[151.0,-29.75],[150.75,-29.75],[150.75,-30.0]]]},"properties":{"cell":"603_-120","r7":0.1,"r14":15.6,"rmax24":0.1}},{"type":"Feature","geometry":{"type":"Polygon","coordinates":[[[150.75,-29.75],[151.0,-29.75],[151.0,-29.5],[150.75,-29.5],[150.75,-29.75]]]},"properties":{"cell":"603_-119","r7":0.6,"r14":15.9,"rmax24":0.6}},{"type":"Feature","geometry":{"type":"Polygon","coordinates":[[[150.75,-29.25],[151.0,-29.25],[151.0,-29.0],[150.75,-29.0],[150.75,-29.25]]]},"properties":{"cell":"603_-117","r7":0.3,"r14":10.2,"rmax24":0.3}},{"type":"Feature","geometry":{"type":"Polygon","coordinates":[[[150.75,-29.0],[151.0,-29.0],[151.0,-28.75],[150.75,-28.75],[150.75,-29.0]]]},"properties":{"cell":"603_-116","r7":0.1,"r14":14.6,"rmax24":0.1}},{"type":"Feature","geometry":{"type":"Polygon","coordinates":[[[150.75,-28.75],[151.0,-28.75],[151.0,-28.5],[150.75,-28.5],[150.75,-28.75]]]},"properties":{"cell":"603_-115","r7":0.0,"r14":11.2,"rmax24":0.0}},{"type":"Feature","geometry":{"type":"Polygon","coordinates":[[[150.75,-26.25],[151.0,-26.25],[151.0,-26.0],[150.75,-26.0],[150.75,-26.25]]]},"properties":{"cell":"603_-105","r7":4.4,"r14":7.4,"rmax24":3.7}},{"type":"Feature","geometry":{"type":"Polygon","coordinates":[[[150.75,-26.0],[151.0,-26.0],[151.0,-25.75],[150.75,-25.75],[150.75,-26.0]]]},"properties":{"cell":"603_-104","r7":5.9,"r14":10.5,"rmax24":4.3}},{"type":"Feature","geometry":{"type":"Polygon","coordinates":[[[150.75,-25.75],[151.0,-25.75],[151.0,-25.5],[150.75,-25.5],[150.75,-25.75]]]},"properties":{"cell":"603_-103","r7":5.4,"r14":8.6,"rmax24":3.0}},{"type":"Feature","geometry":{"type":"Polygon","coordinates":[[[150.75,-25.5],[151.0,-25.5],[151.0,-25.25],[150.75,-25.25],[150.75,-25.5]]]},"properties":{"cell":"603_-102","r7":6.8,"r14":11.4,"rmax24":2.5}},{"type":"Feature","geometry":{"type":"Polygon","coordinates":[[[150.75,-25.25],[151.0,-25.25],[151.0,-25.0],[150.75,-25.0],[150.75,-25.25]]]},"properties":{"cell":"603_-101","r7":7.8,"r14":10.4,"rmax24":2.7}},{"type":"Feature","geometry":{"type":"Polygon","coordinates":[[[150.75,-24.25],[151.0,-24.25],[151.0,-24.0],[150.75,-24.0],[150.75,-24.25]]]},"properties":{"cell":"603_-97","r7":4.5,"r14":5.9,"rmax24":2.2}},{"type":"Feature","geometry":{"type":"Polygon","coordinates":[[[150.75,-24.0],[151.0,-24.0],[151.0,-23.75],[150.75,-23.75],[150.75,-24.0]]]},"properties":{"cell":"603_-96","r7":2.8,"r14":3.8,"rmax24":1.3}},{"type":"Feature","geometry":{"type":"Polygon","coordinates":[[[150.75,-23.75],[151.0,-23.75],[151.0,-23.5],[150.75,-23.5],[150.75,-23.75]]]},"properties":{"cell":"603_-95","r7":0.4,"r14":1.6,"rmax24":0.2}},{"type":"Feature","geometry":{"type":"Polygon","coordinates":[[[150.75,-23.5],[151.0,-23.5],[151.0,-23.25],[150.75,-23.25],[150.75,-23.5]]]},"properties":{"cell":"603_-94","r7":1.1,"r14":3.4,"rmax24":0.6}},{"type":"Feature","geometry":{"type":"Polygon","coordinates":[[[150.75,-23.25],[151.0,-23.25],[151.0,-23.0],[150.75,-23.0],[150.75,-23.25]]]},"properties":{"cell":"603_-93","r7":14.8,"r14":19.2,"rmax24":6.2}},{"type":"Feature","geometry":{"type":"Polygon","coordinates":[[[151.0,-32.25],[151.25,-32.25],[151.25,-32.0],[151.0,-32.0],[151.0,-32.25]]]},"properties":{"cell":"604_-129","r7":1.2,"r14":15.4,"rmax24":0.6}},{"type":"Feature","geometry":{"type":"Polygon","coordinates":[[[151.0,-32.0],[151.25,-32.0],[151.25,-31.75],[151.0,-31.75],[151.0,-32.0]]]},"properties":{"cell":"604_-128","r7":2.8,"r14":22.0,"rmax24":1.2}},{"type":"Feature","geometry":{"type":"Polygon","coordinates":[[[151.0,-31.75],[151.25,-31.75],[151.25,-31.5],[151.0,-31.5],[151.0,-31.75]]]},"properties":{"cell":"604_-127","r7":1.0,"r14":33.2,"rmax24":0.9}},{"type":"Feature","geometry":{"type":"Polygon","coordinates":[[[151.0,-31.5],[151.25,-31.5],[151.25,-31.25],[151.0,-31.25],[151.0,-31.5]]]},"properties":{"cell":"604_-126","r7":1.0,"r14":28.6,"rmax24":0.4}},{"type":"Feature","geometry":{"type":"Polygon","coordinates":[[[151.0,-31.25],[151.25,-31.25],[151.25,-31.0],[151.0,-31.0],[151.0,-31.25]]]},"properties":{"cell":"604_-125","r7":0.3,"r14":14.2,"rmax24":0.2}},{"type":"Feature","geometry":{"type":"Polygon","coordinates":[[[151.0,-31.0],[151.25,-31.0],[151.25,-30.75],[151.0,-30.75],[151.0,-31.0]]]},"properties":{"cell":"604_-124","r7":1.1,"r14":19.8,"rmax24":0.8}},{"type":"Feature","geometry":{"type":"Polygon","coordinates":[[[151.0,-30.75],[151.25,-30.75],[151.25,-30.5],[151.0,-30.5],[151.0,-30.75]]]},"properties":{"cell":"604_-123","r7":0.7,"r14":16.7,"rmax24":0.3}},{"type":"Feature","geometry":{"type":"Polygon","coordinates":[[[151.0,-30.5],[151.25,-30.5],[151.25,-30.25],[151.0,-30.25],[151.0,-30.5]]]},"properties":{"cell":"604_-122","r7":1.0,"r14":14.8,"rmax24":1.0}},{"type":"Feature","geometry":{"type":"Polygon","coordinates":[[[151.0,-29.75],[151.25,-29.75],[151.25,-29.5],[151.0,-29.5],[151.0,-29.75]]]},"properties":{"cell":"604_-119","r7":0.2,"r14":11.1,"rmax24":0.2}},{"type":"Feature","geometry":{"type":"Polygon","coordinates":[[[151.0,-29.5],[151.25,-29.5],[151.25,-29.25],[151.0,-29.25],[151.0,-29.5]]]},"properties":{"cell":"604_-118","r7":0.3,"r14":10.9,"rmax24":0.3}},{"type":"Feature","geometry":{"type":"Polygon","coordinates":[[[151.0,-29.25],[151.25,-29.25],[151.25,-29.0],[151.0,-29.0],[151.0,-29.25]]]},"properties":{"cell":"604_-117","r7":0.2,"r14":13.6,"rmax24":0.2}},{"type":"Feature","geometry":{"type":"Polygon","coordinates":[[[151.0,-29.0],[151.25,-29.0],[151.25,-28.75],[151.0,-28.75],[151.0,-29.0]]]},"properties":{"cell":"604_-116","r7":0.0,"r14":18.3,"rmax24":0.0}},{"type":"Feature","geometry":{"type":"Polygon","coordinates":[[[151.0,-28.75],[151.25,-28.75],[151.25,-28.5],[151.0,-28.5],[151.0,-28.75]]]},"properties":{"cell":"604_-115","r7":0.2,"r14":10.8,"rmax24":0.2}},{"type":"Feature","geometry":{"type":"Polygon","coordinates":[[[151.0,-28.5],[151.25,-28.5],[151.25,-28.25],[151.0,-28.25],[151.0,-28.5]]]},"properties":{"cell":"604_-114","r7":0.2,"r14":11.8,"rmax24":0.2}},{"type":"Feature","geometry":{"type":"Polygon","coordinates":[[[151.0,-26.25],[151.25,-26.25],[151.25,-26.0],[151.0,-26.0],[151.0,-26.25]]]},"properties":{"cell":"604_-105","r7":4.9,"r14":9.1,"rmax24":3.6}},{"type":"Feature","geometry":{"type":"Polygon","coordinates":[[[151.0,-26.0],[151.25,-26.0],[151.25,-25.75],[151.0,-25.75],[151.0,-26.0]]]},"properties":{"cell":"604_-104","r7":6.3,"r14":10.2,"rmax24":3.5}},{"type":"Feature","geometry":{"type":"Polygon","coordinates":[[[151.0,-25.75],[151.25,-25.75],[151.25,-25.5],[151.0,-25.5],[151.0,-25.75]]]},"properties":{"cell":"604_-103","r7":5.8,"r14":8.9,"rmax24":3.2}},{"type":"Feature","geometry":{"type":"Polygon","coordinates":[[[151.0,-25.5],[151.25,-25.5],[151.25,-25.25],[151.0,-25.25],[151.0,-25.5]]]},"properties":{"cell":"604_-102","r7":6.1,"r14":13.0,"rmax24":2.7}},{"type":"Feature","geometry":{"type":"Polygon","coordinates":[[[151.0,-25.25],[151.25,-25.25],[151.25,-25.0],[151.0,-25.0],[151.0,-25.25]]]},"properties":{"cell":"604_-101","r7":5.8,"r14":8.4,"rmax24":2.7}},{"type":"Feature","geometry":{"type":"Polygon","coordinates":[[[151.0,-25.0],[151.25,-25.0],[151.25,-24.75],[151.0,-24.75],[151.0,-25.0]]]},"properties":{"cell":"604_-100","r7":7.2,"r14":9.4,"rmax24":3.1}},{"type":"Feature","geometry":{"type":"Polygon","coordinates":[[[151.0,-24.75],[151.25,-24.75],[151.25,-24.5],[151.0,-24.5],[151.0,-24.75]]]},"properties":{"cell":"604_-99","r7":6.9,"r14":10.2,"rmax24":2.2}},{"type":"Feature","geometry":{"type":"Polygon","coordinates":[[[151.0,-24.5],[151.25,-24.5],[151.25,-24.25],[151.0,-24.25],[151.0,-24.5]]]},"properties":{"cell":"604_-98","r7":5.1,"r14":8.7,"rmax24":1.9}},{"type":"Feature","geometry":{"type":"Polygon","coordinates":[[[151.0,-24.25],[151.25,-24.25],[151.25,-24.0],[151.0,-24.0],[151.0,-24.25]]]},"properties":{"cell":"604_-97","r7":4.0,"r14":5.6,"rmax24":1.8}},{"type":"Feature","geometry":{"type":"Polygon","coordinates":[[[151.25,-32.25],[151.5,-32.25],[151.5,-32.0],[151.25,-32.0],[151.25,-32.25]]]},"properties":{"cell":"605_-129","r7":11.0,"r14":23.6,"rmax24":3.4}},{"type":"Feature","geometry":{"type":"Polygon","coordinates":[[[151.25,-32.0],[151.5,-32.0],[151.5,-31.75],[151.25,-31.75],[151.25,-32.0]]]},"properties":{"cell":"605_-128","r7":3.3,"r14":29.2,"rmax24":1.6}},{"type":"Feature","geometry":{"type":"Polygon","coordinates":[[[151.25,-31.75],[151.5,-31.75],[151.5,-31.5],[151.25,-31.5],[151.25,-31.75]]]},"properties":{"cell":"605_-127","r7":3.2,"r14":24.4,"rmax24":2.0}},{"type":"Feature","geometry":{"type":"Polygon","coordinates":[[[151.25,-31.5],[151.5,-31.5],[151.5,-31.25],[151.25,-31.25],[151.25,-31.5]]]},"properties":{"cell":"605_-126","r7":1.0,"r14":39.2,"rmax24":0.4}},{"type":"Feature","geometry":{"type":"Polygon","coordinates":[[[151.25,-31.25],[151.5,-31.25],[151.5,-31.0],[151.25,-31.0],[151.25,-31.25]]]},"properties":{"cell":"605_-125","r7":2.5,"r14":23.6,"rmax24":1.0}},{"type":"Feature","geometry":{"type":"Polygon","coordinates":[[[151.25,-31.0],[151.5,-31.0],[151.5,-30.75],[151.25,-30.75],[151.25,-31.0]]]},"properties":{"cell":"605_-124","r7":1.5,"r14":19.4,"rmax24":1.0}},{"type":"Feature","geometry":{"type":"Polygon","coordinates":[[[151.25,-30.75],[151.5,-30.75],[151.5,-30.5],[151.25,-30.5],[151.25,-30.75]]]},"properties":{"cell":"605_-123","r7":1.1,"r14":25.8,"rmax24":0.4}},{"type":"Feature","geometry":{"type":"Polygon","coordinates":[[[151.25,-30.5],[151.5,-30.5],[151.5,-30.25],[151.25,-30.25],[151.25,-30.5]]]},"properties":{"cell":"605_-122","r7":0.9,"r14":22.2,"rmax24":0.6}},{"type":"Feature","geometry":{"type":"Polygon","coordinates":[[[151.25,-29.75],[151.5,-29.75],[151.5,-29.5],[151.25,-29.5],[151.25,-29.75]]]},"properties":{"cell":"605_-119","r7":0.4,"r14":16.3,"rmax24":0.4}},{"type":"Feature","geometry":{"type":"Polygon","coordinates":[[[151.25,-29.5],[151.5,-29.5],[151.5,-29.25],[151.25,-29.25],[151.25,-29.5]]]},"properties":{"cell":"605_-118","r7":0.0,"r14":16.1,"rmax24":0.0}},{"type":"Feature","geometry":{"type":"Polygon","coordinates":[[[151.25,-29.25],[151.5,-29.25],[151.5,-29.0],[151.25,-29.0],[151.25,-29.25]]]},"properties":{"cell":"605_-117","r7":0.4,"r14":19.0,"rmax24":0.4}},{"type":"Feature","geometry":{"type":"Polygon","coordinates":[[[151.25,-29.0],[151.5,-29.0],[151.5,-28.75],[151.25,-28.75],[151.25,-29.0]]]},"properties":{"cell":"605_-116","r7":0.2,"r14":12.6,"rmax24":0.2}},{"type":"Feature","geometry":{"type":"Polygon","coordinates":[[[151.25,-28.75],[151.5,-28.75],[151.5,-28.5],[151.25,-28.5],[151.25,-28.75]]]},"properties":{"cell":"605_-115","r7":0.3,"r14":12.8,"rmax24":0.3}},{"type":"Feature","geometry":{"type":"Polygon","coordinates":[[[151.25,-28.5],[151.5,-28.5],[151.5,-28.25],[151.25,-28.25],[151.25,-28.5]]]},"properties":{"cell":"605_-114","r7":0.2,"r14":19.2,"rmax24":0.2}},{"type":"Feature","geometry":{"type":"Polygon","coordinates":[[[151.25,-25.75],[151.5,-25.75],[151.5,-25.5],[151.25,-25.5],[151.25,-25.75]]]},"properties":{"cell":"605_-103","r7":4.8,"r14":8.4,"rmax24":3.5}},{"type":"Feature","geometry":{"type":"Polygon","coordinates":[[[151.25,-25.5],[151.5,-25.5],[151.5,-25.25],[151.25,-25.25],[151.25,-25.5]]]},"properties":{"cell":"605_-102","r7":7.3,"r14":12.5,"rmax24":3.6}},{"type":"Feature","geometry":{"type":"Polygon","coordinates":[[[151.25,-25.25],[151.5,-25.25],[151.5,-25.0],[151.25,-25.0],[151.25,-25.25]]]},"properties":{"cell":"605_-101","r7":6.7,"r14":9.2,"rmax24":2.6}},{"type":"Feature","geometry":{"type":"Polygon","coordinates":[[[151.25,-25.0],[151.5,-25.0],[151.5,-24.75],[151.25,-24.75],[151.25,-25.0]]]},"properties":{"cell":"605_-100","r7":6.2,"r14":8.9,"rmax24":1.7}},{"type":"Feature","geometry":{"type":"Polygon","coordinates":[[[151.25,-24.75],[151.5,-24.75],[151.5,-24.5],[151.25,-24.5],[151.25,-24.75]]]},"properties":{"cell":"605_-99","r7":6.4,"r14":7.7,"rmax24":2.2}},{"type":"Feature","geometry":{"type":"Polygon","coordinates":[[[151.25,-24.5],[151.5,-24.5],[151.5,-24.25],[151.25,-24.25],[151.25,-24.5]]]},"properties":{"cell":"605_-98","r7":6.6,"r14":9.8,"rmax24":2.9}},{"type":"Feature","geometry":{"type":"Polygon","coordinates":[[[151.25,-24.25],[151.5,-24.25],[151.5,-24.0],[151.25,-24.0],[151.25,-24.25]]]},"properties":{"cell":"605_-97","r7":4.1,"r14":11.9,"rmax24":2.0}},{"type":"Feature","geometry":{"type":"Polygon","coordinates":[[[151.5,-32.5],[151.75,-32.5],[151.75,-32.25],[151.5,-32.25],[151.5,-32.5]]]},"properties":{"cell":"606_-130","r7":10.1,"r14":19.1,"rmax24":4.8}},{"type":"Feature","geometry":{"type":"Polygon","coordinates":[[[151.5,-32.25],[151.75,-32.25],[151.75,-32.0],[151.5,-32.0],[151.5,-32.25]]]},"properties":{"cell":"606_-129","r7":19.4,"r14":28.5,"rmax24":7.1}},{"type":"Feature","geometry":{"type":"Polygon","coordinates":[[[151.5,-32.0],[151.75,-32.0],[151.75,-31.75],[151.5,-31.75],[151.5,-32.0]]]},"properties":{"cell":"606_-128","r7":15.2,"r14":30.7,"rmax24":8.8}},{"type":"Feature","geometry":{"type":"Polygon","coordinates":[[[151.5,-31.75],[151.75,-31.75],[151.75,-31.5],[151.5,-31.5],[151.5,-31.75]]]},"properties":{"cell":"606_-127","r7":11.5,"r14":27.2,"rmax24":5.2}},{"type":"Feature","geometry":{"type":"Polygon","coordinates":[[[151.5,-31.0],[151.75,-31.0],[151.75,-30.75],[151.5,-30.75],[151.5,-31.0]]]},"properties":{"cell":"606_-124","r7":3.5,"r14":19.8,"rmax24":1.8}},{"type":"Feature","geometry":{"type":"Polygon","coordinates":[[[151.5,-30.75],[151.75,-30.75],[151.75,-30.5],[151.5,-30.5],[151.5,-30.75]]]},"properties":{"cell":"606_-123","r7":1.0,"r14":22.9,"rmax24":0.7}},{"type":"Feature","geometry":{"type":"Polygon","coordinates":[[[151.5,-30.5],[151.75,-30.5],[151.75,-30.25],[151.5,-30.25],[151.5,-30.5]]]},"properties":{"cell":"606_-122","r7":3.7,"r14":24.4,"rmax24":2.2}},{"type":"Feature","geometry":{"type":"Polygon","coordinates":[[[151.5,-30.25],[151.75,-30.25],[151.75,-30.0],[151.5,-30.0],[151.5,-30.25]]]},"properties":{"cell":"606_-121","r7":1.0,"r14":22.3,"rmax24":0.8}},{"type":"Feature","geometry":{"type":"Polygon","coordinates":[[[151.5,-29.75],[151.75,-29.75],[151.75,-29.5],[151.5,-29.5],[151.5,-29.75]]]},"properties":{"cell":"606_-119","r7":0.1,"r14":22.6,"rmax24":0.1}},{"type":"Feature","geometry":{"type":"Polygon","coordinates":[[[151.5,-29.5],[151.75,-29.5],[151.75,-29.25],[151.5,-29.25],[151.5,-29.5]]]},"properties":{"cell":"606_-118","r7":0.3,"r14":19.8,"rmax24":0.3}},{"type":"Feature","geometry":{"type":"Polygon","coordinates":[[[151.5,-29.25],[151.75,-29.25],[151.75,-29.0],[151.5,-29.0],[151.5,-29.25]]]},"properties":{"cell":"606_-117","r7":0.7,"r14":19.6,"rmax24":0.5}},{"type":"Feature","geometry":{"type":"Polygon","coordinates":[[[151.5,-29.0],[151.75,-29.0],[151.75,-28.75],[151.5,-28.75],[151.5,-29.0]]]},"properties":{"cell":"606_-116","r7":0.3,"r14":12.3,"rmax24":0.3}},{"type":"Feature","geometry":{"type":"Polygon","coordinates":[[[151.5,-28.75],[151.75,-28.75],[151.75,-28.5],[151.5,-28.5],[151.5,-28.75]]]},"properties":{"cell":"606_-115","r7":0.4,"r14":23.8,"rmax24":0.2}},{"type":"Feature","geometry":{"type":"Polygon","coordinates":[[[151.5,-28.5],[151.75,-28.5],[151.75,-28.25],[151.5,-28.25],[151.5,-28.5]]]},"properties":{"cell":"606_-114","r7":0.2,"r14":14.8,"rmax24":0.2}},{"type":"Feature","geometry":{"type":"Polygon","coordinates":[[[151.5,-28.25],[151.75,-28.25],[151.75,-28.0],[151.5,-28.0],[151.5,-28.25]]]},"properties":{"cell":"606_-113","r7":0.1,"r14":12.1,"rmax24":0.1}},{"type":"Feature","geometry":{"type":"Polygon","coordinates":[[[151.5,-28.0],[151.75,-28.0],[151.75,-27.75],[151.5,-27.75],[151.5,-28.0]]]},"properties":{"cell":"606_-112","r7":0.1,"r14":7.7,"rmax24":0.1}},{"type":"Feature","geometry":{"type":"Polygon","coordinates":[[[151.5,-26.25],[151.75,-26.25],[151.75,-26.0],[151.5,-26.0],[151.5,-26.25]]]},"properties":{"cell":"606_-105","r7":8.9,"r14":12.6,"rmax24":6.5}},{"type":"Feature","geometry":{"type":"Polygon","coordinates":[[[151.5,-26.0],[151.75,-26.0],[151.75,-25.75],[151.5,-25.75],[151.5,-26.0]]]},"properties":{"cell":"606_-104","r7":7.3,"r14":12.6,"rmax24":5.9}},{"type":"Feature","geometry":{"type":"Polygon","coordinates":[[[151.5,-25.75],[151.75,-25.75],[151.75,-25.5],[151.5,-25.5],[151.5,-25.75]]]},"properties":{"cell":"606_-103","r7":9.5,"r14":15.5,"rmax24":8.1}},{"type":"Feature","geometry":{"type":"Polygon","coordinates":[[[151.5,-25.5],[151.75,-25.5],[151.75,-25.25],[151.5,-25.25],[151.5,-25.5]]]},"properties":{"cell":"606_-102","r7":7.5,"r14":11.4,"rmax24":4.7}},{"type":"Feature","geometry":{"type":"Polygon","coordinates":[[[151.5,-25.25],[151.75,-25.25],[151.75,-25.0],[151.5,-25.0],[151.5,-25.25]]]},"properties":{"cell":"606_-101","r7":7.1,"r14":9.4,"rmax24":2.5}},{"type":"Feature","geometry":{"type":"Polygon","coordinates":[[[151.5,-25.0],[151.75,-25.0],[151.75,-24.75],[151.5,-24.75],[151.5,-25.0]]]},"properties":{"cell":"606_-100","r7":6.4,"r14":9.0,"rmax24":2.0}},{"type":"Feature","geometry":{"type":"Polygon","coordinates":[[[151.5,-24.75],[151.75,-24.75],[151.75,-24.5],[151.5,-24.5],[151.5,-24.75]]]},"properties":{"cell":"606_-99","r7":10.1,"r14":12.1,"rmax24":3.7}},{"type":"Feature","geometry":{"type":"Polygon","coordinates":[[[151.5,-24.5],[151.75,-24.5],[151.75,-24.25],[151.5,-24.25],[151.5,-24.5]]]},"properties":{"cell":"606_-98","r7":7.1,"r14":11.7,"rmax24":3.1}},{"type":"Feature","geometry":{"type":"Polygon","coordinates":[[[151.5,-24.25],[151.75,-24.25],[151.75,-24.0],[151.5,-24.0],[151.5,-24.25]]]},"properties":{"cell":"606_-97","r7":3.0,"r14":11.5,"rmax24":1.6}},{"type":"Feature","geometry":{"type":"Polygon","coordinates":[[[151.75,-32.5],[152.0,-32.5],[152.0,-32.25],[151.75,-32.25],[151.75,-32.5]]]},"properties":{"cell":"607_-130","r7":10.1,"r14":18.8,"rmax24":6.3}},{"type":"Feature","geometry":{"type":"Polygon","coordinates":[[[151.75,-32.25],[152.0,-32.25],[152.0,-32.0],[151.75,-32.0],[151.75,-32.25]]]},"properties":{"cell":"607_-129","r7":11.6,"r14":16.5,"rmax24":5.1}},{"type":"Feature","geometry":{"type":"Polygon","coordinates":[[[151.75,-32.0],[152.0,-32.0],[152.0,-31.75],[151.75,-31.75],[151.75,-32.0]]]},"properties":{"cell":"607_-128","r7":16.6,"r14":24.2,"rmax24":8.8}},{"type":"Feature","geometry":{"type":"Polygon","coordinates":[[[151.75,-31.0],[152.0,-31.0],[152.0,-30.75],[151.75,-30.75],[151.75,-31.0]]]},"properties":{"cell":"607_-124","r7":7.5,"r14":18.5,"rmax24":2.8}},{"type":"Feature","geometry":{"type":"Polygon","coordinates":[[[151.75,-30.75],[152.0,-30.75],[152.0,-30.5],[151.75,-30.5],[151.75,-30.75]]]},"properties":{"cell":"607_-123","r7":9.0,"r14":21.8,"rmax24":3.7}},{"type":"Feature","geometry":{"type":"Polygon","coordinates":[[[151.75,-30.5],[152.0,-30.5],[152.0,-30.25],[151.75,-30.25],[151.75,-30.5]]]},"properties":{"cell":"607_-122","r7":7.0,"r14":19.7,"rmax24":4.3}},{"type":"Feature","geometry":{"type":"Polygon","coordinates":[[[151.75,-30.25],[152.0,-30.25],[152.0,-30.0],[151.75,-30.0],[151.75,-30.25]]]},"properties":{"cell":"607_-121","r7":4.6,"r14":20.2,"rmax24":2.9}},{"type":"Feature","geometry":{"type":"Polygon","coordinates":[[[151.75,-29.5],[152.0,-29.5],[152.0,-29.25],[151.75,-29.25],[151.75,-29.5]]]},"properties":{"cell":"607_-118","r7":1.2,"r14":19.4,"rmax24":0.8}},{"type":"Feature","geometry":{"type":"Polygon","coordinates":[[[151.75,-29.25],[152.0,-29.25],[152.0,-29.0],[151.75,-29.0],[151.75,-29.25]]]},"properties":{"cell":"607_-117","r7":1.0,"r14":14.9,"rmax24":0.5}},{"type":"Feature","geometry":{"type":"Polygon","coordinates":[[[151.75,-29.0],[152.0,-29.0],[152.0,-28.75],[151.75,-28.75],[151.75,-29.0]]]},"properties":{"cell":"607_-116","r7":0.9,"r14":13.2,"rmax24":0.6}},{"type":"Feature","geometry":{"type":"Polygon","coordinates":[[[151.75,-28.5],[152.0,-28.5],[152.0,-28.25],[151.75,-28.25],[151.75,-28.5]]]},"properties":{"cell":"607_-114","r7":0.1,"r14":14.5,"rmax24":0.1}},{"type":"Feature","geometry":{"type":"Polygon","coordinates":[[[151.75,-28.25],[152.0,-28.25],[152.0,-28.0],[151.75,-28.0],[151.75,-28.25]]]},"properties":{"cell":"607_-113","r7":0.0,"r14":8.3,"rmax24":0.0}},{"type":"Feature","geometry":{"type":"Polygon","coordinates":[[[151.75,-28.0],[152.0,-28.0],[152.0,-27.75],[151.75,-27.75],[151.75,-28.0]]]},"properties":{"cell":"607_-112","r7":0.5,"r14":7.6,"rmax24":0.5}},{"type":"Feature","geometry":{"type":"Polygon","coordinates":[[[151.75,-26.5],[152.0,-26.5],[152.0,-26.25],[151.75,-26.25],[151.75,-26.5]]]},"properties":{"cell":"607_-106","r7":4.4,"r14":8.0,"rmax24":3.0}},{"type":"Feature","geometry":{"type":"Polygon","coordinates":[[[151.75,-26.25],[152.0,-26.25],[152.0,-26.0],[151.75,-26.0],[151.75,-26.25]]]},"properties":{"cell":"607_-105","r7":11.9,"r14":18.3,"rmax24":10.6}},{"type":"Feature","geometry":{"type":"Polygon","coordinates":[[[151.75,-26.0],[152.0,-26.0],[152.0,-25.75],[151.75,-25.75],[151.75,-26.0]]]},"properties":{"cell":"607_-104","r7":8.4,"r14":15.3,"rmax24":7.0}},{"type":"Feature","geometry":{"type":"Polygon","coordinates":[[[151.75,-25.75],[152.0,-25.75],[152.0,-25.5],[151.75,-25.5],[151.75,-25.75]]]},"properties":{"cell":"607_-103","r7":10.1,"r14":20.5,"rmax24":6.1}},{"type":"Feature","geometry":{"type":"Polygon","coordinates":[[[151.75,-25.5],[152.0,-25.5],[152.0,-25.25],[151.75,-25.25],[151.75,-25.5]]]},"properties":{"cell":"607_-102","r7":8.4,"r14":11.8,"rmax24":6.0}},{"type":"Feature","geometry":{"type":"Polygon","coordinates":[[[151.75,-25.25],[152.0,-25.25],[152.0,-25.0],[151.75,-25.0],[151.75,-25.25]]]},"properties":{"cell":"607_-101","r7":5.8,"r14":7.5,"rmax24":2.1}},{"type":"Feature","geometry":{"type":"Polygon","coordinates":[[[151.75,-25.0],[152.0,-25.0],[152.0,-24.75],[151.75,-24.75],[151.75,-25.0]]]},"properties":{"cell":"607_-100","r7":9.0,"r14":11.3,"rmax24":2.9}},{"type":"Feature","geometry":{"type":"Polygon","coordinates":[[[152.0,-32.5],[152.25,-32.5],[152.25,-32.25],[152.0,-32.25],[152.0,-32.5]]]},"properties":{"cell":"608_-130","r7":10.3,"r14":18.5,"rmax24":3.3}},{"type":"Feature","geometry":{"type":"Polygon","coordinates":[[[152.0,-32.25],[152.25,-32.25],[152.25,-32.0],[152.0,-32.0],[152.0,-32.25]]]},"properties":{"cell":"608_-129","r7":10.6,"r14":17.1,"rmax24":4.9}},{"type":"Feature","geometry":{"type":"Polygon","coordinates":[[[152.0,-32.0],[152.25,-32.0],[152.25,-31.75],[152.0,-31.75],[152.0,-32.0]]]},"properties":{"cell":"608_-128","r7":13.5,"r14":17.9,"rmax24":6.1}},{"type":"Feature","geometry":{"type":"Polygon","coordinates":[[[152.0,-31.0],[152.25,-31.0],[152.25,-30.75],[152.0,-30.75],[152.0,-31.0]]]},"properties":{"cell":"608_-124","r7":13.2,"r14":20.3,"rmax24":4.8}},{"type":"Feature","geometry":{"type":"Polygon","coordinates":[[[152.0,-30.75],[152.25,-30.75],[152.25,-30.5],[152.0,-30.5],[152.0,-30.75]]]},"properties":{"cell":"608_-123","r7":13.8,"r14":20.3,"rmax24":5.8}},{"type":"Feature","geometry":{"type":"Polygon","coordinates":[[[152.0,-30.5],[152.25,-30.5],[152.25,-30.25],[152.0,-30.25],[152.0,-30.5]]]},"properties":{"cell":"608_-122","r7":2.9,"r14":11.2,"rmax24":2.0}},{"type":"Feature","geometry":{"type":"Polygon","coordinates":[[[152.0,-30.25],[152.25,-30.25],[152.25,-30.0],[152.0,-30.0],[152.0,-30.25]]]},"properties":{"cell":"608_-121","r7":8.3,"r14":17.3,"rmax24":2.5}},{"type":"Feature","geometry":{"type":"Polygon","coordinates":[[[152.0,-30.0],[152.25,-30.0],[152.25,-29.75],[152.0,-29.75],[152.0,-30.0]]]},"properties":{"cell":"608_-120","r7":11.0,"r14":22.4,"rmax24":4.0}},{"type":"Feature","geometry":{"type":"Polygon","coordinates":[[[152.0,-29.75],[152.25,-29.75],[152.25,-29.5],[152.0,-29.5],[152.0,-29.75]]]},"properties":{"cell":"608_-119","r7":12.6,"r14":28.7,"rmax24":5.3}},{"type":"Feature","geometry":{"type":"Polygon","coordinates":[[[152.0,-29.5],[152.25,-29.5],[152.25,-29.25],[152.0,-29.25],[152.0,-29.5]]]},"properties":{"cell":"608_-118","r7":10.0,"r14":19.5,"rmax24":5.1}},{"type":"Feature","geometry":{"type":"Polygon","coordinates":[[[152.0,-29.25],[152.25,-29.25],[152.25,-29.0],[152.0,-29.0],[152.0,-29.25]]]},"properties":{"cell":"608_-117","r7":3.6,"r14":15.1,"rmax24":2.4}},{"type":"Feature","geometry":{"type":"Polygon","coordinates":[[[152.0,-29.0],[152.25,-29.0],[152.25,-28.75],[152.0,-28.75],[152.0,-29.0]]]},"properties":{"cell":"608_-116","r7":6.1,"r14":15.8,"rmax24":4.3}},{"type":"Feature","geometry":{"type":"Polygon","coordinates":[[[152.0,-28.75],[152.25,-28.75],[152.25,-28.5],[152.0,-28.5],[152.0,-28.75]]]},"properties":{"cell":"608_-115","r7":4.1,"r14":13.8,"rmax24":2.6}},{"type":"Feature","geometry":{"type":"Polygon","coordinates":[[[152.0,-28.5],[152.25,-28.5],[152.25,-28.25],[152.0,-28.25],[152.0,-28.5]]]},"properties":{"cell":"608_-114","r7":0.7,"r14":8.2,"rmax24":0.4}},{"type":"Feature","geometry":{"type":"Polygon","coordinates":[[[152.0,-28.25],[152.25,-28.25],[152.25,-28.0],[152.0,-28.0],[152.0,-28.25]]]},"properties":{"cell":"608_-113","r7":0.2,"r14":10.6,"rmax24":0.2}},{"type":"Feature","geometry":{"type":"Polygon","coordinates":[[[152.0,-28.0],[152.25,-28.0],[152.25,-27.75],[152.0,-27.75],[152.0,-28.0]]]},"properties":{"cell":"608_-112","r7":1.0,"r14":7.8,"rmax24":0.4}},{"type":"Feature","geometry":{"type":"Polygon","coordinates":[[[152.0,-26.75],[152.25,-26.75],[152.25,-26.5],[152.0,-26.5],[152.0,-26.75]]]},"properties":{"cell":"608_-107","r7":5.6,"r14":8.9,"rmax24":4.1}},{"type":"Feature","geometry":{"type":"Polygon","coordinates":[[[152.0,-26.5],[152.25,-26.5],[152.25,-26.25],[152.0,-26.25],[152.0,-26.5]]]},"properties":{"cell":"608_-106","r7":6.6,"r14":11.1,"rmax24":5.0}},{"type":"Feature","geometry":{"type":"Polygon","coordinates":[[[152.0,-26.25],[152.25,-26.25],[152.25,-26.0],[152.0,-26.0],[152.0,-26.25]]]},"properties":{"cell":"608_-105","r7":9.7,"r14":15.6,"rmax24":8.1}},{"type":"Feature","geometry":{"type":"Polygon","coordinates":[[[152.0,-26.0],[152.25,-26.0],[152.25,-25.75],[152.0,-25.75],[152.0,-26.0]]]},"properties":{"cell":"608_-104","r7":13.2,"r14":22.2,"rmax24":8.9}},{"type":"Feature","geometry":{"type":"Polygon","coordinates":[[[152.0,-25.75],[152.25,-25.75],[152.25,-25.5],[152.0,-25.5],[152.0,-25.75]]]},"properties":{"cell":"608_-103","r7":17.3,"r14":22.9,"rmax24":14.1}},{"type":"Feature","geometry":{"type":"Polygon","coordinates":[[[152.0,-25.5],[152.25,-25.5],[152.25,-25.25],[152.0,-25.25],[152.0,-25.5]]]},"properties":{"cell":"608_-102","r7":7.3,"r14":11.0,"rmax24":3.1}},{"type":"Feature","geometry":{"type":"Polygon","coordinates":[[[152.0,-25.25],[152.25,-25.25],[152.25,-25.0],[152.0,-25.0],[152.0,-25.25]]]},"properties":{"cell":"608_-101","r7":6.1,"r14":8.4,"rmax24":2.7}},{"type":"Feature","geometry":{"type":"Polygon","coordinates":[[[152.0,-25.0],[152.25,-25.0],[152.25,-24.75],[152.0,-24.75],[152.0,-25.0]]]},"properties":{"cell":"608_-100","r7":6.3,"r14":11.4,"rmax24":2.7}},{"type":"Feature","geometry":{"type":"Polygon","coordinates":[[[152.25,-30.5],[152.5,-30.5],[152.5,-30.25],[152.25,-30.25],[152.25,-30.5]]]},"properties":{"cell":"609_-122","r7":17.2,"r14":25.2,"rmax24":7.9}},{"type":"Feature","geometry":{"type":"Polygon","coordinates":[[[152.25,-30.25],[152.5,-30.25],[152.5,-30.0],[152.25,-30.0],[152.25,-30.25]]]},"properties":{"cell":"609_-121","r7":7.9,"r14":17.2,"rmax24":2.7}},{"type":"Feature","geometry":{"type":"Polygon","coordinates":[[[152.25,-30.0],[152.5,-30.0],[152.5,-29.75],[152.25,-29.75],[152.25,-30.0]]]},"properties":{"cell":"609_-120","r7":9.3,"r14":17.2,"rmax24":2.8}},{"type":"Feature","geometry":{"type":"Polygon","coordinates":[[[152.25,-29.75],[152.5,-29.75],[152.5,-29.5],[152.25,-29.5],[152.25,-29.75]]]},"properties":{"cell":"609_-119","r7":14.8,"r14":25.1,"rmax24":6.7}},{"type":"Feature","geometry":{"type":"Polygon","coordinates":[[[152.25,-29.5],[152.5,-29.5],[152.5,-29.25],[152.25,-29.25],[152.25,-29.5]]]},"properties":{"cell":"609_-118","r7":13.0,"r14":18.8,"rmax24":6.4}},{"type":"Feature","geometry":{"type":"Polygon","coordinates":[[[152.25,-29.25],[152.5,-29.25],[152.5,-29.0],[152.25,-29.0],[152.25,-29.25]]]},"properties":{"cell":"609_-117","r7":10.3,"r14":16.2,"rmax24":5.2}},{"type":"Feature","geometry":{"type":"Polygon","coordinates":[[[152.25,-29.0],[152.5,-29.0],[152.5,-28.75],[152.25,-28.75],[152.25,-29.0]]]},"properties":{"cell":"609_-116","r7":8.3,"r14":12.1,"rmax24":3.6}},{"type":"Feature","geometry":{"type":"Polygon","coordinates":[[[152.25,-28.75],[152.5,-28.75],[152.5,-28.5],[152.25,-28.5],[152.25,-28.75]]]},"properties":{"cell":"609_-115","r7":8.2,"r14":13.5,"rmax24":4.1}},{"type":"Feature","geometry":{"type":"Polygon","coordinates":[[[152.25,-27.0],[152.5,-27.0],[152.5,-26.75],[152.25,-26.75],[152.25,-27.0]]]},"properties":{"cell":"609_-108","r7":13.1,"r14":17.6,"rmax24":6.4}},{"type":"Feature","geometry":{"type":"Polygon","coordinates":[[[152.25,-26.75],[152.5,-26.75],[152.5,-26.5],[152.25,-26.5],[152.25,-26.75]]]},"properties":{"cell":"609_-107","r7":12.7,"r14":17.4,"rmax24":7.1}},{"type":"Feature","geometry":{"type":"Polygon","coordinates":[[[152.25,-26.5],[152.5,-26.5],[152.5,-26.25],[152.25,-26.25],[152.25,-26.5]]]},"properties":{"cell":"609_-106","r7":14.1,"r14":21.5,"rmax24":8.3}},{"type":"Feature","geometry":{"type":"Polygon","coordinates":[[[152.25,-26.25],[152.5,-26.25],[152.5,-26.0],[152.25,-26.0],[152.25,-26.25]]]},"properties":{"cell":"609_-105","r7":10.1,"r14":19.8,"rmax24":8.6}},{"type":"Feature","geometry":{"type":"Polygon","coordinates":[[[152.25,-26.0],[152.5,-26.0],[152.5,-25.75],[152.25,-25.75],[152.25,-26.0]]]},"properties":{"cell":"609_-104","r7":16.3,"r14":29.6,"rmax24":12.7}},{"type":"Feature","geometry":{"type":"Polygon","coordinates":[[[152.5,-30.5],[152.75,-30.5],[152.75,-30.25],[152.5,-30.25],[152.5,-30.5]]]},"properties":{"cell":"610_-122","r7":22.2,"r14":30.5,"rmax24":8.7}},{"type":"Feature","geometry":{"type":"Polygon","coordinates":[[[152.5,-30.25],[152.75,-30.25],[152.75,-30.0],[152.5,-30.0],[152.5,-30.25]]]},"properties":{"cell":"610_-121","r7":6.5,"r14":15.4,"rmax24":1.7}},{"type":"Feature","geometry":{"type":"Polygon","coordinates":[[[152.5,-30.0],[152.75,-30.0],[152.75,-29.75],[152.5,-29.75],[152.5,-30.0]]]},"properties":{"cell":"610_-120","r7":6.2,"r14":11.5,"rmax24":2.4}},{"type":"Feature","geometry":{"type":"Polygon","coordinates":[[[152.5,-29.75],[152.75,-29.75],[152.75,-29.5],[152.5,-29.5],[152.5,-29.75]]]},"properties":{"cell":"610_-119","r7":11.8,"r14":17.3,"rmax24":4.5}},{"type":"Feature","geometry":{"type":"Polygon","coordinates":[[[152.5,-29.5],[152.75,-29.5],[152.75,-29.25],[152.5,-29.25],[152.5,-29.5]]]},"properties":{"cell":"610_-118","r7":15.8,"r14":17.5,"rmax24":4.8}},{"type":"Feature","geometry":{"type":"Polygon","coordinates":[[[152.5,-29.25],[152.75,-29.25],[152.75,-29.0],[152.5,-29.0],[152.5,-29.25]]]},"properties":{"cell":"610_-117","r7":16.6,"r14":21.4,"rmax24":7.4}},{"type":"Feature","geometry":{"type":"Polygon","coordinates":[[[152.5,-29.0],[152.75,-29.0],[152.75,-28.75],[152.5,-28.75],[152.5,-29.0]]]},"properties":{"cell":"610_-116","r7":12.0,"r14":14.3,"rmax24":4.9}},{"type":"Feature","geometry":{"type":"Polygon","coordinates":[[[152.5,-28.75],[152.75,-28.75],[152.75,-28.5],[152.5,-28.5],[152.5,-28.75]]]},"properties":{"cell":"610_-115","r7":11.8,"r14":14.8,"rmax24":5.9}},{"type":"Feature","geometry":{"type":"Polygon","coordinates":[[[152.5,-27.0],[152.75,-27.0],[152.75,-26.75],[152.5,-26.75],[152.5,-27.0]]]},"properties":{"cell":"610_-108","r7":16.2,"r14":22.0,"rmax24":7.0}},{"type":"Feature","geometry":{"type":"Polygon","coordinates":[[[152.5,-26.75],[152.75,-26.75],[152.75,-26.5],[152.5,-26.5],[152.5,-26.75]]]},"properties":{"cell":"610_-107","r7":11.0,"r14":21.4,"rmax24":6.5}},{"type":"Feature","geometry":{"type":"Polygon","coordinates":[[[152.5,-26.5],[152.75,-26.5],[152.75,-26.25],[152.5,-26.25],[152.5,-26.5]]]},"properties":{"cell":"610_-106","r7":15.6,"r14":22.6,"rmax24":11.8}},{"type":"Feature","geometry":{"type":"Polygon","coordinates":[[[152.5,-26.25],[152.75,-26.25],[152.75,-26.0],[152.5,-26.0],[152.5,-26.25]]]},"properties":{"cell":"610_-105","r7":13.2,"r14":20.4,"rmax24":10.0}},{"type":"Feature","geometry":{"type":"Polygon","coordinates":[[[152.5,-26.0],[152.75,-26.0],[152.75,-25.75],[152.5,-25.75],[152.5,-26.0]]]},"properties":{"cell":"610_-104","r7":15.4,"r14":24.1,"rmax24":10.9}},{"type":"Feature","geometry":{"type":"Polygon","coordinates":[[[152.75,-31.0],[153.0,-31.0],[153.0,-30.75],[152.75,-30.75],[152.75,-31.0]]]},"properties":{"cell":"611_-124","r7":22.8,"r14":32.6,"rmax24":11.8}},{"type":"Feature","geometry":{"type":"Polygon","coordinates":[[[152.75,-30.75],[153.0,-30.75],[153.0,-30.5],[152.75,-30.5],[152.75,-30.75]]]},"properties":{"cell":"611_-123","r7":22.0,"r14":34.3,"rmax24":10.1}},{"type":"Feature","geometry":{"type":"Polygon","coordinates":[[[152.75,-30.5],[153.0,-30.5],[153.0,-30.25],[152.75,-30.25],[152.75,-30.5]]]},"properties":{"cell":"611_-122","r7":23.3,"r14":29.3,"rmax24":10.2}},{"type":"Feature","geometry":{"type":"Polygon","coordinates":[[[152.75,-30.25],[153.0,-30.25],[153.0,-30.0],[152.75,-30.0],[152.75,-30.25]]]},"properties":{"cell":"611_-121","r7":7.7,"r14":13.3,"rmax24":3.0}},{"type":"Feature","geometry":{"type":"Polygon","coordinates":[[[152.75,-30.0],[153.0,-30.0],[153.0,-29.75],[152.75,-29.75],[152.75,-30.0]]]},"properties":{"cell":"611_-120","r7":6.1,"r14":11.1,"rmax24":3.1}},{"type":"Feature","geometry":{"type":"Polygon","coordinates":[[[152.75,-28.0],[153.0,-28.0],[153.0,-27.75],[152.75,-27.75],[152.75,-28.0]]]},"properties":{"cell":"611_-112","r7":3.1,"r14":8.8,"rmax24":1.4}},{"type":"Feature","geometry":{"type":"Polygon","coordinates":[[[152.75,-27.75],[153.0,-27.75],[153.0,-27.5],[152.75,-27.5],[152.75,-27.75]]]},"properties":{"cell":"611_-111","r7":5.4,"r14":11.1,"rmax24":2.0}},{"type":"Feature","geometry":{"type":"Polygon","coordinates":[[[152.75,-27.5],[153.0,-27.5],[153.0,-27.25],[152.75,-27.25],[152.75,-27.5]]]},"properties":{"cell":"611_-110","r7":8.4,"r14":14.9,"rmax24":2.5}},{"type":"Feature","geometry":{"type":"Polygon","coordinates":[[[152.75,-27.0],[153.0,-27.0],[153.0,-26.75],[152.75,-26.75],[152.75,-27.0]]]},"properties":{"cell":"611_-108","r7":20.1,"r14":25.7,"rmax24":11.9}},{"type":"Feature","geometry":{"type":"Polygon","coordinates":[[[152.75,-26.75],[153.0,-26.75],[153.0,-26.5],[152.75,-26.5],[152.75,-26.75]]]},"properties":{"cell":"611_-107","r7":24.6,"r14":32.5,"rmax24":15.2}},{"type":"Feature","geometry":{"type":"Polygon","coordinates":[[[152.75,-26.5],[153.0,-26.5],[153.0,-26.25],[152.75,-26.25],[152.75,-26.5]]]},"properties":{"cell":"611_-106","r7":23.1,"r14":30.9,"rmax24":14.1}},{"type":"Feature","geometry":{"type":"Polygon","coordinates":[[[152.75,-26.25],[153.0,-26.25],[153.0,-26.0],[152.75,-26.0],[152.75,-26.25]]]},"properties":{"cell":"611_-105","r7":30.4,"r14":41.0,"rmax24":17.6}},{"type":"Feature","geometry":{"type":"Polygon","coordinates":[[[152.75,-26.0],[153.0,-26.0],[153.0,-25.75],[152.75,-25.75],[152.75,-26.0]]]},"properties":{"cell":"611_-104","r7":25.6,"r14":33.4,"rmax24":16.7}},{"type":"Feature","geometry":{"type":"Polygon","coordinates":[[[153.0,-31.0],[153.25,-31.0],[153.25,-30.75],[153.0,-30.75],[153.0,-31.0]]]},"properties":{"cell":"612_-124","r7":23.9,"r14":30.3,"rmax24":10.8}},{"type":"Feature","geometry":{"type":"Polygon","coordinates":[[[153.0,-30.75],[153.25,-30.75],[153.25,-30.5],[153.0,-30.5],[153.0,-30.75]]]},"properties":{"cell":"612_-123","r7":28.2,"r14":39.8,"rmax24":15.8}},{"type":"Feature","geometry":{"type":"Polygon","coordinates":[[[153.0,-30.5],[153.25,-30.5],[153.25,-30.25],[153.0,-30.25],[153.0,-30.5]]]},"properties":{"cell":"612_-122","r7":24.6,"r14":30.0,"rmax24":9.6}},{"type":"Feature","geometry":{"type":"Polygon","coordinates":[[[153.0,-30.25],[153.25,-30.25],[153.25,-30.0],[153.0,-30.0],[153.0,-30.25]]]},"properties":{"cell":"612_-121","r7":16.3,"r14":21.5,"rmax24":8.6}},{"type":"Feature","geometry":{"type":"Polygon","coordinates":[[[153.0,-30.0],[153.25,-30.0],[153.25,-29.75],[153.0,-29.75],[153.0,-30.0]]]},"properties":{"cell":"612_-120","r7":10.4,"r14":15.1,"rmax24":6.3}},{"type":"Feature","geometry":{"type":"Polygon","coordinates":[[[153.0,-28.0],[153.25,-28.0],[153.25,-27.75],[153.0,-27.75],[153.0,-28.0]]]},"properties":{"cell":"612_-112","r7":3.6,"r14":10.0,"rmax24":1.2}},{"type":"Feature","geometry":{"type":"Polygon","coordinates":[[[153.0,-27.75],[153.25,-27.75],[153.25,-27.5],[153.0,-27.5],[153.0,-27.75]]]},"properties":{"cell":"612_-111","r7":6.3,"r14":11.6,"rmax24":3.2}},{"type":"Feature","geometry":{"type":"Polygon","coordinates":[[[153.0,-27.5],[153.25,-27.5],[153.25,-27.25],[153.0,-27.25],[153.0,-27.5]]]},"properties":{"cell":"612_-110","r7":5.4,"r14":11.4,"rmax24":1.5}},{"type":"Feature","geometry":{"type":"Polygon","coordinates":[[[153.0,-27.0],[153.25,-27.0],[153.25,-26.75],[153.0,-26.75],[153.0,-27.0]]]},"properties":{"cell":"612_-108","r7":41.6,"r14":49.3,"rmax24":16.2}},{"type":"Feature","geometry":{"type":"Polygon","coordinates":[[[153.0,-26.75],[153.25,-26.75],[153.25,-26.5],[153.0,-26.5],[153.0,-26.75]]]},"properties":{"cell":"612_-107","r7":43.1,"r14":52.8,"rmax24":19.8}},{"type":"Feature","geometry":{"type":"Polygon","coordinates":[[[153.0,-26.5],[153.25,-26.5],[153.25,-26.25],[153.0,-26.25],[153.0,-26.5]]]},"properties":{"cell":"612_-106","r7":51.7,"r14":66.0,"rmax24":29.0}},{"type":"Feature","geometry":{"type":"Polygon","coordinates":[[[153.25,-31.0],[153.5,-31.0],[153.5,-30.75],[153.25,-30.75],[153.25,-31.0]]]},"properties":{"cell":"613_-124","r7":20.0,"r14":28.4,"rmax24":5.2}},{"type":"Feature","geometry":{"type":"Polygon","coordinates":[[[153.25,-30.75],[153.5,-30.75],[153.5,-30.5],[153.25,-30.5],[153.25,-30.75]]]},"properties":{"cell":"613_-123","r7":19.9,"r14":33.8,"rmax24":5.4}},{"type":"Feature","geometry":{"type":"Polygon","coordinates":[[[153.25,-30.5],[153.5,-30.5],[153.5,-30.25],[153.25,-30.25],[153.25,-30.5]]]},"properties":{"cell":"613_-122","r7":22.4,"r14":33.2,"rmax24":5.6}},{"type":"Feature","geometry":{"type":"Polygon","coordinates":[[[153.25,-30.25],[153.5,-30.25],[153.5,-30.0],[153.25,-30.0],[153.25,-30.25]]]},"properties":{"cell":"613_-121","r7":22.6,"r14":26.9,"rmax24":7.3}},{"type":"Feature","geometry":{"type":"Polygon","coordinates":[[[153.25,-30.0],[153.5,-30.0],[153.5,-29.75],[153.25,-29.75],[153.25,-30.0]]]},"properties":{"cell":"613_-120","r7":14.8,"r14":20.9,"rmax24":6.6}},{"type":"Feature","geometry":{"type":"Polygon","coordinates":[[[153.25,-28.0],[153.5,-28.0],[153.5,-27.75],[153.25,-27.75],[153.25,-28.0]]]},"properties":{"cell":"613_-112","r7":8.2,"r14":13.5,"rmax24":2.8}},{"type":"Feature","geometry":{"type":"Polygon","coordinates":[[[153.25,-27.75],[153.5,-27.75],[153.5,-27.5],[153.25,-27.5],[153.25,-27.75]]]},"properties":{"cell":"613_-111","r7":19.5,"r14":24.4,"rmax24":6.0}},{"type":"Feature","geometry":{"type":"Polygon","coordinates":[[[153.25,-27.5],[153.5,-27.5],[153.5,-27.25],[153.25,-27.25],[153.25,-27.5]]]},"properties":{"cell":"613_-110","r7":11.0,"r14":19.7,"rmax24":4.0}}]}